StockCode,Description,TotalQuantity,TotalRevenue,TotalOrders,AvgUnitPrice
M,Manual,9634,339241.29,788,392.01890716803763
22423,REGENCY CAKESTAND 3 TIER,26478,330590.32,3918,14.190417721518987
DOT,DOTCOM POSTAGE,1415,309854.11,1415,218.9781696113074
85123A,WHITE HANGING HEART T-LIGHT HOLDER,94658,260990.22,5455,3.136718443135155
23843,"PAPER CRAFT , LITTLE BIRDIE",80995,168469.6,1,2.08
47566,PARTY BUNTING,28200,148318.28,2674,5.718177449168207
85099B,JUMBO BAG RED RETROSPOT,77699,148073.47,3269,2.384746376811594
84879,ASSORTED COLOUR BIRD ORNAMENT,80082,129324.49,2807,1.8590344101123595
POST,POSTAGE,5363,125682.42,1851,29.466515397082656
22086,PAPER CHAIN KIT 50'S CHRISTMAS,35084,117760.29,2018,3.3699274661508705
23166,MEDIUM CERAMIC TOP STORAGE JAR,78033,81700.92000000001,247,1.46848
79321,CHILLI LIGHTS,15841,80540.88,1135,6.290666082383875
84347,ROTATING SILVER ANGELS T-LIGHT HLDR,31409,71300.4,756,3.3425352112676054
85099F,JUMBO BAG STRAWBERRY,37061,69002.13,1855,2.331125333333333
23084,RABBIT NIGHT LIGHT,30739,66870.03,994,2.386401179941003
21137,BLACK RECORD COVER FRAME,18739,65189.29,634,4.146305031446541
21931,JUMBO STORAGE BAG SUKI,29182,61537.55,2329,2.533375850340136
21621,VINTAGE UNION JACK BUNTING,6900,60286.04,1292,9.307857689364958
15056N,EDWARDIAN PARASOL NATURAL,11459,60145.85,1149,7.393503460207613
22114,HOT WATER BOTTLE TEA AND SYMPATHY,11677,59189.14,1583,4.774289292423294
85099C,JUMBO  BAG BAROQUE BLACK WHITE,30657,59142.78,1878,2.4224566017885323
22910,PAPER CHAIN KIT VINTAGE CHRISTMAS,18634,58652.7,1427,3.300415224913495
22112,CHOCOLATE HOT WATER BOTTLE,11065,57981.94,1721,5.849994269340974
22411,JUMBO SHOPPER VINTAGE RED PAISLEY,27281,57318.71,2192,2.4509913988229965
82484,WOOD BLACK BOARD ANT WHITE FINISH,9831,56745.73,1176,7.810832625318607
22470,HEART OF WICKER LARGE,17773,53506.13,1952,3.2125426278836513
22178,VICTORIAN GLASS HANGING T-LIGHT,40081,52382.82,1816,1.5693047256925585
21733,RED HANGING HEART T-LIGHT HOLDER,17575,50346.49,1760,3.09675404350251
22386,JUMBO BAG PINK POLKADOT,25235,50081.96,1443,2.5595130315500687
22111,SCOTTIE DOG HOT WATER BOTTLE,9776,49771.94,1689,5.734759698899826
21929,JUMBO BAG PINK VINTAGE PAISLEY,25608,49651.99,1619,2.5029736358062538
22189,CREAM HEART CARD HOLDER,16186,49300.94,1299,4.4335582822085895
22469,HEART OF WICKER SMALL,27908,48935.11,2151,1.9215671981776765
15056BL,EDWARDIAN PARASOL BLACK,9620,48723.770000000004,944,6.826558577405859
21843,RED RETROSPOT CAKE STAND,4635,48564.29,1187,12.25677039529016
21731,RED TOADSTOOL LED NIGHT LIGHT,28910,48315.840000000004,1537,2.237496782496782
22457,NATURAL SLATE HEART CHALKBOARD,15373,47288.229999999996,2046,3.5118406993686255
21232,STRAWBERRY CERAMIC TRINKET BOX,36628,47169.35,2310,1.5199447278911564
82494L,WOODEN FRAME ANTIQUE WHITE,15679,46967.09,2059,3.4080162913272645
21754,HOME BUILDING BLOCK WORD,7595,46516.99,2066,6.587843794920939
21181,PLEASE ONE PERSON METAL SIGN,22865,46249.07,1632,2.3605215281989085
22138,BAKING SET 9 PIECE RETROSPOT,9366,45882.01,1914,5.3669730010384225
20727,LUNCH BAG  BLACK SKULL.,26678,45655.27,2351,2.023109908409659
21623,VINTAGE UNION JACK MEMOBOARD,6165,45402.18,530,10.215838041431262
22326,ROUND SNACK BOXES SET OF4 WOODLAND,15380,44063.04,1388,3.4304714285714284
84078A,SET/4 WHITE RETRO STORAGE CUBES,1128,43844.96,328,45.85689024390244
84029E,RED WOOLLY HOTTIE WHITE HEART.,10628,42994.24,1145,4.464668959587274
22197,SMALL POPCORN HOLDER,48561,42699.89,1407,1.039719887955182
21915,RED  HARMONICA IN BOX,36289,42664.54,1025,1.399408341416101
21175,GIN + TONIC DIET METAL SIGN,20178,42613.98,1609,2.5423874151758175
23298,SPOTTY BUNTING,8320,42513.479999999996,1140,5.52396013864818
20728,LUNCH BAG CARS BLUE,24596,42270.3,2067,1.9748732663797226
48138,DOORMAT UNION FLAG,6302,42239.5,991,8.477665995975855
82482,WOODEN PICTURE FRAME WHITE FINISH,16914,41837.6,2006,2.924807502467917
22355,CHARLOTTE BAG SUKI DESIGN,27550,41580.97,1403,1.1773602264685066
71477,COLOUR GLASS. STAR T-LIGHT HOLDER,14077,41099.79,757,3.686446173800259
20725,LUNCH BAG RED RETROSPOT,22232,41043.02,1837,2.115301399354144
20713,JUMBO BAG OWLS,20814,40667.05,1314,2.5839698113207543
22502,PICNIC BASKET WICKER 60 PIECES,61,39619.5,2,649.5
85066,CREAM SWEETHEART MINI CHEST,3091,38599.98,929,14.095063965884862
20726,LUNCH BAG WOODLAND,22118,38506.74,1926,2.1123128205128205
48194,DOORMAT HEARTS,6026,38428.12,1033,8.787381642512077
22960,JAM MAKING SET WITH JARS,9019,38380.11,1159,5.059025862068966
21166,COOK WITH WINE METAL SIGN,19932,38138.86,1425,2.276118466898955
23284,DOORMAT KEEP CALM AND COME IN,5487,38133.64,728,8.776284153005465
22720,SET OF 3 CAKE TINS PANTRY DESIGN,7483,38108.89,1385,5.83371408045977
22629,SPACEBOY LUNCH BOX,20807,37955.5,1368,2.1693473531544596
22699,ROSES REGENCY TEACUP AND SAUCER,12860,37682.8,1410,3.6217146872803934
20712,JUMBO BAG WOODLAND ANIMALS,17710,37499.37,1415,2.738984593837535
22727,ALARM CLOCK BAKELIKE RED,9234,36543.77,1363,4.37068115942029
22328,ROUND SNACK BOXES SET OF 4 FRUITS,12875,35922.51,1154,3.193215821152193
20685,DOORMAT RED RETROSPOT,5038,35198.96,900,8.841021087680355
21755,LOVE BUILDING BLOCK WORD,5643,34836.020000000004,1696,6.681397786837508
22379,RECYCLING BAG RETROSPOT,15765,34640.84,1570,2.8999178774478835
22197,POPCORN HOLDER,36749,34288.67,803,1.0208363636363635
48185,DOORMAT FAIRY CAKE,5095,34191.53,597,9.783706176961603
22666,RECIPE BOX PANTRY YELLOW DESIGN,10706,33682.62,1657,3.6011011370436865
21523,DOORMAT FANCY FONT HOME SWEET HOME,5075,33466.26,713,9.240645161290322
22630,DOLLY GIRL LUNCH BOX,18058,33380.83,1333,2.3025796886582652
48187,DOORMAT NEW ENGLAND,5291,33203.79,818,8.366121951219512
22382,LUNCH BAG SPACEBOY DESIGN,19604,33049.37,2108,1.9012453007518797
15036,ASSORTED COLOURS SILK FAN,44272,32967.03,991,0.9932560483870967
22726,ALARM CLOCK BAKELIKE GREEN,7671,32609.32,1273,4.472062256809338
22385,JUMBO BAG SPACEBOY DESIGN,17057,32433.5,1248,2.439888800635425
82486,WOOD S/3 CABINET ANT WHITE FINISH,3994,31594.39,1072,8.51200184501845
22139,RETROSPOT TEA SET CERAMIC 11 PC,6168,31527.12,1321,5.660248868778281
22077,6 RIBBONS RUSTIC CHARM,17238,31513.11,1751,2.110567415730337
85152,HAND OVER THE CHOCOLATE   SIGN,16373,31483.7,1460,2.30101902173913
22865,HAND WARMER OWL DESIGN,14537,31416.04,1212,2.3551353503184713
23245,SET OF 3 REGENCY CAKE TINS,6345,31118.55,873,5.883424657534246
21479,WHITE SKULL HOT WATER BOTTLE,6219,31079.8,930,4.686652587117212
23199,JUMBO BAG APPLES,14908,30450.69,978,2.5699290060851925
22501,PICNIC BASKET WICKER LARGE,2612,30339.36,762,13.588451443569554
20725,LUNCH BAG RED SPOTTY,18085,30063.27,1219,1.9613636363636364
20679,EDWARDIAN PARASOL RED,6149,30020.97,715,6.662262569832403
22697,GREEN REGENCY TEACUP AND SAUCER,9621,29952.55,1340,3.7910946745562133
84946,ANTIQUE SILVER TEA GLASS ETCHED,22032,29828.78,1080,1.5512328767123287
22659,LUNCH BOX I LOVE LONDON,15941,29561.86,1074,2.3337192342752964
84029G,KNITTED UNION FLAG HOT WATER BOTTLE,6830,29533.87,1009,4.793914728682171
47590B,PINK HAPPY BIRTHDAY BUNTING,5751,29504.36,882,5.793400900900901
20914,SET/5 RED SPOTTY LID GLASS BOWLS,10706,29468.52,883,3.1773913043478266
22622,BOX OF VINTAGE ALPHABET BLOCKS,2945,29450.11,571,11.393466898954703
22158,3 HEARTS HANGING DECORATION RUSTIC,8985,29198.28,718,3.221857923497268
82483,WOOD 2 DRAWER CABINET WHITE FINISH,4878,29003.370000000003,1123,6.514496466431095
21928,JUMBO BAG SCANDINAVIAN PAISLEY,15857,28962.829999999998,880,2.32086809470124
23355,HOT WATER BOTTLE KEEP CALM,5816,28718.8,782,5.271557788944723
20971,PINK BLUE FELT CRAFT TRINKET BOX,22260,28580.97,1148,1.4093723129836628
84978,HANGING HEART JAR T-LIGHT HOLDER,21689,28475.96,1425,1.5126805555555554
22866,HAND WARMER SCOTTY DOG DESIGN,12778,28266.87,1083,2.3251018600531443
22752,SET 7 BABUSHKA NESTING BOXES,3459,28139.45,692,9.46467142857143
22188,BLACK HEART CARD HOLDER,10353,28112.030000000002,566,4.455873015873016
21977,PACK OF 60 PINK PAISLEY CAKE CASES,56061,28081.73,1993,0.7112444444444445
22467,GUMBALL COAT RACK,11868,28059.48,1095,2.8445724572457243
82583,HOT BATHS METAL SIGN,12877,27981.99,1176,2.760100166944908
23201,JUMBO BAG ALPHABET,13366,27850.83,906,2.3900109769484086
21212,PACK OF 72 RETROSPOT CAKE CASES,48156,27770.719999999998,1708,0.7426918671248568
20719,WOODLAND CHARLOTTE BAG,24479,27598.42,1573,1.1526611883691529
47566B,TEA TIME PARTY BUNTING,6013,27564.75,874,5.68005675368899
21930,JUMBO STORAGE BAG SKULLS,13390,27368.08,1321,2.5286163051608077
22624,IVORY KITCHEN SCALES,3152,27282.73,1219,9.3401638001638
72741,GRAND CHOCOLATECANDLE,19712,27239.46,920,1.7381798483206934
22835,HOT WATER BOTTLE I AM SO POORLY,5302,27082.84,1011,5.639597249508841
22492,MINI PAINT SET VINTAGE,42286,27056.19,714,0.7730812324929972
84991,60 TEATIME FAIRY CAKE CASES,54028,27041.21,2127,0.6644378155117027
22961,JAM MAKING SET PRINTED,17252,26888.43,1200,1.8915876974231087
22734,SET OF 6 RIBBONS VINTAGE CHRISTMAS,9772,26763.75,756,3.2632945736434107
22386,JUMBO BAG PINK WITH WHITE SPOTS,14202,26242.66,802,2.151664611590629
22149,FELTCRAFT 6 FLOWER FRIENDS,12674,26218.97,1382,2.382309879175551
22867,HAND WARMER BIRD DESIGN,11872,26117.63,1054,2.3753406998158377
22551,PLASTERS IN TIN SPACEBOY,15441,25912.87,1299,1.811910197869102
20711,JUMBO BAG TOYS,12643,25719.13,1052,2.726691943127962
21481,FAWN BLUE HOT WATER BOTTLE,8174,25613.45,1050,3.765328947368421
22507,MEMO BOARD RETROSPOT  DESIGN,5455,25603.46,900,5.941274944567628
22090,PAPER BUNTING RETROSPOT,8406,25497.96,920,3.774454054054054
37503,TEA TIME CAKE STAND IN GIFT BOX,2465,25428.33,522,11.723193116634798
21485,RETROSPOT HEART HOT WATER BOTTLE,5168,25408.01,930,5.487621052631579
21108,FAIRY CAKE FLANNEL ASSORTED COLOUR,12962,25407.27,613,3.001073170731707
22087,PAPER BUNTING WHITE LACE,8475,25389.1,847,3.4823468208092487
84755,COLOUR GLASS T-LIGHT HOLDER HANGING,40439,25205.13,1259,0.8276983503534957
22084,PAPER CHAIN KIT EMPIRE,8803,25163.56,811,3.2735200974421437
85099B,JUMBO BAG RED WHITE SPOTTY,14060,25043.62,534,2.1891528545119705
20724,RED RETROSPOT CHARLOTTE BAG,20663,24958.77,1255,1.134728132387707
22090,PAPER BUNTING RETRO SPOTS,8292,24933.94,783,3.557169811320755
23173,REGENCY TEAPOT ROSES,2766,24879.13,416,11.119714964370546
20972,PINK CREAM FELT CRAFT TRINKET BOX,20496,24785.31,1397,1.4045074415308292
48138,DOOR MAT UNION FLAG,3775,24770.81,673,7.380222551928784
21314,SMALL GLASS HEART TRINKET POT,11426,24641.39,1066,2.776856343283582
23203,JUMBO BAG VINTAGE DOILY,11448,24489.08,711,2.300598885793872
22722,SET OF 6 SPICE TINS PANTRY DESIGN,5972,24459.96,835,4.675660377358491
84077,WORLD WAR 2 GLIDERS ASSTD DESIGNS,106139,24445.61,1019,0.2831213307240704
71459,HANGING JAM JAR T-LIGHT HOLDER,30176,24440.74,925,1.124854368932039
84836,ZINC METAL HEART DECORATION,19847,24289.33,1408,1.3774425087108013
22728,ALARM CLOCK BAKELIKE PINK,6215,24257.31,969,4.525836734693877
47590A,BLUE HAPPY BIRTHDAY BUNTING,4753,24185.03,690,5.7955282199710565
21231,SWEETHEART CERAMIC TRINKET BOX,19428,24128.86,1482,1.4993377483443708
21212,PACK OF 72 RETRO SPOT CAKE CASES,46728,24054.43,1410,0.6659163763066203
22698,PINK REGENCY TEACUP AND SAUCER,8049,23990.62,1024,3.6990485436893206
22383,LUNCH BAG SUKI  DESIGN,14347,23893.29,1279,2.0494919168591226
23344,JUMBO BAG 50'S CHRISTMAS,10285,23772.07,716,2.4177423822714683
22171,3 HOOK PHOTO SHELF ANTIQUE WHITE,3141,23709.46,661,9.802632375189107
21790,VINTAGE SNAP CARDS,27244,23506.17,1888,1.008572922111866
23243,SET OF TEA COFFEE SUGAR TINS PANTRY,4800,23489.420000000002,470,5.866072186836518
22605,WOODEN CROQUET GARDEN SET,1827,23426.82,642,14.766438569206843
82600,NO SINGING METAL SIGN,11450,23096.77,1152,2.3898446937014666
84406B,CREAM CUPID HEARTS COAT HANGER,7133,23093.95,843,3.7479132473622507
20914,SET/5 RED RETROSPOT LID GLASS BOWLS,7964,23040.04,1147,3.2624037639007697
22625,RED KITCHEN SCALES,2627,22911.55,950,9.727957894736841
22607,WOODEN ROUNDERS GARDEN SET,2533,22906.54,744,10.02461847389558
21791,VINTAGE HEADS AND TAILS CARD GAME,17604,22858.6,1313,1.4899774436090225
22554,PLASTERS IN TIN WOODLAND ANIMALS,13588,22853.72,1275,1.8651470588235295
84970S,HANGING HEART ZINC T-LIGHT HOLDER,26817,22578.3,1523,1.155
22556,PLASTERS IN TIN CIRCUS PARADE,13585,22334.08,1196,1.7749835526315791
37449,CERAMIC CAKE STAND + HANGING CAKES,2382,22333.3,477,11.180564853556485
20749,ASSORTED COLOUR MINI CASES,3062,22097.61,766,8.091415584415586
22113,GREY HEART HOT WATER BOTTLE,5759,22025.93,996,4.199551656920078
22585,PACK OF 6 BIRDY GIFT TAGS,17557,21977.3,1084,1.381512455516014
22499,WOODEN UNION JACK BUNTING,3584,21826.52,774,6.621156812339332
23202,JUMBO BAG VINTAGE LEAF,10941,21810.43,879,2.2962302483069976
22941,CHRISTMAS LIGHTS 10 REINDEER,2615,21727.579999999998,483,9.705392561983471
22456,NATURAL SLATE CHALKBOARD LARGE,4416,21583.2,835,6.306929510155317
22969,HOMEMADE JAM SCENTED CANDLES,14461,21501.989999999998,709,1.7717207334273626
21524,DOORMAT SPOTTY HOME SWEET HOME,2817,21414.04,744,8.940872483221476
21213,PACK OF 72 SKULL CAKE CASES,40263,21390.76,1481,0.7410299003322259
21258,VICTORIAN SEWING BOX LARGE,1505,21386.559999999998,526,17.00918406072106
48184,DOORMAT ENGLISH ROSE,3234,21326.3,526,8.513878326996197
22139,RETRO SPOT TEA SET CERAMIC 11 PC,4438,21301.04,771,5.442951030927835
22502,PICNIC BASKET WICKER SMALL,3705,21260.8,922,6.679590958019376
85048,15CM CHRISTMAS GLASS BALL 20 LIGHTS,2685,21201.13,517,9.155689655172415
22083,PAPER CHAIN KIT RETRO SPOT,7579,21151.79,591,3.3923865546218486
22570,FELTCRAFT CUSHION RABBIT,5631,20901.1,807,4.310666666666666
22424,ENAMEL BREAD BIN CREAM,1529,20886.89,739,15.385337837837838
23206,LUNCH BAG APPLE DESIGN,12147,20852.58,1036,2.0589553656220323
21218,RED SPOTTY BISCUIT TIN,5256,20800.31,897,5.261407982261641
22294,HEART FILIGREE DOVE  SMALL,16671,20629.38,861,1.4552125279642059
22617,BAKING SET SPACEBOY DESIGN,4251,20546.99,942,5.301244725738396
22693,GROW A FLYTRAP OR SUNFLOWER IN TIN,17875,20469.08,350,1.463076923076923
AMAZONFEE,AMAZON FEE,3,20467.8,3,6822.599999999999
20723,STRAWBERRY CHARLOTTE BAG,18296,20401.05,1379,1.1350252343186733
22568,FELTCRAFT CUSHION OWL,5479,20244.97,875,4.161740614334471
85150,LADIES & GENTLEMEN METAL SIGN,8361,20237.72,1110,3.0002421524663676
48188,DOORMAT WELCOME PUPPIES,3414,20209.4,428,8.79626168224299
22273,FELTCRAFT DOLL MOLLY,7355,20150.99,810,3.300158536585366
22569,FELTCRAFT CUSHION BUTTERFLY,5521,20104.43,784,4.187288776796973
21622,VINTAGE UNION JACK CUSHION COVER,3699,19936.940000000002,626,5.8373892405063295
22900,SET 2 TEA TOWELS I LOVE LONDON,6156,19834.04,723,3.684245283018868
22413,METAL SIGN TAKE IT OR LEAVE IT,6976,19728.24,881,3.297567567567568
21174,POTTERING IN THE SHED METAL SIGN,9696,19593.81,1135,2.5139877835951134
21936,RED RETROSPOT PICNIC BAG,6680,19576.72,935,3.633620873269436
22561,WOODEN SCHOOL COLOURING SET,11642,19524.27,904,1.7414208242950107
22558,CLOTHES PEGS RETROSPOT PACK 24,13809,19513.17,1202,1.6692161716171616
22169,FAMILY ALBUM WHITE PICTURE FRAME,2275,19507.6,701,9.794022824536377
22384,LUNCH BAG PINK POLKADOT,11751,19500.66,1281,2.0076021588280644
84946,ANTIQUE SILVER T-LIGHT GLASS,14664,19381.62,689,1.5028468208092487
22427,ENAMEL FLOWER JUG CREAM,3210,19273.280000000002,798,6.529052369077307
22083,PAPER CHAIN KIT RETROSPOT,6137,19261.03,810,3.7808108108108107
21340,CLASSIC METAL BIRDCAGE PLANT HOLDER,1758,19194.13,419,13.07895238095238
21908,CHOCOLATE THIS WAY METAL SIGN,9678,19125.98,974,2.4602136317395726
22061,LARGE CAKE STAND  HANGING STRAWBERY,2171,19121.37,520,11.222917466410747
84949,SILVER HANGING T-LIGHT HOLDER,11945,19015.8,693,1.8268847795163583
84947,ANTIQUE SILVER TEA GLASS ENGRAVED,15810,18744.17,680,1.4420343839541547
22383,LUNCH BAG SUKI DESIGN,10301,18699.43,1084,2.1189745916515426
22041,"RECORD FRAME 7"" SINGLE SIZE",7540,18650.87,555,3.5552499999999996
71053,WHITE METAL LANTERN,4700,18525.22,701,4.430222841225627
22555,PLASTERS IN TIN STRONGMAN,11321,18323.32,956,1.8076210092687948
21484,CHICK GREY HOT WATER BOTTLE,4584,18171.14,864,4.573588571428571
79323W,WHITE CHERRY LIGHTS,3004,18048.72,349,7.03
21430,SET/3 RED GINGHAM ROSE STORAGE BOX,4621,18044.97,814,4.762558139534884
22505,MEMO BOARD COTTAGE DESIGN,3773,18034.63,744,5.474500665778962
22147,FELTCRAFT BUTTERFLY HEARTS,12828,17893.579999999998,1132,1.6181639624252775
22560,TRADITIONAL MODELLING CLAY,14836,17861.71,742,1.3711405835543766
84945,MULTI COLOUR SILVER T-LIGHT HOLDER,21605,17746.71,653,1.077181818181818
21914,BLUE HARMONICA IN BOX,12957,17725.36,963,1.4485348360655736
22297,HEART IVORY TRELLIS SMALL,13715,17702.62,969,1.6488473205257836
22847,BREAD BIN DINER STYLE IVORY,1112,17669.989999999998,472,17.20938559322034
84970L,SINGLE HEART ZINC T-LIGHT HOLDER,17633,17664.18,1145,1.2921874999999998
22633,HAND WARMER UNION JACK,8541,17576.67,858,2.213322222222222
84467,ENGLISH ROSE DESIGN QUILTED THROW,816,17477.66,83,24.040602409638552
21136,PAINTED METAL PEARS ASSORTED,10496,17451.45,739,1.96908969210174
22557,PLASTERS IN TIN VINTAGE PAISLEY,10369,17401.3,1126,1.8292387543252595
23203,JUMBO BAG DOILEY PATTERNS,8893,17268.69,514,2.2405222437137335
84992,72 SWEETHEART FAIRY CAKE CASES,34797,17259.85,1460,0.68719707057257
21928,JUMBO BAG SCANDINAVIAN BLUE PAISLEY,8411,17239.69,662,2.683268072289157
21889,WOODEN BOX OF DOMINOES,12805,17095.66,1123,1.5520577933450088
21527,RED RETROSPOT TRADITIONAL TEAPOT,2337,17030.56,570,8.77890625
22654,DELUXE SEWING KIT,2534,16971.27,597,7.357757475083056
48173C,DOORMAT BLACK FLOCK,2898,16937.68,345,8.81985549132948
21559,STRAWBERRY LUNCH BOX WITH CUTLERY,6779,16891.44,1038,3.0715939278937383
84997D,CHILDRENS CUTLERY POLKADOT PINK,3951,16865.97,423,5.1186915887850475
22652,TRAVEL SEWING KIT,9910,16794.05,830,1.9061255924170617
22952,60 CAKE CASES VINTAGE CHRISTMAS,27970,16770.31,1039,0.7390534208059981
21164,HOME SWEET HOME METAL SIGN,5981,16626.41,721,3.273665283540802
22993,SET OF 4 PANTRY JELLY MOULDS,12649,16478.48,1073,1.497788990825688
72760B,VINTAGE CREAM 3 BASKET CAKE STAND,1699,16409.02,494,10.82219758064516
22487,WHITE WOOD GARDEN PLANT LADDER,1632,16373.699999999999,898,10.688288888888888
21843,RETRO SPOT CAKE STAND,1493,16354.01,340,12.17970588235294
23301,GARDENERS KNEELING PAD KEEP CALM,8807,16327.35,913,1.9439673913043478
35004C,SET OF 3 COLOURED  FLYING DUCKS,3062,16218.1,380,8.083684210526316
22662,LUNCH BAG DOLLY GIRL DESIGN,9951,16213.61,994,1.9189353233830846
22296,HEART IVORY TRELLIS LARGE,9719,16027.56,833,1.8147892271662762
22692,DOORMAT WELCOME TO OUR HOME,2135,15965.95,606,9.478828382838284
21877,HOME SWEET HOME MUG,14054,15954.75,755,1.5780845442536326
22634,CHILDS BREAKFAST SET SPACEBOY,1688,15946.55,499,10.162814371257484
20685,DOOR MAT RED SPOT,2485,15889.75,412,7.833228155339806
22759,SET OF 3 NOTEBOOKS IN PARCEL,9380,15866.56,795,1.9730541871921181
22837,HOT WATER BOTTLE BABUSHKA,3398,15837.18,436,5.311377777777778
22690,DOORMAT HOME SWEET HOME BLUE,2530,15836.35,437,8.210570776255707
23313,VINTAGE CHRISTMAS BUNTING,2990,15798.66,401,5.548627450980392
22635,CHILDS BREAKFAST SET DOLLY GIRL,1660,15795.01,485,10.30381930184805
85014B,RED RETROSPOT UMBRELLA,2732,15791.12,514,7.112587548638133
84997D,PINK 3 PIECE MINI DOTS CUTLERY SET,4354,15767.15,448,3.944144736842105
84375,SET OF 20 KIDS COOKIE CUTTERS,7575,15753.18,796,2.5122166874221667
84997B,RED 3 PIECE MINI DOTS CUTLERY SET,4254,15738.53,500,3.972707509881423
22632,HAND WARMER RED RETROSPOT,7698,15664.13,733,2.218229854689564
22193,RED DINER WALL CLOCK,1850,15658.98,616,9.21775974025974
22170,PICTURE FRAME WOOD TRIPLE PORTRAIT,2385,15645.27,575,7.42446956521739
22619,SET OF 6 SOLDIER SKITTLES,3992,15560.09,705,4.449551192145863
21891,TRADITIONAL WOODEN SKIPPING ROPE,12142,15547.75,835,1.5365890570430734
85014B,RED/WHITE DOTS RUFFLED UMBRELLA,3462,15476.880000000001,421,6.617173396674584
48111,DOORMAT 3 SMILEY CATS,2419,15437.73,436,9.382517162471396
22173,METAL 4 HOOK HANGER FRENCH CHATEAU,5026,15411.9,997,3.7266401590457257
84378,SET OF 3 HEART COOKIE CUTTERS,11637,15388.44,1248,1.5957911392405062
22749,FELTCRAFT PRINCESS CHARLOTTE DOLL,3759,15354.35,685,4.075775862068965
21094,SET/6 RED SPOTTY PAPER PLATES,19633,15334.029999999999,984,0.988060606060606
22940,FELTCRAFT CHRISTMAS FAIRY,3491,15282.81,586,4.533444816053512
22909,SET OF 20 VINTAGE CHRISTMAS NAPKINS,17144,15275.82,1086,0.9761738351254479
21975,PACK OF 60 DINOSAUR CAKE CASES,31332,15236.619999999999,1303,0.6300827689992475
21165,BEWARE OF THE CAT METAL SIGN,9360,15167.38,966,2.123363821138211
21217,RED RETROSPOT ROUND CAKE TINS,1420,15123.2,465,12.523447537473233
20750,RED RETROSPOT MINI CASES,2066,15118.470000000001,508,8.202882352941177
82582,AREA PATROLLED METAL SIGN,7479,15110.98,796,2.3533042394014965
35970,ZINC FOLKART SLEIGH BELLS,8375,15072.58,692,2.25901269393512
22946,WOODEN ADVENT CALENDAR CREAM,976,15060.57,275,18.37695652173913
22606,WOODEN SKITTLES GARDEN SET,1069,14881.94,374,16.358620689655172
22730,ALARM CLOCK BAKELIKE IVORY,3702,14867.27,746,4.39781041388518
21770,OPEN CLOSED METAL SIGN,2991,14807.3,651,5.4356748466257665
17003,BROCADE RING PURSE,70369,14766.42,456,0.3027272727272727
22485,SET OF 2 WOODEN MARKET CRATES,1101,14677.84,419,14.761428571428572
21912,VINTAGE SNAKES & LADDERS,3734,14651.33,828,4.679349397590362
21217,RED SPOTTY ROUND CAKE TINS,1484,14646.039999999999,463,10.806630669546434
21380,WOODEN HAPPY BIRTHDAY GARLAND,5031,14593.32,651,3.406554878048781
84050,PINK HEART SHAPE EGG FRYING PAN,9853,14525.0,715,2.1541551246537396
22150,3 STRIPEY MICE FELTCRAFT,7815,14486.55,938,2.1962277951933125
84997C,BLUE 3 PIECE MINI DOTS CUTLERY SET,3973,14464.380000000001,478,3.926086956521739
21672,WHITE SPOT RED CERAMIC DRAWER KNOB,11120,14411.13,815,1.59683192261185
22384,LUNCH BAG PINK RETROSPOT,8914,14391.72,810,1.85
22352,LUNCH BOX WITH CUTLERY RETROSPOT,5678,14348.82,886,3.1936036036036035
20748,KENSINGTON COFFEE SET,1600,14266.98,183,12.383224043715847
21169,YOU'RE CONFUSING ME METAL SIGN,8856,14262.61,772,2.130267857142857
21955,DOORMAT UNION JACK GUNS AND ROSES,2349,14236.9,401,8.678539603960397
23200,JUMBO BAG PEARS,7067,14188.960000000001,595,2.4302508361204014
84380,SET OF 3 BUTTERFLY COOKIE CUTTERS,10405,14076.34,1114,1.6672395369545858
22627,MINT KITCHEN SCALES,1600,14016.8,653,9.471406727828747
35400,WOODEN BOX ADVENT CALENDAR,1435,13999.1,419,10.473995271867611
23343,JUMBO BAG VINTAGE CHRISTMAS,6078,13972.710000000001,476,2.417366255144033
21257,VICTORIAN SEWING BOX MEDIUM,1549,13968.48,532,10.49658536585366
22236,CAKE STAND 3 TIER MAGIC GARDEN,1127,13965.52,421,13.37624703087886
22271,FELTCRAFT DOLL ROSIE,4866,13921.73,787,3.2711712846347605
21668,RED STRIPE CERAMIC DRAWER KNOB,10357,13912.17,825,1.6418127250900358
22366,DOORMAT AIRMAIL,2085,13875.59,429,9.25925407925408
22295,HEART FILIGREE DOVE LARGE,8411,13873.54,706,1.8310082872928175
21888,BINGO SET,3520,13862.17,825,4.600822249093108
22444,GROW YOUR OWN PLANT IN A CAN,10132,13856.6,453,1.578920704845815
21259,VICTORIAN SEWING BOX SMALL,2293,13843.92,655,6.926051829268292
21669,BLUE STRIPE CERAMIC DRAWER KNOB,10578,13839.18,805,1.5683516483516484
79323P,PINK CHERRY LIGHTS,2281,13787.93,265,7.28390977443609
22621,TRADITIONAL KNITTING NANCY,8726,13784.32,875,1.8153475336322868
22776,SWEETHEART CAKESTAND 3 TIER,1378,13753.38,526,10.917756653992395
22109,FULL ENGLISH BREAKFAST PLATE,3338,13750.11,642,5.133204930662558
47556B,TEA TIME TEA TOWELS,5205,13714.66,453,3.222543859649123
23077,DOUGHNUT LIP GLOSS,10395,13695.77,344,1.345436046511628
22191,IVORY DINER WALL CLOCK,1659,13689.85,500,8.788469184890657
21871,SAVE THE PLANET MUG,11492,13654.89,779,1.7336513994910943
48116,DOORMAT MULTICOLOUR STRIPE,2350,13634.35,257,9.254007782101167
21390,FILIGRIS HEART WITH BUTTERFLY,10937,13552.97,588,1.4604628099173553
22636,CHILDS BREAKFAST SET CIRCUS PARADE,1618,13437.03,489,8.807667342799189
C2,CARRIAGE,268,13426.0,267,50.21722846441948
23356,LOVE HOT WATER BOTTLE,2359,13334.32,476,6.205617283950618
23207,LUNCH BAG ALPHABET DESIGN,7830,13325.55,740,1.9909656084656082
22207,FRYING PAN UNION FLAG,3103,13298.57,480,5.545791666666667
23108,SET OF 10 LED DOLLY LIGHTS,2219,13290.52,372,6.469919571045577
21673,WHITE SPOT BLUE CERAMIC DRAWER KNOB,10050,13272.39,763,1.6327083333333334
23328,SET 6 SCHOOL MILK BOTTLES IN CRATE,2841,13269.49,405,4.845672371638142
21098,CHRISTMAS TOILET ROLL,8537,13263.93,596,1.6363474025974025
21704,BAG 250g SWIRLY MARBLES,17175,13235.16,568,0.9764982578397212
21080,SET/20 RED RETROSPOT PAPER NAPKINS,15388,13231.539999999999,1181,1.0804575707154742
22846,BREAD BIN DINER STYLE RED,822,13213.97,344,17.64345930232558
15044A,PINK PAPER PARASOL,4964,13210.85,250,3.5974
48187,DOOR MAT NEW ENGLAND,2023,13201.61,464,7.542844827586207
22356,CHARLOTTE BAG PINK POLKADOT,11219,13172.0,906,1.234386536373507
75049L,LARGE CIRCULAR MIRROR MOBILE,13968,13153.8,344,1.554119318181818
22580,ADVENT CALENDAR GINGHAM SACK,2322,13141.08,495,6.138709677419355
21935,SUKI  SHOULDER BAG,7127,13103.21,921,2.310639913232104
22088,PAPER BUNTING COLOURED LACE,4399,13076.88,619,3.5205271565495204
22553,PLASTERS IN TIN SKULLS,7794,13013.15,1090,1.9017960288808664
22464,HANGING METAL HEART LANTERN,7847,12985.31,784,1.9095220125786163
48129,DOORMAT TOPIARY,2087,12927.53,337,8.565
84988,SET OF 72 PINK HEART PAPER DOILIES,8305,12913.24,1019,2.097966764418377
21906,PHARMACIE FIRST AID TIN,1786,12879.460000000001,424,8.386713615023474
22766,PHOTO FRAME CORNICE,4367,12864.25,640,3.1835038759689924
22655,VINTAGE RED KITCHEN CABINET,76,12845.0,53,186.32075471698113
22838,3 TIER CAKE TIN RED AND CREAM,894,12837.46,263,16.882623574144485
15056P,EDWARDIAN PARASOL PINK,2519,12806.76,382,6.863368146214099
21216,"SET 3 RETROSPOT TEA,COFFEE,SUGAR",2384,12764.91,498,7.369304174950297
22584,PACK OF 6 PANNETONE GIFT BOXES,4989,12739.15,571,2.852374350086655
22947,WOODEN ADVENT CALENDAR RED,1011,12704.15,209,14.754761904761905
22303,COFFEE MUG APPLES DESIGN,5439,12701.63,540,2.72731977818854
22646,CERAMIC STRAWBERRY CAKE MONEY BANK,8913,12654.71,880,1.8726793721973094
84997B,CHILDRENS CUTLERY RETROSPOT RED,2907,12604.23,317,5.2348916408668735
22365,DOORMAT RESPECTABLE HOUSE,1950,12524.1,320,9.173187500000001
85014A,BLACK/BLUE DOTS RUFFLED UMBRELLA,2977,12491.17,311,6.452172523961662
22616,PACK OF 12 LONDON TISSUES,39147,12460.16,825,0.4251605231866825
21535,RED RETROSPOT SMALL MILK JUG,5057,12456.39,814,2.8246795646916563
62018,SOMBRERO,9567,12450.85,127,1.7956692913385826
22623,BOX OF VINTAGE JIGSAW BLOCKS,2312,12432.28,541,5.667882136279926
22804,CANDLEHOLDER PINK HANGING HEART,4381,12411.64,594,3.1330198019801982
22144,CHRISTMAS CRAFT LITTLE FRIENDS,5134,12382.47,704,2.5934078212290506
47591D,PINK FAIRY CAKE CHILDRENS APRON,6205,12377.5,823,2.3782932692307694
84997C,CHILDRENS CUTLERY POLKADOT BLUE,2847,12366.97,289,5.268088737201365
23174,REGENCY SUGAR BOWL GREEN,3055,12342.43,322,4.795123456790124
21671,RED SPOT CERAMIC DRAWER KNOB,9488,12339.32,727,1.6134520547945204
21156,RETROSPOT CHILDRENS APRON,6631,12324.05,634,2.3205180533751966
22631,CIRCUS PARADE LUNCH BOX,6271,12239.9,662,2.497723214285714
85042,ANTIQUE LILY FAIRY LIGHTS,2685,12234.56,292,4.9809797297297305
22082,RIBBON REEL STRIPES DESIGN,7267,12192.05,957,1.8920799180327867
21080,SET/20 RED SPOTTY PAPER NAPKINS,15688,12185.39,942,0.9671593291404612
22301,COFFEE MUG CAT + BIRD DESIGN,5009,12124.78,643,3.1771007751937983
22192,BLUE DINER WALL CLOCK,1426,12104.8,543,8.901544117647058
21670,BLUE SPOT CERAMIC DRAWER KNOB,8845,12074.4,767,1.6382901554404146
20969,RED FLORAL FELTCRAFT SHOULDER BAG,3237,12066.52,613,4.244845528455285
21937,STRAWBERRY   PICNIC BAG,4100,12038.82,657,3.6050832072617247
84212,"ASSORTED FLOWER COLOUR ""LEIS""",24794,11961.49,277,0.8430935251798561
84987,SET OF 36 TEATIME PAPER DOILIES,8138,11864.15,812,1.8061029411764706
22729,ALARM CLOCK BAKELIKE ORANGE,2999,11864.0,612,4.47391935483871
22488,NATURAL SLATE RECTANGLE CHALKBOARD,6905,11788.06,808,1.9600369913686806
23300,GARDENERS KNEELING PAD CUP OF TEA,6809,11785.99,758,1.9087597911227152
21428,SET3 BOOK BOX GREEN GINGHAM FLOWER,2883,11762.93,465,5.06049356223176
20750,RED/WHITE DOT MINI CASES,1622,11748.16,401,7.9983168316831685
22791,T-LIGHT GLASS FLUTED ANTIQUE,9458,11728.689999999999,434,1.5024827586206897
47567B,TEA TIME KITCHEN APRON,2169,11721.99,351,6.269239436619718
22750,FELTCRAFT PRINCESS LOLA DOLL,3125,11697.6,647,4.025092024539878
22943,CHRISTMAS LIGHTS 10 VINTAGE BAUBLES,2381,11696.64,356,5.995530726256984
21485,RED SPOT HEART HOT WATER BOTTLE,2425,11670.66,455,5.425271149674621
22151,PLACE SETTING WHITE HEART,27562,11609.19,716,0.5367527173913044
21326,AGED GLASS SILVER T-LIGHT HOLDER,17770,11593.86,643,0.8101834862385321
23581,JUMBO BAG PAISLEY PARK,5020,11581.83,338,2.256289855072464
21260,FIRST AID TIN,3512,11564.43,534,3.8146654275092935
22508,DOORSTOP RETROSPOT HEART,2880,11561.95,697,4.388196022727272
22468,BABUSHKA LIGHTS STRING OF 10,1736,11542.6,413,7.8801694915254235
48185,DOOR MAT FAIRY CAKE,1727,11532.31,386,8.239460154241646
22637,PIGGY BANK RETROSPOT,4478,11492.82,598,3.0163272120200335
22663,JUMBO BAG DOLLY GIRL DESIGN,5764,11465.29,688,2.4382778581765554
22649,STRAWBERRY FAIRY CAKE TEAPOT,2286,11462.58,482,5.7680163599182
21172,PARTY METAL SIGN,7685,11382.16,971,1.912512664640324
22367,CHILDRENS APRON SPACEBOY DESIGN,5734,11365.8,846,2.3277620730270905
21429,RED GINGHAM ROSE JEWELLERY BOX,6359,11342.25,997,2.1040532544378694
22988,SOLDIERS EGG CUP,9363,11238.449999999999,446,1.4986474501108646
22844,VINTAGE CREAM DOG FOOD CONTAINER,1181,11199.64,489,10.608028455284552
21922,UNION STRIPE WITH FRINGE  HAMMOCK,1443,11199.18,388,8.857429305912596
72351B,SET/6 PINK  BUTTERFLY T-LIGHTS,5785,11184.89,499,2.362924901185771
22968,ROSE COTTAGE KEEPSAKE BOX,1127,11184.82,306,11.719281045751634
47599A,PINK PARTY BAGS,5967,11180.57,369,2.2879892761394105
22795,SWEETHEART RECIPE BOOK STAND,1597,11175.81,498,7.921394422310757
21868,POTTING SHED TEA MUG,9075,11163.64,881,1.6171621621621621
22417,PACK OF 60 SPACEBOY CAKE CASES,21451,11159.9,1103,0.7101066666666667
21735,TWO DOOR CURIO CABINET,853,11112.85,262,15.352824427480916
23170,REGENCY TEA PLATE ROSES,6857,11097.25,445,2.075707865168539
22620,4 TRADITIONAL SPINNING TOPS,8181,11073.449999999999,841,1.572578763127188
22834,HAND WARMER BABUSHKA DESIGN,6792,11072.83,592,2.291513157894737
22768,FAMILY PHOTO FRAME CORNICE,1158,11064.72,354,10.684241573033708
22198,LARGE POPCORN HOLDER,6323,11063.4,554,2.061032028469751
B,Adjust bad debt,1,11062.06,1,11062.06
21155,RED RETROSPOT PEG BAG,4003,11060.2,605,3.0693126022913257
22130,PARTY CONE CHRISTMAS DECORATION,9737,10991.21,424,1.8005092592592593
21844,RED RETROSPOT MUG,3893,10986.43,340,3.266140350877193
22694,WICKER STAR,4893,10958.6,858,2.4002183908045978
21210,SET OF 72 RETRO SPOT PAPER  DOILIES,7671,10949.4,554,1.7337589928057555
20828,GLITTER BUTTERFLY CLIPS,4423,10940.48,607,2.935849358974359
22668,PINK BABY BUNTING,3587,10898.05,579,3.9153886010362697
22667,RECIPE BOX RETROSPOT,3886,10891.7,670,3.0047275405007365
21907,I'M ON HOLIDAY METAL SIGN,5163,10866.22,771,2.2837194337194338
22950,36 DOILIES VINTAGE CHRISTMAS,7851,10823.97,342,1.5666184971098265
37370,RETRO COFFEE MUGS ASSORTED,7145,10821.289999999999,492,5.550721442885772
23209,LUNCH BAG VINTAGE DOILY,6548,10797.0,601,1.8969934640522876
21086,SET/6 RED SPOTTY PAPER CUPS,16658,10781.81,843,0.8944613583138173
21210,SET OF 72 RETROSPOT PAPER  DOILIES,7447,10777.789999999999,607,1.7963382594417077
22274,FELTCRAFT DOLL EMILY,3773,10770.07,656,3.2660060514372162
22904,CALENDAR PAPER CUT DESIGN,3467,10755.05,463,3.3329550321199144
21035,SET/2 RED RETROSPOT TEA TOWELS,3335,10684.21,503,4.400216962524654
21833,CAMOUFLAGE LED TORCH,6239,10681.67,444,2.048943820224719
21624,VINTAGE UNION JACK DOORSTOP,1771,10641.15,403,6.616987654320988
21974,SET OF 36 PAISLEY FLOWER DOILIES,7046,10622.15,808,1.989320987654321
22064,PINK DOUGHNUT TRINKET POT,6606,10592.66,693,2.1429320113314447
21524,DOOR MAT SPOTTY HOME SWEET HOME,1772,10563.06,286,7.803658536585366
48111,DOOR MAT 3 SMILEY CATS,1829,10532.27,284,7.77193661971831
22179,SET 10 LIGHTS NIGHT OWL,1518,10509.880000000001,396,8.223400503778338
23209,LUNCH BAG DOILEY PATTERN,6551,10502.19,492,1.7325754527162975
22302,COFFEE MUG PEARS  DESIGN,4926,10492.45,396,2.723233082706767
22812,PACK 3 BOXES CHRISTMAS PANNETONE,4803,10485.949999999999,438,2.507839643652561
84997B,RED 3 PIECE RETROSPOT CUTLERY SET,2610,10467.880000000001,287,4.332379310344828
21121,SET/10 RED POLKADOT PARTY CANDLES,8654,10451.93,485,1.349061224489796
21890,S/6 WOODEN SKITTLES IN COTTON BAG,3489,10451.6,547,3.727256317689531
23208,LUNCH BAG VINTAGE LEAF DESIGN,6308,10441.91,668,1.9362038404726736
22418,10 COLOUR SPACEBOY PEN,12290,10397.33,585,1.015704584040747
21982,PACK OF 12 SUKI TISSUES,32086,10395.88,718,0.45087431693989066
22174,PHOTO CUBE,5122,10374.33,557,2.52070796460177
22992,REVOLVER WOODEN RULER,5233,10373.99,348,2.2714044943820224
84997D,PINK 3 PIECE POLKADOT CUTLERY SET,2719,10339.4,296,4.26976821192053
22725,ALARM CLOCK BAKELIKE CHOCOLATE,2518,10324.92,549,4.72523381294964
22120,WELCOME  WOODEN BLOCK LETTERS,1018,10314.19,367,11.28659400544959
22089,PAPER BUNTING VINTAGE PAISLEY,3506,10303.35,552,3.3832620320855615
48194,DOOR MAT HEARTS,1700,10298.44,316,7.942389937106918
22740,POLKADOT PEN,12049,10293.71,275,1.1078985507246375
20724,RED SPOTTY CHARLOTTE BAG,11534,10231.44,780,1.0489285714285714
22380,TOY TIDY SPACEBOY,4964,10217.66,688,2.4647971014492756
23582,VINTAGE DOILY JUMBO BAG RED,4802,10206.41,259,2.2147709923664123
22748,POPPY'S PLAYHOUSE KITCHEN,4142,10161.4,742,2.4121276595744683
21892,TRADITIONAL WOODEN CATCH CUP GAME,7826,10151.28,818,1.570631704410012
22970,LONDON BUS COFFEE MUG,4334,10140.6,317,2.730219435736677
21033,JUMBO BAG CHARLIE AND LOLA TOYS,4590,10132.11,573,3.3389703315881327
22966,GINGERBREAD MAN COOKIE CUTTER,8219,10131.26,732,1.440776439089692
21781,MA CAMPAGNE CUTLERY BOX,655,10125.72,363,16.549700272479562
84792,ENCHANTED BIRD COATHANGER 5 HOOK,2297,10119.51,519,5.2575623800383875
22771,CLEAR DRAWER KNOB ACRYLIC EDWARDIAN,7465,10117.08,511,1.5409441233140655
22381,TOY TIDY PINK POLKADOT,4712,10090.01,589,2.941208053691275
23171,REGENCY TEA PLATE GREEN,6247,10051.99,381,2.128433420365535
85232B,SET/3 RUSSIAN DOLL STACKING TINS,1984,10030.08,385,6.002216494845361
84030E,ENGLISH ROSE HOT WATER BOTTLE,2242,10021.55,531,5.196412639405205
21558,SKULL LUNCH BOX WITH CUTLERY,3909,10014.54,703,3.2565963431786216
21756,BATH BUILDING BLOCK WORD,1612,9944.65,581,6.565616438356165
22327,ROUND SNACK BOXES SET OF 4 SKULLS,3065,9943.55,646,3.8013030303030306
23076,ICE CREAM SUNDAE LIP GLOSS,8076,9935.76,277,1.35028880866426
22131,FOOD CONTAINER SET 3 LOVE HEART,5243,9914.89,692,2.551026722925457
84880,WHITE WIRE EGG HOLDER,1729,9894.99,375,6.7271618037135275
22300,COFFEE MUG DOG + BALL DESIGN,4116,9891.4,526,3.0111320754716977
22429,ENAMEL MEASURING JUG CREAM,2280,9844.039999999999,625,4.822738853503185
20829,GLITTER HANGING BUTTERFLY STRING,4820,9825.02,481,2.4219755600814663
48184,DOOR MAT ENGLISH ROSE,1481,9816.33,325,7.763630769230769
82001S,VINYL RECORD FRAME SILVER,2686,9814.74,218,4.347227272727273
47570B,TEA TIME TABLE CLOTH,981,9791.67,232,12.129017094017094
21488,RED WHITE SCARF  HOT WATER BOTTLE,2384,9784.58,359,4.569120879120879
22645,CERAMIC HEART FAIRY CAKE MONEY BANK,5440,9765.529999999999,736,2.0228301886792455
22745,POPPY'S PLAYHOUSE BEDROOM,3976,9764.64,703,2.482682584269663
79000,MOROCCAN TEA GLASS,11973,9759.91,436,1.3779587155963302
23240,SET OF 4 KNICK KNACK TINS DOILY,2352,9726.48,353,4.541388888888889
85014A,BLACK/BLUE POLKADOT UMBRELLA,1679,9722.53,401,6.66284289276808
22549,PICTURE DOMINOES,6521,9718.41,711,1.8593767313019391
22840,ROUND CAKE TIN VINTAGE RED,1264,9602.6,392,8.261479591836734
22665,RECIPE BOX BLUE SKETCHBOOK DESIGN,2955,9589.84,703,3.7711456859971717
23175,REGENCY MILK JUG PINK,3160,9587.15,329,3.8787915407854987
85049A,TRADITIONAL CHRISTMAS RIBBONS,6585,9566.02,718,1.5829138166894663
22978,PANTRY ROLLING PIN,2464,9564.98,238,4.3442436974789915
85099B,RED RETROSPOT JUMBO BAG,5417,9563.89,210,2.143490566037736
22381,TOY TIDY PINK RETROSPOT,4553,9529.53,511,2.4802912621359225
82552,WASHROOM METAL SIGN,6955,9527.16,794,1.5468875
35961,FOLKART ZINC HEART CHRISTMAS DEC,11430,9514.78,637,1.1431424148606812
16014,SMALL CHINESE STYLE SCISSOR,29355,9513.1,93,0.39526881720430107
22767,TRIPLE PHOTO FRAME CORNICE,1004,9478.23,295,10.317710437710437
22942,CHRISTMAS LIGHTS 10 SANTAS,1221,9466.41,246,8.545263157894736
21539,RED RETROSPOT BUTTER DISH,1856,9408.77,536,5.834232902033272
21716,BOYS VINTAGE TIN SEASIDE BUCKET,3709,9397.07,496,3.3368737474949897
20970,PINK FLORAL FELTCRAFT SHOULDER BAG,2490,9387.29,574,4.142339688041595
21385,IVORY HANGING DECORATION  HEART,10832,9358.94,690,1.0488716502115656
22357,KINGS CHOICE BISCUIT TIN,2073,9352.41,462,5.123658008658009
85049E,SCANDINAVIAN REDS RIBBONS,6584,9346.72,891,1.5995269526952696
84692,BOX OF 24 COCKTAIL PARASOLS,19085,9336.68,1122,0.6297456140350877
22656,VINTAGE BLUE KITCHEN CABINET,45,9290.0,37,214.86486486486487
21658,GLASS  BEURRE DISH,2225,9271.89,519,5.327878787878788
22219,LOVEBIRD HANGING DECORATION WHITE,9771,9270.48,1149,1.1349401709401707
20747,PICCADILLY TEA SET,683,9224.92,108,15.723703703703702
23319,BOX OF 6 MINI 50'S CRACKERS,3720,9219.53,403,2.651167883211679
21745,GAOLERS KEYS DECORATIVE GARDEN,2699,9201.49,486,3.953394308943089
22741,FUNKY DIVA PEN,10652,9173.029999999999,292,1.0997610921501706
22121,NOEL WOODEN BLOCK LETTERS,1481,9167.61,438,6.6425
23318,BOX OF 6 MINI VINTAGE CRACKERS,3809,9162.41,376,2.7416492146596863
23080,RED METAL BOX TOP SECRET,1074,9117.62,257,9.339272030651342
21933,PINK VINTAGE PAISLEY PICNIC BAG,4116,9087.63,625,2.4375316455696203
21777,RECIPE BOX WITH METAL HEART,1126,9075.51,367,9.097527173913043
22195,LARGE HEART MEASURING SPOONS,5043,9005.64,806,2.2512576312576313
72807C,SET/3 VANILLA SCENTED CANDLE IN BOX,2043,9001.15,389,5.706071428571429
22989,SET 2 PANTRY DESIGN TEA TOWELS,2811,8999.27,372,3.6862698412698416
21715,GIRLS VINTAGE TIN SEASIDE BUCKET,3553,8987.24,487,3.257576374745417
21985,PACK OF 12 HEARTS DESIGN TISSUES,25523,8972.11,919,0.4081974248927039
22371,AIRLINE BAG VINTAGE TOKYO 78,1828,8936.8,684,5.362751091703057
22141,CHRISTMAS CRAFT TREE TOP ANGEL,3663,8895.21,572,2.595549828178694
23322,LARGE WHITE HEART OF WICKER,3069,8878.21,562,3.1351398601398603
84997C,BLUE 3 PIECE POLKADOT CUTLERY SET,2331,8867.880000000001,259,4.196301886792453
22333,RETROSPOT PARTY BAG + STICKER SET,5648,8857.32,409,1.8650121065375302
23439,HAND WARMER RED LOVE HEART,3986,8855.51,397,2.2266262135922332
22215,CAKE STAND WHITE TWO TIER LACE,1085,8809.93,359,9.028802228412257
22839,3 TIER CAKE TIN GREEN AND CREAM,566,8794.42,256,18.081206225680933
20718,RED SPOTTY SHOPPER BAG,7058,8763.09,517,1.5206551059730251
84839,SWEETHEART KEY CABINET,1523,8747.05,393,7.216472081218274
20718,RED RETROSPOT SHOPPER BAG,6295,8694.26,696,1.7553934191702432
20974,12 PENCILS SMALL TUBE SKULL,13219,8686.539999999999,822,0.7466
22895,SET OF 2 TEA TOWELS APPLE AND PEARS,2847,8648.49,411,3.46310843373494
22212,FOUR HOOK  WHITE LOVEBIRDS,4024,8642.3,828,2.6206428571428573
84032A,CHARLIE+LOLA PINK HOT WATER BOTTLE,3234,8624.1,662,3.3137987987987993
21381,MINI WOODEN HAPPY BIRTHDAY GARLAND,5104,8568.0,532,2.192467771639042
21135,VICTORIAN  METAL POSTCARD SPRING,5985,8567.24,405,2.0081490384615384
22110,BIRD HOUSE HOT WATER BOTTLE,2609,8563.76,512,3.8439885496183206
23082,SET 6 PAPER TABLE LANTERN HEARTS,2328,8558.76,297,4.093564356435643
23078,ICE CREAM PEN LIP GLOSS,6831,8553.34,257,1.4267315175097277
22283,6 EGG HOUSE PAINTED WOOD,1032,8533.09,382,9.60413612565445
21186,WHITE DOVE HONEYCOMB PAPER GARLAND,5272,8532.17,369,2.0303733333333334
23256,CHILDRENS CUTLERY SPACEBOY,2077,8517.67,360,4.469945054945056
21932,SCANDINAVIAN PAISLEY PICNIC BAG,3871,8498.61,649,2.427794793261868
23493,VINTAGE DOILY TRAVEL SEWING KIT,3964,8497.98,415,2.156320754716981
79323LP,LIGHT PINK CHERRY LIGHTS,1433,8481.19,170,6.871764705882353
22079,RIBBON REEL HEARTS DESIGN,5028,8457.84,684,1.9348115942028985
22078,RIBBON REEL LACE DESIGN,3984,8449.94,480,2.4969199178644765
22751,FELTCRAFT PRINCESS OLIVIA DOLL,2264,8445.97,466,4.140936170212766
23321,SMALL WHITE HEART OF WICKER,4716,8438.54,629,1.7480124223602485
48188,DOOR MAT WELCOME PUPPIES,1458,8429.7,270,8.033777777777777
21533,RETRO SPOT LARGE MILK JUG,1687,8420.28,516,5.504386973180076
22358,KINGS CHOICE TEA CADDY,2651,8393.61,605,3.872950819672131
51008,AFGHAN SLIPPER SOCK PAIR,2604,8378.8,80,3.4
22329,ROUND CONTAINER SET OF 5 RETROSPOT,5123,8371.05,607,2.0815901639344263
22628,PICNIC BOXES SET OF 3 RETROSPOT,1744,8367.8,350,5.627806267806268
22689,DOORMAT MERRY CHRISTMAS RED,1092,8366.72,264,9.377509433962263
21411,GINGHAM HEART  DOORSTOP RED,2090,8352.94,624,4.870365659777424
21787,RAIN PONCHO RETROSPOT,10408,8333.11,308,1.0369426751592357
21934,SKULL SHOULDER BAG,4597,8275.22,725,2.1966574965612105
21523,DOOR MAT FANCY FONT HOME SWEET HOME,1178,8238.8,245,8.55326530612245
21874,GIN AND TONIC MUG,6332,8209.17,617,1.814602917341977
85067,CREAM SWEETHEART WALL CABINET,496,8201.99,175,20.3275
21533,RETROSPOT LARGE MILK JUG,1656,8194.59,438,5.393
22055,MINI CAKE STAND  HANGING STRAWBERY,4925,8179.19,724,2.162878179384203
82551,LAUNDRY 15C METAL SIGN,5641,8081.139999999999,751,1.6683046357615894
22796,PHOTO FRAME 3 CLASSIC HANGING,806,8020.45,316,10.424025157232704
22738,RIBBON REEL SNOWY VILLAGE,4447,8012.57,498,2.1882599999999996
21121,SET/10 RED SPOTTY PARTY CANDLES,6561,7990.7699999999995,388,1.3632142857142857
22504,CABIN BAG VINTAGE RETROSPOT,366,7985.03,115,25.72113043478261
21122,SET/10 PINK POLKADOT PARTY CANDLES,6543,7962.62,420,1.3621779859484777
21035,SET/2 RED SPOTTY TEA TOWELS,2659,7960.57,426,3.611655011655012
22592,CARDHOLDER HOLLY WREATH METAL,1980,7956.84,304,4.434281045751634
21115,ROSE CARAVAN DOORSTOP,1247,7955.84,431,7.740046189376444
21769,VINTAGE POST OFFICE CABINET,123,7954.87,48,77.62666666666667
21527,RETRO SPOT TRADITIONAL TEAPOT,1008,7937.910000000001,261,9.134448669201522
21154,RED RETROSPOT OVEN GLOVE,5279,7916.58,564,1.8798606271777003
21116,OWL DOORSTOP,1355,7900.01,534,6.772915887850468
21875,KINGS CHOICE MUG,6818,7882.08,414,1.7020432692307692
22466,FAIRY TALE COTTAGE NIGHTLIGHT,4336,7877.84,279,2.2937722419928823
22275,WEEKEND BAG VINTAGE ROSE PAISLEY,946,7875.33,313,8.88564263322884
22890,NOVELTY BISCUITS CAKE STAND 3 TIER,800,7821.96,260,11.051226053639846
21976,PACK OF 60 MUSHROOM CAKE CASES,14570,7792.37,950,0.7703626943005181
21531,RED RETROSPOT SUGAR JAM BOWL,3152,7791.88,580,2.9704948805460747
84568,GIRLS ALPHABET IRON ON PATCHES,37066,7788.67,310,0.37338709677419357
23238,SET OF 4 KNICK KNACK TINS LONDON,1849,7771.61,274,4.752158273381295
20717,STRAWBERRY SHOPPER BAG,6296,7767.48,757,1.5932549019607842
20685,DOORMAT RED SPOT,1086,7765.42,205,8.040338164251207
23204,CHARLOTTE BAG APPLES DESIGN,7976,7741.94,583,1.1219453924914675
23007,SPACEBOY BABY GIFT SET,498,7741.75,184,15.913423913043477
21110,LARGE CAKE TOWEL PINK SPOTS,1640,7729.37,329,7.420120120120121
22784,LANTERN CREAM GAZEBO,1551,7727.14,369,5.620080428954424
84997A,CHILDRENS CUTLERY POLKADOT GREEN,1829,7701.71,246,5.505934959349593
84032B,CHARLIE + LOLA RED HOT WATER BOTTLE,3285,7699.25,601,3.087963576158941
22165,"DIAMANTE HEART SHAPED WALL MIRROR,",976,7673.73,272,12.870218181818181
22550,HOLIDAY FUN LUDO,2058,7669.64,425,4.36481220657277
22809,SET OF 6 T-LIGHTS SANTA,2568,7664.72,379,3.3670680628272254
21870,I CAN ONLY PLEASE ONE PERSON MUG,6083,7627.49,630,1.5364826498422712
22528,GARDENERS KNEELING PAD,5824,7623.41,554,1.4907692307692308
22669,RED BABY BUNTING,2386,7613.94,438,3.627551020408163
22493,PAINT YOUR OWN CANVAS SET,4738,7608.12,418,1.8342227378190255
22991,GIRAFFE WOODEN RULER,3887,7604.889999999999,274,2.273655913978495
20685,RED SPOTTY COIR DOORMAT,1174,7563.34,208,7.999951923076923
22588,CARD HOLDER GINGHAM HEART,2747,7559.94,481,3.1043032786885245
22489,PACK OF 12 TRADITIONAL CRAYONS,17916,7548.67,785,0.511937106918239
22349,DOG BOWL CHASING BALL DESIGN,1817,7537.37,230,4.138275862068966
22360,GLASS JAR ENGLISH CONFECTIONERY,2501,7529.6,424,3.779718309859155
22224,WHITE LOVEBIRD LANTERN,2373,7527.94,401,3.6157920792079206
85065,CREAM SWEETHEART TRAYS,620,7524.44,256,13.5696875
72351A,SET/6 TURQUOISE BUTTERFLY T-LIGHTS,3765,7523.57,427,2.4215081206496523
85064,CREAM SWEETHEART LETTER RACK,1595,7493.06,279,6.1648028673835125
21463,MIRRORED DISCO BALL,1349,7484.81,302,6.5647350993377485
82580,BATHROOM METAL SIGN,13249,7458.5199999999995,1336,0.7649147516679022
20676,RED RETROSPOT BOWL,5846,7445.51,544,1.6147176684881603
11001,ASSTD DESIGN RACING CAR PEN,4829,7408.65,251,1.8730078125
21216,"SET 3 RED SPOT TIN TEA,COFFEE,SUGAR",1500,7404.09,304,6.161862745098039
22945,CHRISTMAS METAL TAGS ASSORTED,7641,7365.7,338,2.2110693641618497
21737,SET 3 WICKER LOG BASKETS,398,7362.66,164,19.868048780487804
21361,LOVE LARGE WOOD LETTERS,556,7361.74,286,14.29027777777778
23382,BOX OF 6 CHRISTMAS CAKE DECORATIONS,1875,7356.18,220,4.660950226244344
21876,POTTERING MUG,5663,7351.25,623,1.9827884615384614
22798,ANTIQUE GLASS DRESSING TABLE POT,2367,7336.09,356,3.730337078651685
48173C,DOOR MAT BLACK FLOCK,1249,7318.79,192,7.761614583333333
21114,LAVENDER SCENTED FABRIC HEART,5666,7306.14,494,1.8057029702970298
84997A,GREEN 3 PIECE MINI DOTS CUTLERY SET,1961,7306.06,249,4.0438645418326695
22282,12 EGG HOUSE PAINTED WOOD,561,7304.69,216,16.838657407407407
22465,HANGING METAL STAR LANTERN,4517,7284.24,461,1.865506329113924
22907,PACK OF 20 NAPKINS PANTRY DESIGN,8686,7279.03,829,0.9729777256740914
23083,SET 6 PAPER TABLE LANTERN STARS,1932,7250.9,246,4.236586345381526
23240,SET OF 4 KNICK KNACK TINS DOILEY,1819,7248.79,182,4.260486486486487
22813,PACK 3 BOXES BIRD PANNETONE,3741,7211.99,342,2.3573198847262247
85174,S/4 CACTI CANDLES,1459,7193.46,357,6.645643835616438
22626,BLACK KITCHEN SCALES,837,7167.48,339,9.225457227138643
21981,PACK OF 12 WOODLAND TISSUES,26204,7129.46,553,0.4652304964539007
22577,WOODEN HEART CHRISTMAS SCANDINAVIAN,13987,7123.929999999999,831,0.650046565774156
48116,DOOR MAT MULTICOLOUR STRIPE,1102,7078.28,239,8.278953974895398
22644,CERAMIC CHERRY CAKE MONEY BANK,4857,7069.88,610,1.9670195439739413
22781,GUMBALL MAGAZINE RACK,867,7060.58,307,9.49896103896104
23320,GIANT 50'S CHRISTMAS CRACKER,2661,7053.57,333,2.805680473372781
23215,JINGLE BELL HEART ANTIQUE SILVER,3564,7038.400000000001,210,2.2615962441314554
21625,VINTAGE UNION JACK APRON,984,7037.62,334,8.184553571428571
21700,BIG DOUGHNUT FRIDGE MAGNETS,6335,7028.51,525,3.2401704545454546
21984,PACK OF 12 PINK PAISLEY TISSUES,25351,7023.95,432,0.4113439635535307
37450,CERAMIC CAKE BOWL + HANGING CAKES,2444,7023.139999999999,391,3.4510804020100503
23293,SET OF 12 FAIRY CAKE BAKING CASES,8471,6989.54,552,1.0651805054151624
22618,COOKING SET RETROSPOT,718,6984.349999999999,242,10.469341563786006
21497,FANCY FONTS BIRTHDAY WRAP,17500,6978.0,485,0.4176907216494845
22567,20 DOLLY PEGS RETROSPOT,5561,6955.83,506,1.4558431372549019
22243,5 HOOK HANGER RED MAGIC TOADSTOOL,4526,6951.45,213,1.8835779816513762
10002,INFLATABLE POLITICAL GLOBE,8671,6942.26,362,0.9791553133514985
22498,WOODEN REGATTA BUNTING,1135,6933.740000000001,381,6.845091383812011
22029,SPACEBOY BIRTHDAY CARD,16779,6931.64,1034,0.5082160077145612
22563,HAPPY STENCIL CRAFT,5942,6923.849999999999,533,1.317904411764706
22377,BOTTLE BAG RETROSPOT,3618,6920.11,435,2.4734174311926607
21903,MAN FLU METAL SIGN,3436,6908.87,407,2.436167076167076
22938,CUPCAKE LACE PAPER SET 6,3687,6891.25,273,2.076981818181818
22220,CAKE STAND LOVEBIRD 2 TIER WHITE,745,6885.44,270,10.384074074074073
22085,PAPER CHAIN KIT SKULLS,2538,6883.87,230,3.188311688311688
21122,SET/10 PINK SPOTTY PARTY CANDLES,5666,6882.16,387,1.3205102040816326
21563,RED HEART SHAPE LOVE BUCKET,2786,6875.71,362,3.315123287671233
85220,SMALL FAIRY CAKE FRIDGE MAGNETS,12236,6875.0,5,1.3
47502,POLKADOT CUTLERY 24 PCS IN TRAY,640,6855.75,79,14.809113924050632
37448,CERAMIC CAKE DESIGN SPOTTED MUG,4549,6827.21,528,1.8049816176470588
22378,WALL TIDY RETROSPOT,3749,6826.51,546,2.864021937842779
47559B,TEA TIME OVEN GLOVE,5270,6823.15,745,1.5175761589403973
22187,GREEN CHRISTMAS TREE CARD HOLDER,2104,6820.7,364,4.355464480874317
35004B,SET OF 3 BLACK FLYING DUCKS,1474,6809.65,275,6.741594202898551
23297,SET 40 HEART SHAPE PETIT FOUR CASES,4303,6792.23,161,1.8389570552147239
21989,PACK OF 20 SKULL PAPER NAPKINS,8552,6790.7,654,1.0801963746223564
37500,TEA TIME TEAPOT IN GIFT BOX,881,6787.46,263,9.145227272727272
20973,12 PENCIL SMALL TUBE WOODLAND,9863,6773.95,658,0.7815611192930781
22431,WATERING CAN BLUE ELEPHANT,3365,6771.5199999999995,620,2.3595826645264846
23541,WALL ART CLASSIC PUDDINGS,864,6762.71,150,9.736866666666666
22430,ENAMEL WATERING CAN CREAM,1397,6761.38,356,5.599301675977654
21768,WALL MOUNTED VINTAGE ORGANISER,497,6756.09,163,18.043353658536585
22311,OFFICE MUG WARMER BLACK+SILVER,2116,6755.56,300,4.553046357615894
23254,CHILDRENS CUTLERY DOLLY GIRL,1667,6753.71,291,4.270341296928327
21992,VINTAGE PAISLEY STATIONERY SET,3320,6744.8,656,2.4166012084592143
22354,RETROSPOT PADDED SEAT CUSHION,1753,6735.63,224,4.323688888888889
22810,SET OF 6 T-LIGHTS SNOWMEN,2199,6729.13,328,3.41
23008,DOLLY GIRL BABY GIFT SET,433,6719.61,133,16.12609022556391
23480,MINI LIGHTS WOODLAND MUSHROOMS,1798,6719.14,215,4.428761467889909
22221,CAKE STAND LOVEBIRD 2 TIER PINK,905,6702.33,156,10.578535031847133
22575,METAL MERRY CHRISTMAS WREATH,3113,6699.71,330,2.092623906705539
22746,POPPY'S PLAYHOUSE LIVINGROOM,2910,6699.25,564,2.4317162872154117
22526,WHEELBARROW FOR CHILDREN,544,6689.67,207,13.60014423076923
48129,DOOR MAT TOPIARY,1040,6681.38,206,7.641971153846153
23247,BISCUIT TIN 50'S CHRISTMAS,2194,6681.25,309,3.2880906148867313
85014D,PINK/BROWN DOTS RUFFLED UMBRELLA,1918,6664.45,90,6.064444444444446
85047,WHITE BEADED GARLAND STRING 20LIGHT,1051,6664.33,236,7.060333333333333
47599B,BLUE PARTY BAGS,3492,6662.54,286,2.2239100346020764
84884A,ANT WHITE WIRE HEART SPIRAL,1757,6659.17,347,4.9209798270893375
85068,CREAM SWEETHEART SHELF + HOOKS,960,6647.24,197,8.65251256281407
22432,WATERING CAN PINK BUNNY,3484,6636.82,511,2.27775828460039
22779,WOODEN OWLS LIGHT GARLAND,1735,6631.35,193,4.198775510204082
21107,CREAM SLICE FLANNEL PINK SPOT,2302,6624.77,313,3.6443492063492062
22661,CHARLOTTE BAG DOLLY GIRL DESIGN,8199,6620.45,631,0.9583385579937304
85175,CACTI T-LIGHT CANDLES,15566,6606.26,442,1.0437387387387387
84520B,PACK 20 ENGLISH ROSE PAPER NAPKINS,7500,6579.0199999999995,732,1.0545087483176312
20975,12 PENCILS SMALL TUBE RED RETROSPOT,9880,6570.68,535,0.7308241758241759
ADJUST,Adjustment by john on 26/01/2010 17,16,6563.5,16,410.21875
16156S,WRAP PINK FAIRY CAKES,16661,6558.62,419,0.41532219570405726
23229,VINTAGE DONKEY TAIL GAME,1815,6550.17,252,4.252261904761904
22332,SKULLS PARTY BAG + STICKER SET,4158,6520.55,381,1.8224675324675323
21201,TROPICAL  HONEYCOMB PAPER GARLAND,2741,6517.16,235,2.9802066115702477
22364,GLASS JAR DIGESTIVE BISCUITS,2054,6498.61,340,3.9219590643274853
23311,VINTAGE CHRISTMAS STOCKING,2390,6488.2,344,2.9656772334293944
15060B,FAIRY CAKE DESIGN UMBRELLA,1419,6486.79,454,5.572863436123348
22845,VINTAGE CREAM CAT FOOD CONTAINER,955,6482.96,386,7.843608247422681
22148,EASTER CRAFT 4 CHICKS,3237,6480.29,299,2.3137377049180325
22596,CHRISTMAS STAR WISH LIST CHALKBOARD,6331,6471.2,438,1.123573033707865
23103,JINGLE BELL HEART DECORATION,3820,6459.16,356,1.8494550408719346
82486,3 DRAWER ANTIQUE WHITE WOOD CABINET,734,6457.94,202,9.293529411764705
21494,ROTATING LEAVES T-LIGHT HOLDER,3833,6449.0,501,2.5810453648915184
22142,CHRISTMAS CRAFT WHITE FAIRY,4300,6445.389999999999,503,1.7261165048543687
23553,LANDMARK FRAME CAMDEN TOWN,568,6444.65,68,13.30220588235294
23134,LARGE ZINC HEART WALL ORGANISER,1065,6431.110000000001,38,7.9068421052631574
22414,DOORMAT NEIGHBOURHOOD WITCH,1092,6419.7,169,9.481420118343195
23571,TRADITIONAL NAUGHTS & CROSSES,2841,6406.91,257,1.8921374045801527
21242,RED RETROSPOT PLATE,3735,6394.53,368,2.086287262872629
22979,PANTRY WASHING UP BRUSH,4090,6391.82,381,1.8184334203655352
79067,CORONA MEXICAN TRAY,1615,6380.2,396,4.938517587939699
23307,SET OF 60 PANTRY DESIGN CAKE CASES,12049,6371.889999999999,629,0.6839469578783152
22072,RED RETROSPOT TEA CUP AND SAUCER,1705,6364.67,374,4.360233160621761
85062,PEARL CRYSTAL PUMPKIN T-LIGHT HLDR,3886,6363.28,342,1.7979190751445084
22578,WOODEN STAR CHRISTMAS SCANDINAVIAN,13230,6358.04,766,0.6213483146067416
22063,CERAMIC BOWL WITH STRAWBERRY DESIGN,2303,6356.0599999999995,356,3.645095890410959
21746,SMALL RED RETROSPOT WINDMILL,5113,6351.9,412,1.4903349282296652
23172,REGENCY TEA PLATE PINK,3861,6344.41,305,2.06783606557377
47591D,PINK FAIRY CAKE CHILD'S APRON,3438,6339.17,389,2.085051282051282
22582,PACK OF 6 SWEETIE GIFT BOXES,2522,6324.7699999999995,295,2.8735430463576157
22783,SET 3 WICKER OVAL BASKETS W LIDS,482,6316.3,45,15.91088888888889
22460,EMBOSSED GLASS TEALIGHT HOLDER,4771,6283.87,376,1.5209523809523808
22065,CHRISTMAS PUDDING TRINKET POT,8640,6273.84,456,1.4237659574468085
84509A,SET OF 4 ENGLISH ROSE PLACEMATS,1517,6271.79,446,5.051636771300449
20754,RETRO RED SPOTTY WASHING UP GLOVES,3139,6257.39,420,2.476270783847981
22739,RIBBON REEL CHRISTMAS SOCK BAUBLE,3321,6226.44,555,2.2521568627450983
22185,SLATE TILE NATURAL HANGING,3896,6224.72,462,1.9247854077253217
22906,12 MESSAGE CARDS WITH ENVELOPES,3370,6214.83,445,1.993505376344086
22826,LOVE SEAT ANTIQUE WHITE METAL,58,6210.0,41,114.02439024390245
21124,SET/10 BLUE POLKADOT PARTY CANDLES,5128,6205.84,308,1.2908653846153846
22435,SET OF 9 HEART SHAPED BALLOONS,4915,6185.22,537,1.4271297989031078
23169,CLASSIC GLASS COOKIE JAR,1437,6183.39,300,4.753455149501661
21714,CITRONELLA CANDLE GARDEN POT,4283,6182.39,522,1.7584600760456273
21078,SET/20 STRAWBERRY PAPER NAPKINS,7211,6181.25,741,1.1088741721854303
22780,LIGHT GARLAND BUTTERFILES PINK,1623,6167.59,179,4.196629834254144
22222,CAKE PLATE LOVEBIRD WHITE,1489,6160.84,403,5.630868486352358
84832,ZINC WILLIE WINKIE  CANDLE STICK,6794,6134.7,630,1.0830265210608425
22196,SMALL HEART MEASURING SPOONS,6574,6130.99,980,1.1788756218905472
21667,GLASS CAKE COVER AND PLATE,354,6126.25,163,18.958098159509202
23192,BUNDLE OF 3 ALPHABET EXERCISE BOOKS,3516,6114.24,345,1.7743304843304841
23118,PARISIENNE JEWELLERY DRAWER,813,6102.18,258,8.39046511627907
22849,BREAD BIN DINER STYLE MINT,390,6091.38,158,16.822151898734177
22898,CHILDRENS APRON APPLES DESIGN,2877,6079.45,445,2.4870246085011187
72802C,VANILLA SCENT CANDLE JEWELLED BOX,2185,6055.85,270,4.586617647058823
22361,GLASS JAR DAISY FRESH COTTON WOOL,1845,6036.26,496,4.2679718875502015
23534,WALL ART STOP FOR TEA,869,6036.2,219,7.867545454545455
85178,VICTORIAN SEWING KIT,5478,6024.52,313,1.363103448275862
20751,FUNKY WASHING UP GLOVES ASSORTED,2839,6023.26,471,2.3205465587044536
20979,36 PENCILS TUBE RED RETROSPOT,4761,6019.7,434,1.57
21586,KINGS CHOICE GIANT TUBE MATCHES,2583,6018.75,238,2.5149590163934423
21918,SET 12 KIDS COLOUR  CHALK STICKS,14598,6013.14,788,0.5222893081761006
22331,WOODLAND PARTY BAG + STICKER SET,3660,6011.57,437,1.9771655328798186
21591,COSY HOUR CIGAR BOX MATCHES,3978,6003.08,365,1.262421052631579
22848,BREAD BIN DINER STYLE PINK,373,6001.0,148,18.048581081081082
23296,SET OF 6 TEA TIME BAKING CASES,4979,5985.55,378,1.524240837696335
21980,PACK OF 12 RED SPOTTY TISSUES,22721,5981.81,271,0.37857142857142856
22855,FINE WICKER HEART,4795,5979.24,427,1.468498845265589
21124,SET/10 BLUE SPOTTY PARTY CANDLES,4901,5966.95,321,1.3044984802431612
23312,VINTAGE CHRISTMAS GIFT SACK,1423,5964.150000000001,214,4.452293577981651
22278,OVERNIGHT BAG VINTAGE ROSE PAISLEY,1016,5959.53,383,6.753556701030928
23535,WALL ART BICYCLE SAFETY,845,5954.150000000001,173,7.849252873563218
22491,PACK OF 12 COLOURED PENCILS,7423,5950.0,390,0.8962025316455696
23052,RECYCLED ACAPULCO MAT TURQUOISE,654,5949.34,278,9.784460431654676
22348,TEA BAG PLATE RED SPOTTY,7126,5934.19,465,1.0631063829787233
22827,RUSTIC  SEVENTEEN DRAWER SIDEBOARD,38,5910.0,29,158.79310344827587
22772,PINK DRAWER KNOB ACRYLIC EDWARDIAN,4353,5884.92,313,1.6559682539682539
21407,BROWN CHECK CAT DOORSTOP,1294,5883.33,453,5.250021978021978
84997A,GREEN 3 PIECE POLKADOT CUTLERY SET,1573,5874.71,175,4.250112994350283
21561,DINOSAUR LUNCH BOX WITH CUTLERY,2399,5874.01,409,2.9172330097087373
23113,PANTRY CHOPPING BOARD,1154,5868.5,57,6.361754385964912
85132C,CHARLIE AND LOLA FIGURES TINS,2066,5865.04,306,5.04957654723127
22971,QUEENS GUARD COFFEE MUG,2431,5849.29,272,2.7821167883211677
23485,BOTANICAL GARDENS WALL CLOCK,262,5843.92,83,24.791807228915662
23154,SET OF 4 JAM JAR MAGNETS,2701,5842.88,235,2.2075000000000005
22737,RIBBON REEL CHRISTMAS PRESENT,3266,5840.43,493,2.1432803180914513
22660,DOORMAT I LOVE LONDON,881,5839.41,194,9.09840206185567
21832,CHOCOLATE CALCULATOR,3338,5836.76,459,2.2659482758620686
21988,PACK OF 6 SKULL PAPER PLATES,7829,5820.099999999999,416,0.9512735849056603
22841,ROUND CAKE TIN VINTAGE GREEN,745,5811.87,302,8.422185430463577
85038,6 CHOCOLATE LOVE HEART T-LIGHTS,2778,5803.58,382,2.492030456852792
22687,DOORMAT CHRISTMAS VILLAGE,895,5784.67,149,9.817046979865772
21313,GLASS HEART T-LIGHT HOLDER,6711,5771.11,415,1.1320383693045564
22964,3 PIECE SPACEBOY COOKIE CUTTER SET,2761,5768.83,408,2.513543689320388
22200,FRYING PAN PINK POLKADOT,1289,5750.95,354,5.627633802816901
21498,RED RETROSPOT WRAP,14051,5736.42,440,0.41777272727272724
37495,FAIRY CAKE BIRTHDAY CANDLE SET,1560,5732.6,330,4.146737160120845
21452,TOADSTOOL MONEY BOX,1875,5731.33,408,3.4630382775119615
22441,GROW YOUR OWN BASIL IN ENAMEL MUG,2644,5729.57,472,2.4285924369747898
22241,GARLAND WOODEN HAPPY EASTER,4244,5728.53,463,1.5886111111111112
21577,SAVE THE PLANET COTTON TOTE BAG,2556,5716.5199999999995,464,2.713261802575107
22341,LOVE GARLAND PAINTED ZINC,3467,5698.89,240,2.3590495867768593
22115,METAL SIGN EMPIRE TEA,2889,5695.1,500,3.2748111332007954
22060,LARGE CAKE STAND HANGING HEARTS,733,5691.41,158,9.86751552795031
21528,DAIRY MAID TRADITIONAL TEAPOT,899,5680.15,257,7.654163424124514
20676,RED SPOTTY BOWL,4629,5660.19,422,1.4670212765957447
22045,SPACEBOY GIFT WRAP,13767,5656.14,446,0.41883408071748873
21703,BAG 125g SWIRLY MARBLES,14577,5646.47,561,0.49681109185441935
22335,HEART DECORATION PAINTED ZINC,8666,5644.77,510,0.8489312977099237
84968B,S/16 VINTAGE IVORY CUTLERY,424,5643.15,131,15.02801526717557
22854,CREAM SWEETHEART EGG HOLDER,1160,5624.5,244,5.4540650406504065
22653,BUTTON BOX,3031,5618.21,381,2.042291666666667
22073,RED RETROSPOT STORAGE JAR,1395,5604.6,319,4.634924012158055
21207,SKULL AND CROSSBONES  GARLAND,3601,5597.42,282,1.7603886925795054
85232B,SET OF 3 BABUSHKA STACKING TINS,1102,5556.92,176,5.818926553672316
21749,LARGE RED SPOT WINDMILL,2945,5554.92,52,2.7224999999999997
22119,PEACE WOODEN BLOCK LETTERS,896,5543.87,340,6.8107204610951015
22899,CHILDREN'S APRON DOLLY GIRL,2666,5542.95,404,2.41990171990172
23531,WALL ART BIG LOVE,976,5538.26,112,7.661681415929204
22156,HEART DECORATION WITH PEARLS,6156,5537.57,581,1.0765151515151514
21730,GLASS STAR FROSTED T-LIGHT HOLDER,1115,5534.17,293,5.4511111111111115
21900,"KEY FOB , SHED",8323,5529.14,835,0.8650058892815077
23133,LARGE IVORY HEART WALL ORGANISER,782,5525.4,155,9.162451612903226
21242,RED SPOTTY PLATE,3350,5523.2,289,1.876539792387543
23177,TREASURE ISLAND BOOK BOX,2532,5521.29,267,2.702074074074074
23158,SET OF 5 LUCKY CAT MAGNETS,2633,5513.83,255,2.674823529411765
22670,FRENCH WC SIGN BLUE METAL,4432,5510.57,425,1.5685416666666667
21955,DOOR MAT UNION JACK GUNS AND ROSES,797,5510.39,226,8.957324561403508
84971S,SMALL HEART FLOWERS HOOK,6495,5503.2699999999995,462,1.0812153518123666
23583,LUNCH BAG PAISLEY PARK,3385,5497.33,325,1.8020481927710843
40016,CHINESE DRAGON PAPER LANTERNS,15435,5487.3099999999995,244,1.9042857142857144
82599,FANNY'S REST STOPMETAL SIGN,2505,5479.44,506,2.7062035225048926
79029,GLASS HONEYPOT WASP CATCHER,2944,5473.82,343,2.2632378223495704
22203,MILK PAN RED RETROSPOT,1402,5469.51,392,4.637994923857868
72756,FAIRY CAKE CANDLES,4012,5459.48,129,1.46953488372093
22437,SET OF 9 BLACK SKULL BALLOONS,6514,5457.97,443,0.9801552106430156
85061W,WHITE JEWELLED HEART DECORATION,6306,5451.49,469,1.0804968944099378
22168,ORGANISER WOOD ANTIQUE WHITE,656,5450.43,310,8.504935483870968
20677,PINK POLKADOT BOWL,4208,5449.13,412,1.64052757793765
22483,RED GINGHAM TEDDY BEAR,1877,5440.51,349,3.3145845272206302
20978,36 PENCILS TUBE SKULLS,4117,5438.57,557,1.586796460176991
21432,SET OF 3 CASES WOODLAND DESIGN,942,5435.91,237,6.09857740585774
16161P,WRAP ENGLISH ROSE,13198,5435.4,440,0.41895454545454547
22186,RED STAR CARD HOLDER,2004,5431.4,345,3.2433526011560696
22763,KEY CABINET MA CAMPAGNE,662,5430.59,135,11.09311111111111
22595,CHRISTMAS GINGHAM HEART,6396,5429.91,383,0.9934455958549222
85063,CREAM SWEETHEART MAGAZINE RACK,308,5426.74,180,18.89911111111111
21749,LARGE RED RETROSPOT WINDMILL,2712,5426.0599999999995,234,2.503675213675214
23135,SMALL ZINC HEART WALL ORGANISER,1541,5416.18,45,5.675777777777777
23205,CHARLOTTE BAG VINTAGE ALPHABET,5457,5405.88,445,1.164375
21069,VINTAGE BILLBOARD TEA MUG,5099,5404.36,279,1.6897517730496454
84937,KASHMIR FOLKART TUMBLERS,2542,5394.54,124,4.990161290322581
22534,MAGIC DRAWING SLATE SPACEBOY,12603,5393.83,577,0.4958754208754209
22443,GROW YOUR OWN HERBS SET OF 3,683,5393.43,264,8.465509433962264
20682,RED RETROSPOT CHILDRENS UMBRELLA,1585,5380.2699999999995,342,3.9746511627906975
22333,RETRO SPORT PARTY BAG + STICKER SET,3444,5370.08,254,1.8630196078431371
21491,SET OF THREE VINTAGE GIFT WRAPS,2878,5367.01,248,2.124
22218,CAKE STAND LACE WHITE,1232,5365.66,264,5.398560606060606
22350,ILLUSTRATED CAT BOWL,1894,5362.2,210,3.1320283018867925
23494,VINTAGE DOILY DELUXE SEWING KIT,809,5354.01,205,6.812864077669903
35832,WOOLLY HAT SOCK GLOVE ADVENT STRING,1737,5341.849999999999,188,3.7067368421052636
21041,RED RETROSPOT OVEN GLOVE DOUBLE,1382,5334.0599999999995,352,4.283785310734463
37446,MINI CAKE STAND WITH HANGING CAKES,3691,5332.25,410,1.8811084337349397
22951,60 CAKE CASES DOLLY GIRL DESIGN,10050,5314.12,609,0.6774595469255663
21363,HOME SMALL WOOD LETTERS,984,5296.48,401,5.966068796068797
85132A,CHARLIE + LOLA BISCUITS TINS,1358,5287.2,260,6.875269230769231
21155,RED SPOTTY PEG BAG,2662,5282.89,364,2.4614246575342467
20975,12 PENCILS SMALL TUBE RED SPOTTY,8219,5278.03,367,0.7519321148825066
22801,ANTIQUE GLASS PEDESTAL BOWL,1300,5277.95,299,4.593202614379085
22998,TRAVEL CARD WALLET KEEP CALM,12366,5262.82,534,0.49730483271375464
21718,RED METAL BEACH SPADE,4030,5250.3,467,1.6677659574468087
22564,ALPHABET STENCIL CRAFT,4570,5221.4,343,1.3229360465116278
22476,EMPIRE UNION JACK TV DINNER TRAY,1332,5218.61,269,6.592851851851852
21993,FLORAL FOLK STATIONERY SET,2849,5216.88,577,2.2613275862068964
22117,METAL SIGN HER DINNER IS SERVED,1765,5207.73,230,3.060434782608696
22691,DOORMAT WELCOME SUNRISE,758,5198.6,218,8.919128440366974
22030,SWALLOWS GREETING CARD,12735,5197.84,685,0.4647330447330447
21587,COSY HOUR GIANT TUBE MATCHES,2071,5173.05,260,2.5416974169741695
22180,RETRO SPOT LAMP,511,5164.42,196,10.975306122448979
21872,GLAMOROUS  MUG,5092,5163.8,330,1.54105421686747
22894,TABLECLOTH RED APPLES DESIGN,561,5160.78,192,9.770309278350515
22775,PURPLE DRAWERKNOB ACRYLIC EDWARDIAN,3609,5160.03,283,1.701896551724138
23263,SET OF 3 WOODEN HEART DECORATIONS,3863,5147.19,445,1.4479957805907173
21713,CITRONELLA CANDLE FLOWERPOT,2733,5145.44,391,2.3839393939393942
23162,REGENCY TEA STRAINER,1412,5143.69,176,4.422272727272728
23157,SET OF 6 NATIVITY MAGNETS,2557,5143.06,163,2.361597633136095
23165,LARGE CERAMIC TOP STORAGE JAR,3114,5141.06,280,1.9777738515901062
22412,METAL SIGN NEIGHBOURHOOD WITCH,2401,5140.82,402,2.5712315270935964
23132,SMALL IVORY HEART WALL ORGANISER,1020,5138.6,152,6.2221710526315785
22571,ROCKING HORSE RED CHRISTMAS,5780,5135.24,511,1.044126679462572
22426,ENAMEL WASH BOWL CREAM,1333,5133.3,372,4.713217158176944
22472,TV DINNER TRAY DOLLY GIRL,1093,5130.62,249,5.8694779116465865
22509,SEWING BOX RETROSPOT DESIGN,387,5130.36,187,15.858031914893617
22244,3 HOOK HANGER MAGIC GARDEN,2732,5122.76,223,2.7399999999999998
21498,RED SPOTS  WRAP,12675,5115.5,362,0.4171270718232044
22595,GINGHAM HEART DECORATION,6139,5114.41,413,1.0084761904761905
22610,PENS ASSORTED FUNNY FACE,12680,5107.54,287,0.5563194444444445
22374,AIRLINE BAG VINTAGE JET SET RED,1023,5099.84,430,5.329907407407408
23397,FOOT STOOL HOME SWEET HOME,489,5097.65,217,11.573870967741934
21471,STRAWBERRY RAFFIA FOOD COVER,1406,5095.63,319,3.9207523510971787
22433,WATERING CAN GREEN DINOSAUR,2724,5080.98,417,2.2687142857142857
23234,BISCUIT TIN VINTAGE CHRISTMAS,1722,5079.78,277,3.3792086330935254
22842,BISCUIT TIN VINTAGE RED,781,5078.03,230,7.095194805194805
23295,SET OF 12 MINI LOAF BAKING CASES,6134,5073.45,444,1.1117555555555554
20977,36 PENCILS TUBE WOODLAND,3792,5069.99,485,1.5680981595092023
21578,WOODLAND DESIGN  COTTON TOTE BAG,2205,5062.86,380,2.6083854166666667
23198,PANTRY MAGNETIC  SHOPPING LIST,3342,5062.599999999999,475,1.7995876288659793
23126,FELTCRAFT GIRL AMELIE KIT,1007,5059.14,275,5.402599277978339
21544,SKULLS  WATER TRANSFER TATTOOS,6064,5052.21,503,1.0451968503937008
48189,DOORMAT FRIENDSHIP,853,5050.04,95,10.723684210526315
22175,PINK OWL SOFT TOY,1728,5033.51,362,3.4206318681318684
46000S,POLYESTER FILLER PAD 40x40cm,3471,5032.95,380,1.45
84796B,BLUE SAVANNAH PICNIC HAMPER FOR 2,602,5016.91,182,9.23820652173913
22957,SET 3 PAPER VINTAGE CHICK PAPER EGG,1775,5014.65,214,3.115555555555556
23314,VINTAGE CHRISTMAS TABLECLOTH,407,5012.96,117,13.607881355932204
23109,PACK OF SIX LED TEA LIGHTS,1752,5008.26,203,3.2622815533980583
85049G,CHOCOLATE BOX RIBBONS,3944,5000.0599999999995,562,1.466388888888889
21071,VINTAGE BILLBOARD DRINK ME MUG,4269,4998.32,472,1.631194968553459
23310,BUBBLEGUM RING ASSORTED,12050,4997.28,245,0.47804878048780486
23543,WALL ART KEEP CALM,967,4994.79,83,8.668470588235293
22318,FIVE HEART HANGING DECORATION,1583,4983.98,389,3.6787786259541986
47568,ENGLISH ROSE DESIGN PEG BAG,2384,4983.0199999999995,410,2.543430656934307
21056,DOCTOR'S BAG SOFT TOY,545,4961.33,195,9.701076923076922
22583,PACK OF 6 HANDBAG GIFT BOXES,1873,4955.75,349,2.978753462603878
21896,POTTING SHED TWINE,2387,4944.04,290,2.4898293515358363
22180,RETROSPOT LAMP,464,4938.96,214,11.550934579439252
23556,LANDMARK FRAME COVENT GARDEN,436,4937.01,53,12.61811320754717
23570,TRADITIONAL PICK UP STICKS GAME,2772,4931.87,276,1.431118881118881
22604,SET OF 4 NAPKIN CHARMS CUTLERY,1999,4911.72,244,2.7537499999999997
22243,"HOOK, 5 HANGER ,MAGIC TOADSTOOL RED",3152,4908.8,175,1.9305649717514124
72349B,SET/6 PURPLE BUTTERFLY T-LIGHTS,2194,4898.4,399,2.9140694789081887
22199,FRYING PAN RED POLKADOT,1210,4890.14,188,5.07962962962963
22276,WASH BAG VINTAGE ROSE PAISLEY,1889,4884.86,373,3.0158556149732623
23010,CIRCUS PARADE BABY GIFT SET,315,4879.6,111,16.296576576576577
22956,36 FOIL HEART CAKE CASES,2494,4878.9,256,2.200530303030303
22632,HAND WARMER RED POLKA DOT,2592,4876.2,46,1.9858695652173914
23351,ROLL WRAP 50'S CHRISTMAS,3535,4875.65,354,1.5103072625698326
72807B,SET/3 OCEAN SCENT CANDLE JEWEL BOX,1085,4866.81,244,5.511048387096774
23503,PLAYING CARDS KEEP CALM & CARRY ON,3643,4860.55,335,1.279298245614035
22107,PIZZA PLATE IN BOX,1240,4840.59,369,4.6385522788203755
84270,ASSTD DESIGN BUBBLE GUM RING,22936,4824.3,476,0.2478361344537815
22593,CHRISTMAS GINGHAM STAR,5420,4823.9,415,1.0660671462829736
22027,TEA PARTY BIRTHDAY CARD,11297,4806.49,845,0.5224793388429751
23554,LANDMARK FRAME OXFORD STREET,422,4805.53,57,13.047017543859647
22242,"HOOK, 5 HANGER , MAGIC TOADSTOOL",2982,4795.95,258,1.9434230769230767
20682,RED SPOTTY CHILDS UMBRELLA,1483,4791.04,247,3.6955823293172694
23555,LANDMARK FRAME NOTTING HILL,421,4780.57,50,12.897450980392156
21534,DAIRY MAID LARGE MILK JUG,938,4768.64,342,5.3836811594202905
22442,GROW YOUR OWN FLOWERS SET OF 3,866,4765.32,172,7.467803468208093
23184,BULL DOG BOTTLE OPENER,874,4764.5,264,6.4533082706766915
22128,PARTY CONES CANDY ASSORTED,3923,4759.59,195,1.5353299492385786
22688,DOORMAT PEACE ON EARTH BLUE,865,4756.7,93,8.462688172043011
21249,WOODLAND  HEIGHT CHART STICKERS,1655,4752.83,258,3.6678294573643413
21916,SET 12 RETRO WHITE CHALK STICKS,11011,4751.06,713,0.5174068965517241
23286,BLUE VINTAGE SPOT BEAKER,5048,4747.62,222,1.03009009009009
22672,FRENCH BATHROOM SIGN BLUE METAL,2850,4736.11,370,1.946595744680851
22399,MAGNETS PACK OF 4 CHILDHOOD MEMORY,4040,4734.6,277,1.3057913669064747
22434,BALLOON PUMP WITH 10 BALLOONS,2547,4733.49,281,2.0394076655052262
84508A,CAMOUFLAGE DESIGN TEDDY,2223,4722.5599999999995,64,2.49078125
23569,TRADTIONAL ALPHABET STAMP SET,954,4717.66,192,5.3034693877551025
22474,SPACEBOY TV DINNER TRAY,966,4716.83,253,6.2308627450980385
21588,RETROSPOT GIANT TUBE MATCHES,2056,4713.6,182,2.523243243243243
23159,SET OF 5 PANCAKE DAY MAGNETS,2293,4713.52,223,2.3199107142857143
22305,COFFEE MUG PINK PAISLEY DESIGN,2267,4711.53,144,2.7977083333333335
18098C,PORCELAIN BUTTERFLY OIL BURNER,1515,4710.74,371,3.910555555555556
23558,LANDMARK FRAME LONDON BRIDGE,415,4703.87,52,13.125384615384615
23389,SPACEBOY MINI BACKPACK,1102,4697.54,233,4.537829787234043
23176,ABC TREASURE BOOK BOX,2165,4693.08,226,2.663215859030837
48197,DOOR MAT BIRD ON THE WIRE,667,4691.77,202,9.640544554455445
22304,COFFEE MUG BLUE PAISLEY DESIGN,2380,4689.5599999999995,167,2.8558682634730537
20961,STRAWBERRY BATH SPONGE,3530,4687.65,514,1.7074903474903476
22562,MONSTERS STENCIL CRAFT,3978,4682.3,393,1.3233585858585857
21156,RED SPOTTY CHILDS APRON,2506,4678.23,296,2.070704697986577
20963,APPLE BATH SPONGE,3459,4676.15,509,1.7628349514563106
22721,SET OF 3 CAKE TINS SKETCHBOOK,1020,4671.8099999999995,297,5.396275167785235
23241,TREASURE TIN GYMKHANA DESIGN,2165,4669.55,363,2.4851092896174864
22075,6 RIBBONS ELEGANT CHRISTMAS,3079,4660.6900000000005,358,1.8114325068870523
82581,TOILET METAL SIGN,8399,4649.0,913,0.6903583061889251
22348,TEA BAG PLATE RED RETROSPOT,5327,4648.93,496,1.0783632734530937
21243,PINK  SPOTTY PLATE,2864,4645.09,239,1.8960251046025103
15044B,BLUE PAPER PARASOL,1670,4644.13,189,3.5482539682539684
21042,RED SPOTTY APRON,794,4638.110000000001,204,6.717843137254902
22574,HEART WOODEN CHRISTMAS DECORATION,5074,4629.17,415,1.0663095238095237
21328,BALLOONS  WRITING SET,2441,4612.63,643,2.262357473035439
20675,BLUE POLKADOT BOWL,3616,4611.889999999999,385,1.56426735218509
21878,PACK OF 6 SANDCASTLE FLAGS ASSORTED,5586,4586.48,403,1.0591707317073171
22800,ANTIQUE TALL SWIRLGLASS TRINKET POT,1127,4586.4,268,4.836455223880598
23285,PINK VINTAGE SPOT BEAKER,4807,4572.41,191,1.06703125
10135,COLOURING PENCILS BROWN TUBE,4226,4566.21,324,1.3985626911314983
23404,HOME SWEET HOME BLACKBOARD,1011,4561.76,169,6.0208875739644965
15044D,RED PAPER PARASOL,1596,4559.65,227,3.438471615720524
51014A,"FEATHER PEN,HOT PINK",6671,4556.5,376,0.8243882978723404
85184D,S/4 BLUE ROUND DECOUPAGE BOXES,8312,4552.69,67,3.5328358208955226
22601,CHRISTMAS RETROSPOT ANGEL WOOD,5250,4547.19,417,1.0235071090047392
22743,MAKE YOUR OWN FLOWERPOWER CARD KIT,1502,4542.5,351,3.5751396648044693
37447,CERAMIC CAKE DESIGN SPOTTED PLATE,2891,4540.849999999999,364,1.988224043715847
21614,SET OF 12 ROSE BOTANICAL T-LIGHTS,1627,4538.17,194,3.0643147208121833
21506,"FANCY FONT BIRTHDAY CARD,",10878,4534.49,665,0.4894152923538231
21990,MODERN FLORAL STATIONERY SET,2453,4530.54,497,2.26582
21564,PINK  HEART SHAPE LOVE BUCKET,1951,4524.5,294,3.22935593220339
22908,PACK OF 20 NAPKINS RED APPLES,5610,4524.0,485,0.955668016194332
23275,SET OF 3 HANGING OWLS OLLIE BEAK,3720,4521.72,325,1.4738323353293412
23163,REGENCY SUGAR TONGS,1832,4515.22,209,3.329234449760766
23112,PARISIENNE CURIO CABINET,546,4507.08,241,9.16721991701245
22760,"TRAY, BREAKFAST IN BED",356,4506.89,120,14.2095
23309,SET OF 60 I LOVE LONDON CAKE CASES,8275,4495.849999999999,407,0.7424170616113744
22747,POPPY'S PLAYHOUSE BATHROOM,2035,4487.2,402,2.4089655172413793
84279P,CHERRY BLOSSOM  DECORATIVE FLASK,1145,4476.67,299,4.604666666666667
23167,SMALL CERAMIC TOP STORAGE JAR,5847,4476.01,231,1.0025210084033613
22070,SMALL RED RETROSPOT MUG IN BOX,1511,4462.95,236,4.056386554621849
84968C,SET OF 16 VINTAGE PISTACHIO CUTLERY,375,4451.95,133,15.193507462686568
23288,GREEN VINTAGE SPOT BEAKER,4625,4444.2300000000005,185,1.0418817204301074
22736,RIBBON REEL MAKING SNOWMEN,2467,4439.28,403,2.2283863080684596
21064,BOOM BOX SPEAKER BOYS,884,4432.92,171,5.502183908045977
21864,UNION JACK FLAG PASSPORT COVER,1853,4431.54,411,2.754820143884892
22299,PIG KEYRING WITH LIGHT & SOUND,3912,4430.82,202,1.629207920792079
79341,WILLOW BRANCH LIGHTS.,725,4423.69,79,8.0465
84031A,CHARLIE+LOLA RED HOT WATER BOTTLE,1099,4420.65,314,4.734416403785489
21244,BLUE POLKADOT PLATE,2641,4419.44,241,2.033868312757202
22367,CHILDS APRON SPACEBOY DESIGN,2325,4412.87,310,2.046121794871795
23530,WALL ART ONLY ONE PERSON,1050,4406.57,86,5.584883720930232
22548,HEADS AND TAILS SPORTING FUN,3526,4404.31,428,1.3872499999999999
22573,STAR WOODEN CHRISTMAS DECORATION,4907,4403.83,405,1.0914669926650367
21967,PACK OF 12 SKULL TISSUES,15652,4401.44,479,0.41983471074380163
21535,RETRO SPOT SMALL MILK JUG,1719,4380.61,297,2.9730392156862746
21523,FANCY FONT HOME SWEET HOME DOORMAT,663,4378.65,164,7.976829268292684
22594,CHRISTMAS GINGHAM TREE,4791,4377.33,412,1.1050847457627118
21810,CHRISTMAS HANGING STAR WITH BELL,6959,4374.41,344,0.9649166666666666
85184C,S/4 VALENTINE DECOUPAGE HEART BOX,2110,4369.73,287,3.25923875432526
85053,FRENCH ENAMEL CANDLEHOLDER,2032,4363.28,378,2.618046875
79320,FLAMINGO LIGHTS,904,4357.38,150,5.884066666666667
22896,PEG BAG APPLES DESIGN,1689,4356.2,338,3.1665588235294115
84598,BOYS ALPHABET IRON ON PATCHES,20775,4350.14,217,0.37119815668202766
20677,PINK SPOTTY BOWL,3566,4348.929999999999,348,1.5139772727272727
15039,SANDALWOOD FAN,5101,4345.62,306,1.1448376623376624
21844,RETRO SPOT MUG,1481,4343.01,154,3.400844155844156
23349,ROLL WRAP VINTAGE CHRISTMAS,3221,4342.6,337,1.5426530612244898
22611,VINTAGE UNION JACK SHOPPING BAG,907,4338.63,195,5.167050000000001
22353,LUNCH BOX WITH CUTLERY FAIRY CAKES,1588,4320.21,297,3.2192333333333334
23168,CLASSIC CAFE SUGAR DISPENSER,3075,4311.35,325,1.7985757575757575
21913,VINTAGE SEASIDE JIGSAW PUZZLES,1129,4302.48,298,4.348595317725753
47580,TEA TIME DES TEA COSY,1662,4298.6,344,3.132997118155619
21153,RED SPOTTY TABLECLOTH,393,4294.69,139,11.799856115107914
21012,ANTIQUE ALL GLASS CANDLESTICK,2297,4293.7,299,2.332857142857143
72807A,SET/3 ROSE CANDLE IN JEWELLED BOX,933,4288.33,222,5.752321428571428
23050,RECYCLED ACAPULCO MAT GREEN,497,4286.55,205,9.223268292682926
20966,SANDWICH BATH SPONGE,3007,4265.24,420,1.7994339622641509
21243,PINK  POLKADOT PLATE,2552,4265.05,239,2.115291666666667
22723,SET OF 6 HERB TINS SKETCHBOOK,1164,4262.82,295,4.301208053691275
72802B,OCEAN SCENT CANDLE IN JEWELLED BOX,1559,4258.97,212,4.411596244131455
22312,OFFICE MUG WARMER POLKADOT,1233,4254.05,269,4.289963235294118
20979,36 PENCILS TUBE RED SPOTTY,3395,4252.11,275,1.5688086642599277
22744,MAKE YOUR OWN MONSOON CARD KIT,1515,4245.17,300,3.216754098360656
21556,CERAMIC STRAWBERRY MONEY BOX,1607,4244.41,293,3.251346801346801
20982,12 PENCILS TALL TUBE SKULLS,4851,4243.8,576,0.9613333333333334
22497,SET OF 2 TINS VINTAGE BATHROOM,929,4239.07,279,5.253928571428571
21068,VINTAGE BILLBOARD LOVE/HATE MUG,4066,4224.63,373,1.5829521276595744
21355,TOAST ITS - I LOVE YOU,3452,4218.05,341,1.455664739884393
23089,GLASS BON BON JAR,2354,4215.78,225,2.380175438596491
22600,CHRISTMAS RETROSPOT STAR WOOD,4860,4209.9,429,1.0088532110091741
22797,CHEST OF DRAWERS GINGHAM HEART,242,4205.5599999999995,140,18.55292857142857
84950,ASSORTED COLOUR T-LIGHT HOLDER,6041,4199.2699999999995,274,0.9113818181818182
23144,ZINC T-LIGHT HOLDER STARS SMALL,5089,4197.83,274,0.9436727272727272
23012,GLASS APOTHECARY BOTTLE PERFUME,1071,4197.11,246,4.62991935483871
22851,SET 20 NAPKINS FAIRY CAKES DESIGN,5167,4193.679999999999,523,0.9530827067669172
21470,FLOWER VINE RAFFIA FOOD COVER,1102,4190.93,319,4.200248447204969
21474,SWEETHEART CREAM STEEL FOLDIN BENCH,210,4189.5,94,19.95
20754,RETROSPOT RED WASHING UP GLOVES,1955,4187.43,432,2.500434782608696
21609,SET 12 LAVENDER  BOTANICAL T-LIGHTS,1499,4186.29,218,3.033287671232877
22530,MAGIC DRAWING SLATE DOLLY GIRL,9873,4176.45,464,0.4951914893617021
21238,RED RETROSPOT CUP,4731,4164.55,469,1.0648734177215189
22833,HALL CABINET WITH 3 DRAWERS,120,4163.54,13,48.14846153846155
22127,PARTY CONES CARNIVAL ASSORTED,3468,4153.11,155,1.8159119496855347
84968A,SET OF 16 VINTAGE ROSE CUTLERY,344,4152.17,122,14.016016260162601
22926,IVORY GIANT GARDEN THERMOMETER,680,4150.31,216,6.306635944700461
21143,ANTIQUE GLASS HEART DECORATION,2088,4149.15,182,2.2852941176470587
23110,PARISIENNE KEY CABINET,700,4147.18,255,6.66234375
23486,ANTIQUE HEART SHELF UNIT,275,4145.47,74,17.8127027027027
21539,RETRO SPOTS BUTTER DISH,867,4142.87,173,5.650568181818182
21590,KINGS CHOICE CIGAR BOX MATCHES,3448,4141.28,286,1.246135593220339
70006,LOVE HEART POCKET WARMER,4438,4139.56,290,1.9677364864864864
23283,DOORMAT VINTAGE LEAF,564,4122.2,142,9.177535211267607
84596B,SMALL DOLLY MIX DESIGN ORANGE BOWL,6231,4099.7699999999995,733,0.8668108108108107
23255,CHILDRENS CUTLERY CIRCUS PARADE,1014,4097.22,158,4.346962025316456
22125,UNION JACK HOT WATER BOTTLE,653,4089.09,183,6.847883597883598
22807,SET OF 6 T-LIGHTS TOADSTOOLS,1375,4086.56,294,3.702675585284281
23009,I LOVE LONDON BABY GIFT SET,263,4082.52,103,15.988252427184465
21911,GARDEN METAL SIGN,2546,4080.85,344,2.044550724637681
23193,BUFFALO BILL TREASURE BOOK BOX,1922,4079.28,175,2.730571428571429
21042,RED RETROSPOT APRON,679,4079.2000000000003,195,7.108040201005025
21472,LADYBIRD + BEE RAFFIA FOOD COVER,1056,4077.82,285,4.3950174216027875
20981,12 PENCILS TALL TUBE WOODLAND,4718,4069.16,513,0.9629126213592233
21901,"KEY FOB , BACK DOOR",6158,4061.5099999999998,688,0.8094908062234796
84580,MOUSE TOY WITH PINK T-SHIRT,1057,4051.94,442,3.876792873051225
35924,HANGING FAIRY CAKE DECORATION,2164,4049.4,188,2.7565104166666665
21717,EASTER TIN BUCKET,1554,4039.63,176,2.927272727272727
21679,SKULLS  STICKERS,4871,4034.5099999999998,370,1.0574932614555255
23340,VINTAGE CHRISTMAS CAKE FRILL,2500,4034.08,151,1.9589473684210525
22639,SET OF 4 NAPKIN CHARMS HEARTS,1651,4021.12,275,2.7065124555160143
22053,EMPIRE DESIGN ROSETTE,4551,4020.89,87,1.508390804597701
22284,HEN HOUSE DECORATION,2465,4017.7400000000002,300,1.9993770491803278
22057,CERAMIC PLATE STRAWBERRY DESIGN,3060,4011.73,260,2.046153846153846
21349,IVY HEART WREATH,553,4010.73,171,8.393837209302326
23129,HEART SHAPED HOLLY WREATH,950,3999.5,172,4.576279069767442
21238,RED SPOTTY CUP,4746,3999.45,434,0.9722323462414578
20967,GREY FLORAL FELTCRAFT SHOULDER BAG,1055,3997.34,296,3.9911999999999996
22245,"HOOK, 1 HANGER ,MAGIC GARDEN",4633,3988.85,413,1.1102870813397128
21987,PACK OF 6 SKULL PAPER CUPS,6417,3988.06,385,0.7309923664122138
21955,UNION JACK GUNS & ROSES  DOORMAT,765,3987.11,102,7.410294117647059
22612,TEA COSY VINTAGE UNION JACK,1001,3984.99,109,4.2005405405405405
23306,SET OF 36 DOILIES PANTRY DESIGN,2741,3983.6,244,1.7355510204081632
85206A,CREAM FELT EASTER EGG BASKET,2327,3982.91,318,1.8081055900621115
22244,"HOOK, 3 HANGER ,MAGIC GARDEN",2028,3979.2,208,2.638894230769231
21524,SPOTTY  HOME SWEET HOME DOORMAT,666,3978.34,120,7.139504132231405
22959,WRAP CHRISTMAS VILLAGE,9713,3971.46,283,0.41809859154929574
22356,CHARLOTTE BAG PINK WITH WHITE SPOTS,4343,3959.52,319,1.0442633228840126
21648,ASSORTED TUTTI FRUTTI SMALL PURSE,2940,3956.48,231,1.8345493562231758
22788,BROCANTE COAT RACK,476,3942.62,84,11.650238095238095
23526,WALL ART DOG LICENCE,604,3939.76,114,8.880260869565218
23557,LANDMARK FRAME BAKER STREET,350,3930.27,32,13.181875
22359,GLASS JAR KINGS CHOICE,1236,3928.2799999999997,194,3.652164948453608
18097C,WHITE TALL PORCELAIN T-LIGHT HOLDER,1763,3924.92,211,2.8269339622641505
21812,GARLAND WITH HEARTS AND BELLS,805,3917.49,205,5.597766990291262
22980,PANTRY SCRUBBING BRUSH,2363,3910.01,291,1.9236734693877549
22179,SET 10 NIGHT OWL LIGHTS,505,3908.73,170,8.948604651162789
23081,GREEN METAL BOX ARMY SUPPLIES,467,3906.25,135,9.44148148148148
46000M,POLYESTER FILLER PAD 45x45cm,2517,3901.3500000000004,353,1.55
23049,RECYCLED ACAPULCO MAT RED,456,3896.84,186,8.921505376344086
22314,OFFICE MUG WARMER CHOC+BLUE,1110,3888.48,249,4.341181102362205
21192,WHITE BELL HONEYCOMB PAPER,2167,3885.64,216,2.3542792792792793
22790,"MIRROR, ARCHED GEORGIAN",200,3884.0,1,19.42
23552,BICYCLE PUNCTURE REPAIR KIT,1863,3881.91,116,2.2640650406504066
37340,MULTICOLOUR SPRING FLOWER MUG,13665,3881.33,204,3.3486341463414635
21181,PLEASE ONE PERSON  METAL SIGN,1867,3868.0699999999997,178,2.421564245810056
72802A,ROSE SCENT CANDLE IN JEWELLED BOX,923,3864.87,186,4.585401069518717
21244,BLUE  SPOTTY PLATE,2404,3859.6299999999997,204,1.8492718446601941
22475,SKULL DESIGN TV DINNER TRAY,769,3856.7999999999997,256,6.003552123552124
22591,CARDHOLDER GINGHAM CHRISTMAS TREE,1347,3854.15,208,3.4746411483253583
22843,BISCUIT TIN VINTAGE GREEN,594,3851.76,176,7.18123595505618
22478,BIRDHOUSE GARDEN MARKER,2772,3848.41,317,1.6139747634069401
22272,FELTCRAFT DOLL MARIA,1371,3848.34,300,3.1599342105263157
22445,PENCIL CASE LIFE IS BEAUTIFUL,1251,3842.66,271,3.474483985765125
21447,12 IVORY ROSE PEG PLACE SETTINGS,2776,3842.63,336,1.6250146627565982
22118,JOY WOODEN BLOCK LETTERS,799,3842.07,271,5.403333333333333
23111,PARISIENNE SEWING BOX,312,3839.2400000000002,138,13.468920863309354
21055,TOOL BOX SOFT TOY,386,3839.0899999999997,222,10.465964125560538
85040B,SET/4 BLUE FLOWER CANDLES IN BOWL,2458,3837.2999999999997,255,1.7586923076923076
22892,SET OF SALT AND PEPPER TOADSTOOLS,3123,3835.71,265,1.3115471698113208
21067,VINTAGE RED TEATIME MUG,4763,3830.67,266,1.505805243445693
22778,GLASS CLOCHE SMALL,968,3828.66,193,4.9195
22777,GLASS CLOCHE LARGE,453,3821.8199999999997,99,10.184545454545454
23194,GYMKHANA TREASURE BOOK BOX,1715,3815.5299999999997,200,2.7494581280788175
85040A,S/4 PINK FLOWER CANDLES IN BOWL,2116,3809.64,434,2.079955456570156
85114B,IVORY ENCHANTED FOREST PLACEMAT,2073,3804.81,242,2.2163374485596705
21846,PINK DIAMANTE PEN IN GIFT BOX,1601,3803.4,264,3.9122641509433964
21034,REX CASH+CARRY JUMBO SHOPPER,4002,3801.9,1902,0.95
22355,"CHARLOTTE BAG , SUKI DESIGN",4406,3796.59,339,1.0933333333333333
21100,CHARLIE AND LOLA CHARLOTTE BAG,2540,3795.0,269,2.230259259259259
84016,FLAG OF ST GEORGE CAR FLAG,1004,3791.67,62,53.19758064516129
22458,CAST IRON HOOK GARDEN FORK,1523,3790.47,173,2.86393063583815
71038,WHITE HANGING BEADS CANDLE HOLDER,717,3789.25,144,5.411379310344827
23253,16 PIECE CUTLERY SET PANTRY DESIGN,254,3785.06,69,17.16623188405797
21154,RED SPOTTY OVEN GLOVE,2816,3778.37,339,1.5846397694524497
84356,POMPOM CURTAIN,750,3771.04,133,6.5449624060150375
21743,STAR PORTABLE TABLE LIGHT,1288,3767.08,182,3.553675675675676
21627,ELEPHANT CARNIVAL POUFFE,195,3766.35,115,22.700782608695654
23299,FOOD COVER WITH BEADS SET 2,1009,3761.63,145,4.374758620689655
21813,GARLAND WITH STARS AND BELLS,815,3761.41,184,5.46010752688172
22830,UTILTY CABINET WITH HOOKS,181,3760.71,18,26.23611111111111
21329,DINOSAURS  WRITING SET,2082,3760.66,555,2.1119964349376112
21845,DAIRY MAID STRIPE MUG,2521,3758.41,158,2.1685443037974683
23092,LARGE ANTIQUE WHITE PHOTO FRAME,523,3757.78,135,8.100962962962964
21899,"KEY FOB , GARAGE DESIGN",5899,3756.66,475,0.7801863354037267
22544,MINI JIGSAW SPACEBOY,9382,3756.52,341,0.5107894736842106
22425,ENAMEL COLANDER CREAM,732,3754.4,278,5.648817204301075
84558A,3D DOG PICTURE PLAYING CARDS,1280,3753.2799999999997,218,3.373677130044843
85049C,ROMANTIC PINKS RIBBONS,2982,3748.75,501,1.3440980392156863
22356,"CHARLOTTE BAG , PINK/WHITE SPOTS",4453,3740.38,359,1.0619220055710306
22162,HEART GARLAND RUSTIC PADDED,1218,3737.9,260,3.383735849056604
21795,SET OF 3 BLUE STRIPE BASKET,441,3734.9399999999996,80,13.154124999999999
22732,3D VINTAGE CHRISTMAS STICKERS,2713,3733.84,299,1.577467105263158
22494,EMERGENCY FIRST AID TIN,2765,3730.92,468,1.7174734607218682
23064,CINDERELLA CHANDELIER,221,3717.56,23,45.48739130434783
22579,WOODEN TREE CHRISTMAS SCANDINAVIAN,7056,3715.68,550,0.6896672504378284
21041,RED SPOTTY OVEN GLOVE DOUBLE,1284,3715.23,173,3.6568181818181817
22782,SET 3 WICKER STORAGE BASKETS,254,3712.2999999999997,84,19.985714285714284
23236,STORAGE TIN VINTAGE DOILY,1272,3704.78,190,3.4103125
21351,CINAMMON & ORANGE WREATH,1099,3702.75,177,5.481508379888268
21495,SKULLS AND CROSSBONES WRAP,9065,3695.3,267,0.41797752808988764
23182,TOILET SIGN OCCUPIED OR VACANT,3741,3688.21,433,1.5304347826086955
22398,MAGNETS PACK OF 4 SWALLOWS,4239,3687.48,430,1.0138812785388127
20692,FLORAL ELEPHANT SOFT TOY,908,3682.76,139,4.892127659574468
23130,MISTLETOE HEART WREATH GREEN,882,3676.18,179,4.532011173184357
23013,GLASS APOTHECARY BOTTLE TONIC,924,3674.16,223,4.672946428571429
20785,FUSCHIA RETRO BAR STOOL,102,3672.35,36,37.55945945945946
22080,RIBBON REEL SPOTS DESIGN,2211,3668.58,277,1.8497491039426521
21240,BLUE POLKADOT CUP,4191,3658.27,399,1.1093516209476308
22769,CHALKBOARD KITCHEN ORGANISER,174,3656.86,45,29.071555555555555
22823,CHEST NATURAL WOOD 20 DRAWERS,32,3655.0,18,117.5
21592,RETRO SPOT  CIGAR BOX MATCHES,3104,3652.0,190,1.2430729166666665
85232D,SET/3 DECOUPAGE STACKING TINS,702,3646.83,224,5.972544642857144
22962,JAM JAR WITH PINK LID,4366,3640.93,354,1.051380281690141
21486,PINK HEART DOTS HOT WATER BOTTLE,1116,3638.67,294,3.903737373737374
22589,CARDHOLDER GINGHAM STAR,1317,3626.78,238,3.0943153526970955
22461,SAVOY ART DECO CLOCK,410,3607.81,146,12.368561643835616
23294,SET OF 6 SNACK LOAF BAKING CASES,4392,3607.81,354,1.089776536312849
22353,LUNCHBOX WITH CUTLERY FAIRY CAKES,1451,3597.68,196,3.0384848484848486
23032,DRAWER KNOB CRACKLE GLAZE IVORY,2154,3595.38,194,1.7784848484848483
21787,RAIN PONCHO WITH RED SPOTS,4727,3592.97,161,1.0345061728395062
21866,UNION JACK FLAG LUGGAGE TAG,2168,3591.5,453,1.7704347826086957
22774,RED DRAWER KNOB ACRYLIC EDWARDIAN,2791,3591.06,184,1.5565405405405404
21509,COWBOYS AND INDIANS BIRTHDAY CARD,8696,3587.2200000000003,628,0.5027344992050874
23085,ANTIQUE SILVER BAUBLE LAMP,376,3583.23,78,10.834999999999999
71477,COLOURED GLASS STAR T-LIGHT HOLDER,1012,3580.96,52,4.481132075471698
23497,CLASSIC CHROME BICYCLE BELL,2498,3578.62,193,1.6264141414141413
22944,CHRISTMAS METAL POSTCARD WITH BELLS,4870,3577.99,158,1.3859509202453988
20784,RED RETRO BAR STOOL,101,3570.87,37,36.42621621621622
21112,"SWISS ROLL TOWEL, PINK  SPOTS",1516,3570.57,150,3.2843708609271522
22704,WRAP RED APPLES,8678,3564.76,295,0.41891525423728815
84797A,PINK HAWAIIAN PICNIC HAMPER FOR 4,499,3560.09,61,11.082131147540984
22334,DINOSAUR PARTY BAG + STICKER SET,2230,3552.3599999999997,264,1.7397014925373133
21794,CLASSIC FRENCH STYLE BASKET NATURAL,713,3552.09,178,6.00247191011236
22603,CHRISTMAS RETROSPOT TREE WOOD,4143,3552.09,388,1.0315656565656566
23210,WHITE ROCKING HORSE HAND PAINTED,2849,3551.53,192,1.4668316831683168
22320,BIRDS MOBILE VINTAGE DESIGN,598,3545.02,180,6.202333333333334
23332,IVORY WICKER HEART LARGE,2059,3542.71,287,1.7616891891891888
20886,BOX OF 9 PEBBLE CANDLES,1777,3540.22,308,2.387220447284345
21784,SHOE SHINE BOX,290,3538.2799999999997,178,12.688595505617975
21054,NURSE'S BAG SOFT TOY,382,3538.0,182,9.614863387978142
20786,BLACK RETRO BAR STOOL,99,3533.9,31,36.876875
23191,BUNDLE OF 3 RETRO NOTE BOOKS,2141,3529.89,276,1.8762411347517731
22602,CHRISTMAS RETROSPOT HEART WOOD,4307,3529.31,289,0.9706397306397305
47505,MINATURE COLOURED GARDENING SET,737,3527.42,178,5.334722222222222
21179,NO JUNK MAIL METAL SIGN,4284,3517.9,505,1.328307392996109
23091,ZINC HERB GARDEN CONTAINER,556,3516.64,204,6.744
23353,6 GIFT TAGS VINTAGE CHRISTMAS,4007,3510.05,327,0.9988519637462235
22765,NEWSPAPER STAND,311,3508.2999999999997,53,17.09075471698113
23189,SET OF 12 FORK CANDLES,1249,3507.5099999999998,141,3.3956338028169015
22902,TOTE BAG I LOVE LONDON,1716,3506.56,199,2.593283582089552
84352,SILVER CHRISTMAS TREE BAUBLE STAND,206,3505.58,126,17.837936507936508
21499,BLUE POLKADOT WRAP,8702,3504.84,264,0.41628787878787876
22076,6 RIBBONS EMPIRE,2353,3490.19,375,1.7291556728232191
21469,POLKA DOT RAFFIA FOOD COVER,1165,3482.01,210,3.972095238095238
22352,LUNCHBOX WITH CUTLERY RETROSPOT,1412,3481.89,231,2.9080769230769232
21466,RED FLOWER CROCHET FOOD COVER,927,3479.79,275,3.984782608695652
22764,"RUSTIC WOODEN CABINET, GLASS DOORS",183,3462.49,25,24.5848
22309,TEA COSY RED  STRIPE,1331,3459.08,266,3.446516853932584
20675,BLUE SPOTTY BOWL,2849,3455.94,308,1.4349838187702264
21559,STRAWBERRY LUNCHBOX WITH CUTLERY,1448,3454.09,183,2.910752688172043
22172,METAL SHELF WITH RAIL,378,3451.82,185,9.579301075268818
23350,ROLL WRAP VINTAGE SPOT,2712,3445.08,305,1.4612861736334404
23426,METAL SIGN DROP YOUR PANTS,1275,3444.43,206,3.3344711538461542
84510A,SET OF 4 ENGLISH ROSE COASTERS,2477,3439.84,532,1.7682990654205606
23354,6 GIFT TAGS 50'S CHRISTMAS,3740,3429.4,322,0.9722121212121212
22531,MAGIC DRAWING SLATE CIRCUS PARADE,7944,3427.12,402,0.486019656019656
23156,SET OF 5 MINI GROCERY MAGNETS,1665,3423.29,205,2.261497584541063
23127,FELTCRAFT GIRL NICOLE KIT,668,3422.4,182,5.279782608695652
48189,DOOR MAT FRIENDSHIP,468,3420.2400000000002,179,8.162513966480446
23014,GLASS APOTHECARY BOTTLE ELIXIR,856,3419.58,209,4.863838862559241
23388,WOODLAND MINI BACKPACK,816,3411.34,152,4.640657894736842
21191,LARGE WHITE HONEYCOMB PAPER BELL,1479,3408.61,201,2.8894554455445545
21902,"KEY FOB , FRONT  DOOR",5359,3408.0299999999997,474,0.7798367346938776
21364,PEACE SMALL WOOD LETTERS,468,3407.7200000000003,167,7.620658682634731
84472,PINK AND LILAC QUILTED THROW,87,3402.32,30,46.424
37501,TEA TIME TEA SET IN GIFT BOX,481,3401.15,177,7.300000000000001
22440,BALLOON WATER BOMB PACK OF 35,8523,3399.41,292,0.4507333333333333
20983,12 PENCILS TALL TUBE RED RETROSPOT,3922,3395.02,383,0.9333080808080807
22059,CERAMIC STRWBERRY DESIGN MUG,2347,3393.1,215,1.8904017857142856
22459,CAST IRON HOOK GARDEN TROWEL,1378,3389.74,172,2.887586206896551
44230,SQUARE MIRROR CURTAIN,347,3381.62,53,9.157547169811322
22428,ENAMEL FIRE BUCKET CREAM,459,3379.67,191,7.964375
21327,SKULLS WRITING SET,1926,3378.51,495,2.00214
84968D,S/16 VINTAGE RED CUTLERY,288,3375.25,39,14.775641025641026
23188,VINTAGE  2 METRE FOLDING RULER,1627,3374.05,152,1.9993506493506492
22862,LOVE HEART NAPKIN BOX,758,3373.22,221,4.877876106194691
22776,SWEETHEART 3 TIER CAKE STAND,284,3371.58,158,12.072264150943397
84508A,CAMOFLAGE DESIGN TEDDY,1586,3368.9199999999996,44,2.541555555555555
22822,CREAM WALL PLANTER HEART SHAPED,581,3367.35,183,6.362445652173913
22366,DOOR MAT AIRMAIL,455,3366.71,139,8.424676258992806
21211,SET OF 72 SKULL PAPER  DOILIES,2405,3365.64,237,1.6702521008403362
22223,CAKE PLATE LOVEBIRD PINK,726,3359.66,175,5.410338983050847
22477,WATERING CAN GARDEN MARKER,2414,3356.74,276,1.6487364620938627
23239,SET OF 4 KNICK KNACK TINS POPPIES,842,3353.84,178,4.393646408839779
22047,EMPIRE GIFT WRAP,8250,3351.0,261,0.4179310344827586
22167,"WALL MIRROR , DIAMANTE OVAL SHAPE",425,3331.91,129,11.791846153846153
21917,SET 12 KIDS  WHITE CHALK STICKS,8010,3324.22,467,0.4968577494692144
22136,LOVE HEART SOCK HANGER,1989,3322.22,265,2.0905555555555555
22536,MAGIC DRAWING SLATE PURDEY,8443,3314.08,351,0.45702777777777776
23065,LARGE DECO JEWELLERY STAND,263,3302.44,95,12.99621052631579
84813,SET OF 4 DIAMOND NAPKIN RINGS,422,3300.7599999999998,99,11.604747474747473
21500,PINK POLKADOT WRAP,8125,3298.5,260,0.4165384615384615
22176,BLUE OWL SOFT TOY,1088,3297.93,257,3.3631660231660234
22183,CAKE STAND VICTORIAN FILIGREE MED,586,3297.25,209,6.313157894736842
20702,PINK PADDED MOBILE,782,3296.7,245,4.303225806451613
21239,PINK  POLKADOT CUP,3685,3292.9,382,1.1207012987012985
20681,PINK SPOTTY CHILDS UMBRELLA,1000,3292.86,206,3.6892270531400966
22122,SET OF 2 FANCY FONT TEA TOWELS,1095,3290.08,191,3.4707142857142856
37410,BLACK AND WHITE PAISLEY FLOWER MUG,25707,3288.65,33,7.556969696969697
22281,EASTER TREE YELLOW BIRDS,511,3285.86,149,8.12261744966443
84031B,CHARLIE LOLA BLUE HOT WATER BOTTLE,840,3279.66,271,4.744311594202899
22762,CUPBOARD 3 DRAWER MA CAMPAGNE,204,3276.62,133,17.33932330827068
23308,SET OF 60 VINTAGE LEAF CAKE CASES,6139,3272.6099999999997,382,0.6942159383033419
22967,SET 3 SONG BIRD PAPER EGGS ASSORTED,1171,3271.41,138,3.0120289855072464
22794,SWEETHEART WIRE MAGAZINE RACK,389,3271.35,209,8.881196172248805
84975,HEART SHAPED MIRROR,1990,3266.4,212,2.0309345794392524
21467,CHERRY CROCHET FOOD COVER,1025,3263.75,254,4.033984375
23395,BELLE JARDINIERE CUSHION COVER,748,3257.08,210,4.915592417061611
23053,RECYCLED ACAPULCO MAT PINK,364,3254.32,164,9.819390243902438
21477,STRING OF 20 ROSE LIGHTS,273,3248.94,45,14.872666666666666
22059,CERAMIC STRAWBERRY DESIGN MUG,2593,3245.93,243,1.668893280632411
84849B,FAIRY SOAP SOAP HOLDER,1936,3244.14,293,2.0241496598639457
84596F,SMALL MARSHMALLOWS PINK BOWL,4739,3243.32,614,0.8886516853932585
22419,LIPSTICK PEN RED,6847,3242.59,509,0.5990366088631984
21829,DINOSAUR KEYRINGS ASSORTED,15035,3242.18,409,0.264126213592233
22792,FLUTED ANTIQUE CANDLE HOLDER,3489,3241.13,262,1.124885496183206
22733,3D TRADITIONAL CHRISTMAS STICKERS,2461,3238.49,302,1.5417532467532469
23051,RECYCLED ACAPULCO MAT BLUE,365,3223.49,162,9.636790123456791
20992,JAZZ HEARTS PURSE NOTEBOOK,6151,3220.3999999999996,433,0.6853215077605321
23230,WRAP ALPHABET DESIGN,7976,3217.92,235,0.41736170212765955
21732,RED HANGING METAL STAR TLIGHT HLDR,925,3214.57,58,3.8156666666666665
21473,SWEETHEART CREAM STEEL TABLE RECT,157,3212.16,90,20.839
22194,BLACK DINER WALL CLOCK,373,3212.1,160,9.188625
84837,WHITE SWEETHEARTS CABINET 4 DRAWERS,251,3210.04,143,13.428888888888888
79323GR,GREEN CHERRY LIGHTS,532,3209.36,83,7.097469879518073
23393,HOME SWEET HOME CUSHION COVER,801,3207.91,229,4.481428571428571
79164,BLACK WINE GLASS,3653,3196.0099999999998,91,6.560434782608695
21986,PACK OF 12 PINK SPOT TISSUES,8317,3194.19,197,0.40386934673366837
21333,CLASSIC WHITE FRAME,1057,3192.09,222,3.225765765765766
21111,"SWISS ROLL TOWEL, CHOCOLATE  SPOTS",1379,3187.16,214,3.501898148148148
21830,ASSORTED CREEPY CRAWLIES,7658,3185.6,256,0.46162790697674416
21628,TRIANGULAR POUFFE VINTAGE,164,3185.2799999999997,87,22.65022988505747
21584,RETRO SPOT SMALL TUBE MATCHES,2005,3183.45,131,1.647037037037037
22503,CABIN BAG VINTAGE PAISLEY,141,3178.02,54,25.080925925925925
84968C,S/16 VINTAGE PISTACHIO CUTLERY,262,3177.2999999999997,58,14.377758620689654
21557,SET OF 6 FUNKY BEAKERS,932,3169.39,302,4.149375
22863,SOAP DISH BROCANTE,1107,3166.61,169,3.2187058823529417
21936,RED/WHITE SPOT PICNIC BAG,1125,3164.59,111,3.6107964601769913
21949,SET OF 6 STRAWBERRY CHOPSTICKS,2598,3164.18,269,1.7667777777777778
22965,3 TRADITIONAl BISCUIT CUTTERS  SET,1488,3162.64,250,2.342896825396825
23342,MINT DINER WALL CLOCK,371,3159.41,162,8.835555555555555
22702,BLACK AND WHITE CAT BOWL,1589,3156.3199999999997,94,2.176842105263158
22700,BLACK AND WHITE DOG BOWL,1384,3155.4,98,2.8379591836734694
84944,SET OF 6 KASHMIR FOLKART BAUBLES,1135,3153.88,194,3.8585204081632654
21519,GIN & TONIC DIET GREETING CARD,7356,3149.93,553,0.5015342960288808
23035,DRAWER KNOB CERAMIC IVORY,2155,3147.79,190,1.646020942408377
23323,WHITE WICKER STAR,1469,3146.7799999999997,294,2.251291390728477
22313,OFFICE MUG WARMER PINK,985,3146.07,137,4.273453237410072
21705,BAG 500g SWIRLY MARBLES,2534,3145.71,225,1.8070175438596492
21239,PINK  SPOTTY CUP,3684,3145.4900000000002,369,0.9951612903225806
21500,PINK SPOTS  WRAP,7825,3144.5,232,0.41620689655172416
22773,GREEN DRAWER KNOB ACRYLIC EDWARDIAN,2368,3141.11,226,1.5384782608695653
22325,MOBILE VINTAGE HEARTS,699,3139.99,224,5.006
21820,GLITTER HEART GARLAND WITH BELLS,795,3132.39,180,4.692065217391304
82578,KITCHEN METAL SIGN,5595,3129.24,704,0.7130898876404494
22095,LADS ONLY TISSUE BOX,2978,3123.0299999999997,284,1.3891780821917807
23346,SPACEBOY BEAKER,2628,3112.34,184,1.5186559139784948
21352,EUCALYPTUS & PINECONE  WREATH,880,3110.2799999999997,158,5.293647798742139
21272,SALLE DE BAIN HOOK,2348,3109.83,339,1.6387209302325583
22406,MONEY BOX KINGS CHOICE DESIGN,2451,3104.35,214,1.467685185185185
22891,TEA FOR ONE POLKADOT,644,3103.7,230,5.596608695652174
22177,5 HOOK BLACKBOARD ORGANISER,325,3101.46,125,11.89312
22972,CHILDREN'S SPACEBOY MUG,1810,3100.94,238,1.995774058577406
47504K,ENGLISH ROSE GARDEN SECATEURS,2654,3096.08,312,1.8726498422712934
22572,ROCKING HORSE GREEN CHRISTMAS,3439,3087.18,362,1.0399731903485254
20956,PORCELAIN T-LIGHT HOLDERS ASSORTED,2338,3083.82,236,1.7566390041493773
79072,TEATIME CAKE TIN WITH HANDLE,284,3083.2,107,12.714485981308412
21707,"FOLDING UMBRELLA , BLACK/BLUE  SPOT",775,3077.01,69,5.066811594202899
84279B,CHERRY BLOSSOM DECORATIVE FLASK,808,3076.92,215,4.296511627906977
21765,HANGING METAL BIRD BATH,371,3076.3900000000003,143,9.029794520547947
22347,PIZZA SLICE DISH,2680,3074.18,113,1.6698230088495576
23188,VINTAGE  2 METER FOLDING RULER,1844,3073.7200000000003,181,1.8808196721311474
22372,AIRLINE BAG VINTAGE WORLD CHAMPION,604,3073.43,287,5.338298611111111
22154,ANGEL DECORATION 3 BUTTONS,7114,3073.32,317,0.5343768996960486
84912B,GREEN ROSE WASHBAG,1125,3072.64,259,3.5072030651340995
22473,TV DINNER TRAY VINTAGE PAISLEY,811,3070.92,209,5.201387559808612
22757,LARGE RED BABUSHKA NOTEBOOK,2696,3070.18,308,1.519105431309904
21206,STRAWBERRY HONEYCOMB  GARLAND,2155,3067.9,238,1.8592916666666666
21537,RED RETROSPOT PUDDING BOWL,711,3065.45,182,4.668387096774194
22963,JAM JAR WITH GREEN LID,3670,3060.43,317,1.073625
20985,HEART CALCULATOR,2370,3047.99,291,1.5422333333333333
84969,BOX OF 6 ASSORTED COLOUR TEASPOONS,701,3047.91,255,4.753529411764706
21408,SPOTTY PINK DUCK DOORSTOP,703,3045.31,240,5.908458333333333
22754,SMALL RED BABUSHKA NOTEBOOK,3924,3044.8599999999997,492,0.994507042253521
23461,SWEETHEART BIRD HOUSE,847,3041.21,94,4.551500000000001
23329,DECORATIVE WICKER HEART LARGE,1767,3038.19,233,1.7691199999999998
22208,WOOD STAMP SET THANK YOU,2366,3036.9500000000003,433,1.5570748299319728
22037,ROBOT BIRTHDAY CARD,7054,3035.7,634,0.521748031496063
21588,RETRO SPOT GIANT  TUBE MATCHES,1295,3034.9500000000003,102,2.5240384615384617
15044C,PURPLE PAPER PARASOL,967,3027.2599999999998,231,3.820387931034483
23242,TREASURE TIN BUFFALO BILL,1470,3024.63,214,2.2825345622119815
23237,SET OF 4 KNICK KNACK TINS LEAF,747,3020.61,123,4.271626016260163
22067,CHOC TRUFFLE GOLD TRINKET POT,1855,3019.32,252,2.096968503937008
21626,VINTAGE UNION JACK PENNANT,1496,3017.0699999999997,204,2.3283009708737863
22349,"DOG BOWL , CHASING BALL DESIGN",754,3014.3,136,4.172205882352941
22402,MAGNETS PACK OF 4 VINTAGE COLLAGE,3431,3012.78,250,0.9221259842519685
84912A,PINK ROSE WASHBAG,1096,3012.0,232,3.6381115879828325
22202,MILK PAN PINK RETROSPOT,743,3011.2400000000002,184,5.120486486486486
22805,BLUE DRAWER KNOB ACRYLIC EDWARDIAN,2207,3008.82,231,1.664025974025974
23236,DOILEY STORAGE TIN,1094,3004.46,122,3.103008130081301
22712,CARD DOLLY GIRL,7295,3002.42,508,0.5518664047151277
22755,SMALL PURPLE BABUSHKA NOTEBOOK,3776,2997.63,499,0.9772189349112426
23390,DOLLY GIRL MINI BACKPACK,739,2992.3900000000003,161,4.392682926829269
22132,RED LOVE HEART SHAPE CUP,3345,2989.81,388,1.149254498714653
22925,BLUE GIANT GARDEN THERMOMETER,488,2989.52,191,6.48421875
21507,"ELEPHANT, BIRTHDAY CARD,",7113,2980.63,489,0.49518367346938774
21354,TOAST ITS - BEST MUM,2476,2979.46,217,1.4986238532110092
22375,AIRLINE BAG VINTAGE JET SET BROWN,590,2969.29,284,5.488701754385965
22519,CHILDS GARDEN BRUSH PINK,1425,2968.77,258,2.477846153846154
21706,"FOLDING UMBRELLA , RED/WHITE SPOT",916,2962.82,104,5.286153846153846
22905,CALENDAR IN SEASON DESIGN,1077,2957.17,194,2.9630769230769234
22674,FRENCH TOILET SIGN BLUE METAL,2377,2956.33,297,1.4519666666666666
22664,TOY TIDY DOLLY GIRL DESIGN,1429,2954.19,266,2.761428571428571
22816,CARD MOTORBIKE SANTA,6856,2950.93,436,0.4823006833712984
22927,GREEN GIANT GARDEN THERMOMETER,468,2948.57,162,6.695493827160495
23211,RED ROCKING HORSE HAND PAINTED,2329,2930.57,160,1.5651851851851852
22071,SMALL WHITE RETROSPOT MUG IN BOX,1147,2929.75,175,3.8278531073446325
85049D,BRIGHT BLUES RIBBONS,2332,2927.88,402,1.326479217603912
22277,COSMETIC BAG VINTAGE ROSE PAISLEY,1400,2927.49,250,2.475277777777778
21948,SET OF 6 CAKE CHOPSTICKS,2293,2921.36,267,1.8755762081784386
21214,SET OF 72 IVORY PAPER DOILIES,2006,2920.8199999999997,199,1.9927722772277228
22990,COTTON APRON PANTRY DESIGN,633,2917.43,164,5.315301204819277
21592,RETROSPOT CIGAR BOX MATCHES,2772,2900.46,286,1.1606101694915254
22518,CHILDS GARDEN BRUSH BLUE,1398,2899.7999999999997,266,2.545430711610487
23290,SPACEBOY CHILDRENS BOWL,2430,2890.35,214,1.4357009345794394
22184,CAKE STAND VICTORIAN FILIGREE LARGE,389,2887.07,146,9.19986301369863
21584,RETROSPOT SMALL TUBE MATCHES,1764,2886.6,221,1.6482905982905982
23345,DOLLY GIRL BEAKER,2451,2886.25,174,1.5064204545454545
22955,36 FOIL STAR CAKE CASES,1448,2885.2599999999998,185,2.2595312499999998
22811,SET OF 6 T-LIGHTS CACTI,1021,2884.13,140,4.010921985815602
23283,DOORMAT VINTAGE LEAVES DESIGN,430,2881.18,91,7.847912087912087
23056,FLOWERS CHANDELIER T-LIGHT HOLDER,960,2879.37,38,6.182564102564102
21240,BLUE  SPOTTY CUP,3390,2877.47,370,0.9885714285714285
85114C,RED ENCHANTED FOREST PLACEMAT,1364,2875.7,203,2.246730769230769
21465,PINK FLOWER CROCHET FOOD COVER,793,2875.64,187,4.030588235294117
21821,GLITTER STAR GARLAND WITH BELLS,713,2866.6,153,4.836602564102564
22072,TEA CUP AND SAUCER RETRO SPOT,700,2866.34,137,4.624892086330935
85132B,CHARLIE AND LOLA TABLE TINS,929,2863.37,133,5.291654135338345
22480,RED TEA TOWEL CLASSIC DESIGN,2368,2863.06,263,1.2736704119850186
21424,WOODLAND STORAGE BOX LARGE,955,2861.64,142,4.811619718309859
23427,STOOL HOME SWEET HOME,237,2860.58,114,12.967478260869566
22073,RETRO SPOT STORAGE JAR,729,2853.29,155,4.591075949367089
22581,WOOD STOCKING CHRISTMAS SCANDISPOT,3565,2852.63,380,0.9357179487179488
23504,PLAYING CARDS JUBILEE UNION JACK,1927,2848.89,208,1.3483410138248846
22930,BAKING MOULD HEART MILK CHOCOLATE,1108,2846.8,189,3.073350785340314
23212,HEART WREATH DECORATION WITH BELL,2284,2845.89,185,1.4963157894736843
21324,HANGING MEDINA LANTERN SMALL,1014,2845.71,175,3.7048022598870056
21688,SILVER PLATE CANDLE BOWL SMALL,912,2845.65,142,3.6079577464788737
22080,RIBBON REEL POLKADOTS,1676,2843.86,242,2.0024489795918368
22449,SILK PURSE BABUSHKA PINK,863,2843.8300000000004,218,3.3467272727272728
21439,BASKET OF TOADSTOOLS,2259,2837.54,240,1.5492181069958846
22576,SWALLOW WOODEN CHRISTMAS DECORATION,3132,2835.08,330,1.0617867435158501
22285,"DECORATION HEN ON NEST, HANGING",1877,2829.19,147,1.868157894736842
22731,3D CHRISTMAS STAMPS STICKERS,2018,2828.62,232,1.5429361702127657
22710,WRAP I LOVE LONDON,7184,2821.28,173,0.4159537572254335
22217,T-LIGHT HOLDER HANGING LACE,2374,2814.81,214,1.405925925925926
22671,FRENCH LAUNDRY SIGN BLUE METAL,1688,2811.34,246,2.044412955465587
21508,VINTAGE KID DOLLY CARD,6716,2808.62,541,0.517097966728281
35001W,HAND OPEN SHAPE DECO.WHITE,883,2806.69,190,4.085520833333334
22452,MEASURING TAPE BABUSHKA PINK,1089,2806.4,207,2.5631578947368423
84909A,PINK PAISLEY QUILT,209,2797.55,30,17.176666666666666
22974,CHILDRENS DOLLY GIRL MUG,1636,2795.81,211,2.039433962264151
22696,WICKER WREATH LARGE,1415,2790.83,288,2.258406779661017
21360,JOY LARGE WOOD LETTERS,441,2790.41,100,10.0931
22101,MIRROR MOSAIC VOTIVE HOLDER,1909,2790.27,116,2.3282905982905984
85199S,SMALL HANGING IVORY/RED WOOD BIRD,6022,2789.28,486,0.5843775100401606
22949,36 DOILIES DOLLY GIRL,1965,2788.5299999999997,162,1.736604938271605
84519A,TOMATO CHARLIE+LOLA COASTER SET,1200,2788.45,203,2.9695566502463056
21796,SET OF 3 RED STRIPE BASKETS,324,2782.19,67,12.662089552238806
21728,METAL MEDINA LANTERN,298,2773.11,40,13.710249999999998
21188,3D HEARTS  HONEYCOMB PAPER GARLAND,912,2771.34,128,3.576212121212121
21682,LARGE MEDINA STAMPED METAL BOWL,559,2767.59,152,5.280526315789474
22365,DOOR MAT RESPECTABLE HOUSE,379,2765.69,123,8.27260162601626
22242,5 HOOK HANGER MAGIC TOADSTOOL,1774,2763.96,110,1.8511711711711711
23190,BUNDLE OF 3 SCHOOL EXERCISE BOOKS,1702,2761.9,202,1.7966009852216749
22081,RIBBON REEL FLORA + FAUNA,1559,2761.04,302,2.1825986842105265
21683,MEDIUM MEDINA STAMPED METAL BOWL,936,2757.47,152,3.308627450980392
23542,WALL ART 70'S ALPHABET,356,2757.06,74,10.14864864864865
22675,FRENCH KITCHEN SIGN BLUE METAL,2227,2754.95,270,1.4426373626373625
15058C,ICE CREAM DESIGN GARDEN PARASOL,470,2753.72,122,9.667049180327869
22145,CHRISTMAS CRAFT HEART STOCKING,1306,2752.66,197,2.3686069651741297
84795C,OCEAN STRIPE HAMMOCK,325,2752.59,131,9.477954545454544
51014C,"FEATHER PEN,COAL BLACK",4269,2752.33,266,0.8284644194756554
23147,SINGLE ANTIQUE ROSE HOOK IVORY,1868,2752.2,261,1.5256226415094338
85015,SET OF 12  VINTAGE POSTCARD SET,2908,2750.0,254,1.8354724409448817
22315,200 RED + WHITE BENDY STRAWS,2136,2749.51,387,1.448560411311054
22525,CHILDRENS GARDEN GLOVES PINK,1946,2748.79,328,1.6535258358662615
23266,SET OF 3 WOODEN STOCKING DECORATION,2053,2743.82,319,1.454005934718101
23341,PINK DINER WALL CLOCK,307,2741.35,121,9.943057851239669
22482,BLUE TEA TOWEL CLASSIC DESIGN,2319,2739.43,214,1.2477064220183487
23100,SILVER BELLS TABLE DECORATION,2166,2739.38,257,1.426235741444867
22161,HEART DECORATION RUSTIC HANGING,6726,2738.2799999999997,489,0.6999212598425197
85183B,CHARLIE & LOLA WASTEPAPER BIN FLORA,1725,2731.7599999999998,171,2.454418604651163
22066,LOVE HEART TRINKET POT,3435,2729.16,273,1.1550714285714285
21788,KIDS RAIN MAC BLUE,3375,2725.0899999999997,206,0.9104225352112676
22167,OVAL WALL MIRROR DIAMANTE,265,2724.42,174,10.95528735632184
16161U,WRAP SUKI AND FRIENDS,6676,2721.92,208,0.4185576923076923
22818,CARD CHRISTMAS VILLAGE,6290,2720.86,404,0.47586633663366334
22651,GENTLEMAN SHIRT REPAIR KIT,3175,2720.86,270,1.1600367647058822
22914,BLUE COAT RACK PARIS FASHION,570,2720.66,170,5.446140350877193
47503J,SET/3 FLORAL GARDEN TOOLS IN BAG,344,2719.38,75,10.9716
23164,REGENCY CAKE SLICE,578,2718.65,92,5.579673913043479
22650,CERAMIC PIRATE CHEST MONEY BANK,1786,2717.8799999999997,282,1.8469473684210527
21808,"CHRISTMAS GARLAND STARS,TREES",1001,2715.53,144,3.6015753424657535
47480,HANGING PHOTO CLIP ROPE LADDER,1638,2713.98,150,2.285066666666667
22524,CHILDRENS GARDEN GLOVES BLUE,1925,2713.23,293,1.5784067796610168
22231,JIGSAW TREE WITH BIRDHOUSE,2135,2712.48,297,1.5546843853820598
21096,SET/6 FRUIT SALAD  PAPER PLATES,15919,2711.71,143,0.6567832167832168
85035C,ROSE 3 WICK MORRIS BOX CANDLE,1358,2710.79,199,3.2551707317073166
23407,SET OF 2 TRAYS HOME SWEET HOME,265,2709.43,133,10.68142857142857
21744,SNOWFLAKE PORTABLE TABLE LIGHT,898,2697.16,217,3.179144144144144
84795B,SUNSET CHECK HAMMOCK,317,2696.81,113,10.129115044247786
23333,IVORY WICKER HEART MEDIUM,2089,2695.45,233,1.3329218106995884
22667,RECIPE BOX RETRO SPOT DESIGN,959,2694.65,178,2.9388268156424586
21224,SET/4 SKULL BADGES,2171,2691.91,312,1.2506645569620252
22479,DAISY GARDEN MARKER,1939,2691.19,214,1.5787441860465117
23264,SET OF 3 WOODEN SLEIGH DECORATIONS,1963,2690.81,299,1.496592356687898
84968E,S/16 VINTAGE BLACK CUTLERY,229,2687.41,44,13.716136363636364
22436,12 COLOURED PARTY BALLOONS,4215,2687.05,289,0.6843537414965987
21204,DAISIES  HONEYCOMB GARLAND,1608,2682.9900000000002,205,1.9919806763285024
22495,SET OF 2 ROUND TINS CAMEMBERT,940,2682.3199999999997,237,3.4214644351464436
90057,DIAMANTE RING ASSORTED IN BOX.,1804,2675.88,37,1.7997297297297299
22155,STAR DECORATION RUSTIC,5925,2671.81,340,0.5615774647887324
21980,PACK OF 12 RED RETROSPOT TISSUES,8616,2668.33,405,0.39127764127764125
22028,PENNY FARTHING BIRTHDAY CARD,6344,2665.13,507,0.5311811023622047
85049B,LUSH GREENS RIBBONS,2130,2663.24,341,1.3264431486880466
21923,RED/CREAM STRIPE FRINGE HAMMOCK,337,2662.64,119,8.58436974789916
21109,LARGE CAKE TOWEL CHOCOLATE SPOTS,925,2661.67,104,5.374259259259259
21693,SMALL HAMMERED SILVER CANDLEPOT,871,2648.62,120,3.3857500000000003
22500,SET OF 2 TINS JARDIN DE PROVENCE,580,2647.31,198,5.186834170854271
21742,LARGE ROUND WICKER PLATTER,437,2647.28,193,6.052820512820513
23146,TRIPLE HOOK ANTIQUE IVORY ROSE,798,2645.2599999999998,227,3.5144155844155844
22152,PLACE SETTING WHITE STAR,6241,2642.28,241,0.5179919678714859
21897,POTTING SHED CANDLE CITRONELLA,866,2641.3599999999997,106,3.107037037037037
82600,N0 SINGING METAL SIGN,1225,2639.42,49,2.673673469387755
22270,HAPPY EASTER HANGING DECORATION,685,2638.67,153,4.247405063291139
84754,S/15 SILVER GLASS BAUBLES IN BAG,2083,2634.59,218,1.5527232142857144
85049F,BABY BOOM RIBBONS,2110,2634.0,314,1.3125078369905956
22146,EASTER CRAFT IVY WREATH WITH CHICK,1413,2633.13,107,2.0039449541284404
22376,AIRLINE BAG VINTAGE JET SET WHITE,529,2632.18,246,5.216546184738956
84012,MAGIC SHEEP WOOL GROWING FROM PAPER,1838,2628.47,179,1.7253333333333334
84872A,TEATIME FUNKY FLOWER BACKPACK FOR 2,235,2620.0099999999998,147,11.20299319727891
21422,PORCELAIN ROSE SMALL,3160,2619.17,147,1.0762837837837838
22758,LARGE PURPLE BABUSHKA NOTEBOOK,2437,2618.35,314,1.5309119496855346
84849D,HOT BATHS SOAP HOLDER,1558,2618.27,260,1.8957088122605363
22713,CARD I LOVE LONDON,6084,2616.12,368,0.5608648648648649
85034B,3 WHITE CHOC MORRIS BOXED CANDLES,1184,2614.93,153,3.3276774193548384
72800E,4 IVORY DINNER CANDLES SILVER FLOCK,1388,2613.82,286,2.49421768707483
22046,TEA PARTY  WRAPPING PAPER,6375,2613.5,208,0.41846153846153844
47585A,PINK FAIRY CAKE CUSHION COVER,1084,2612.88,148,4.460067567567568
85227,SET OF 6 3D KIT CARDS FOR KIDS,2848,2605.75,392,1.106153846153846
23054,RECYCLED ACAPULCO MAT LAVENDER,295,2604.93,130,9.533076923076923
85034C,3 ROSE MORRIS BOXED CANDLES,1314,2604.15,197,2.908627450980392
23196,VINTAGE LEAF MAGNETIC NOTEPAD,1707,2601.15,274,1.822230215827338
72799E,IVORY PILLAR CANDLE SILVER FLOCK,1232,2600.64,178,2.9414525139664804
37502,TEA TIME MUG IN GIFT BOX,868,2599.79,171,3.311387283236994
22439,6 ROCKET BALLOONS,3891,2599.0099999999998,363,0.7315945945945946
22190,LOCAL CAFE MUG,1400,2591.67,242,2.361469387755102
90062,CARNIVAL BRACELET,204,2591.42,109,12.660181818181817
22199,FRYING PAN RED RETROSPOT,617,2590.21,217,5.282626728110599
85035B,CHOCOLATE 3 WICK MORRIS BOX CANDLE,992,2590.11,137,4.09094890510949
22933,BAKING MOULD EASTER EGG MILK CHOC,940,2585.92,122,3.48869918699187
21589,SWALLOW GIANT TUBE MATCHES,1119,2583.45,88,2.5044943820224717
21171,BATHROOM METAL SIGN,1845,2578.27,260,1.6744444444444444
21642,ASSORTED TUTTI FRUTTI PEN,4413,2575.18,251,0.8806896551724137
23534,STOP FOR TEA WALL ART,518,2572.7,41,5.775853658536586
82597,BOMBS AWAY METAL SIGN,1210,2569.66,215,2.577926267281106
22471,TV DINNER TRAY AIR HOSTESS,627,2568.7599999999998,176,5.779318181818182
21653,GLASS ETCHED T-LIGHT HOLDER LARGE,1246,2565.67,111,2.266086956521739
22828,REGENCY MIRROR WITH SHUTTERS,17,2565.0,11,154.0909090909091
23292,SPACEBOY CHILDRENS CUP,2050,2557.57,216,1.5344239631336405
21288,STRIPEY CHOCOLATE NESTING BOXES,982,2557.47,224,3.34125
22939,APRON APPLE DELIGHT,516,2556.66,136,5.724705882352942
21499,BLUE SPOTS  WRAP,6350,2555.0,196,0.41673469387755097
20960,WATERMELON BATH SPONGE,1900,2550.84,215,1.6572018348623851
22735,RIBBON REEL SOCKS AND MITTENS,1434,2541.38,231,2.3392340425531915
21898,POTTING SHED ROSE CANDLE,827,2538.8100000000004,113,3.0016239316239317
84968A,S/16 VINTAGE ROSE CUTLERY,191,2536.73,86,14.799767441860466
23131,MISTLETOE HEART WREATH CREAM,624,2535.48,110,4.21018018018018
20787,BLUE RETRO BAR STOOL,69,2535.1,30,38.021875
21215,IVORY PAPER CUP CAKE CASES,4349,2533.88,291,0.8702372881355933
22197,"POPCORN HOLDER , SMALL",3189,2531.64,112,1.04
84968F,SET OF 16 VINTAGE SKY BLUE CUTLERY,216,2530.33,82,13.498170731707315
21203,BUTTERFLIES  HONEYCOMB GARLAND,1539,2527.0,145,2.0413513513513513
23681,LUNCH BAG RED VINTAGE DOILY,1576,2525.04,132,1.8662406015037591
22451,SILK PURSE BABUSHKA RED,734,2521.7200000000003,150,3.9706535947712416
22342,HOME GARLAND PAINTED ZINC,1817,2521.25,230,2.0389565217391303
22350,CAT BOWL,946,2521.2400000000002,121,2.9835245901639342
22415,WHITE TISSUE REAM,317,2520.15,204,7.95
21792,CLASSIC FRENCH STYLE BASKET GREEN,494,2517.88,141,5.968297872340425
21431,GREEN GINGHAM FLOWER JEWELLERY BOX,1483,2511.3599999999997,278,1.9398924731182796
23424,GINGHAM RECIPE BOOK BOX,462,2509.62,135,6.186740740740741
21323,HANGING MEDINA LANTERN LARGE,740,2506.89,80,5.57325
22937,BAKING MOULD CHOCOLATE CUPCAKES,948,2502.04,157,2.928509316770186
23316,RED REFECTORY CLOCK,250,2501.64,110,11.109454545454545
22291,"SPRING DEC , HANGING CHICK CREAM",1900,2499.58,142,1.6448965517241378
82567,"AIRLINE LOUNGE,METAL SIGN",1207,2498.98,489,2.17200408997955
85054,FRENCH ENAMEL POT W LID,916,2495.02,204,3.4911538461538467
23367,SET 12 COLOUR PENCILS SPACEBOY,3278,2491.2,282,0.7566666666666667
85041,SET/4 PINK ORCHID CANDLES IN BOWL,1853,2489.87,92,1.7864210526315787
21924,BLUE/CREAM STRIPE FRINGE HAMMOCK,315,2486.6600000000003,123,8.614596774193549
22091,EMPIRE TISSUE BOX,3179,2485.86,324,1.2600925925925925
21680,WOODLAND  STICKERS,2858,2483.68,268,1.141003717472119
85206B,PINK FELT EASTER EGG BASKET,1538,2477.3,183,1.8157065217391304
22742,MAKE YOUR OWN PLAYTIME CARD KIT,1002,2475.3,180,3.091758241758242
22129,PARTY CONES CANDY TREE DECORATION,2792,2473.16,107,1.197314814814815
22153,ANGEL DECORATION STARS ON DRESS,5705,2469.16,283,0.5477133105802048
21686,MEDINA STAMPED METAL STOOL,65,2460.1400000000003,33,39.29515151515152
23352,ROLL WRAP 50'S RED CHRISTMAS,1800,2459.2,212,1.511643192488263
22829,SWEETHEART WIRE WALL TIDY,240,2458.62,117,11.002478632478633
21616,4 PEAR BOTANICAL DINNER CANDLES,1152,2458.58,191,2.465969387755102
20668,DISCO BALL CHRISTMAS DECORATION,20951,2454.88,367,0.16567204301075267
22911,PAPER CHAIN KIT LONDON,853,2454.35,164,3.219818181818182
21330,WOODLAND ANIMAL  WRITING SET,1452,2454.07,201,2.2783251231527095
21747,SMALL SKULL WINDMILL,2049,2452.35,153,1.4423376623376625
21823,PAINTED METAL HEART WITH HOLLY BELL,2468,2447.72,212,1.3124778761061948
23489,VINTAGE BELLS GARLAND,821,2443.35,149,3.24283870967742
21789,KIDS RAIN MAC PINK,2920,2437.0699999999997,218,0.9376923076923076
84840,SWEETHEART CARRY-ALL BASKET,282,2430.82,140,9.002642857142858
22021,BLUE FELT EASTER EGG BASKET,1413,2430.31,233,1.7891176470588235
21809,CHRISTMAS HANGING TREE WITH BELL,3015,2427.89,207,1.2378301886792453
21462,"NURSERY A,B,C PAINTED LETTERS",413,2425.41,171,6.878888888888889
23406,HOME SWEET HOME KEY HOLDER,456,2422.66,111,7.10990990990991
21274,EMBOSSED HEART 3 DRAWER SHELF,175,2420.69,105,14.656037735849056
21973,SET OF 36 MUSHROOM PAPER DOILIES,1670,2420.0299999999997,210,1.7956190476190474
22613,PACK OF 20 SPACEBOY NAPKINS,3051,2419.7599999999998,273,0.9653571428571429
21106,CREAM SLICE FLANNEL CHOCOLATE SPOT,790,2419.68,169,3.7038823529411764
22789,T-LIGHT HOLDER SWEETHEART HANGING,1238,2419.54,196,2.1268000000000002
22609,PENS ASSORTED SPACEBALL,7087,2414.54,201,0.565
22362,GLASS JAR PEACOCK BATH SALTS,747,2410.53,253,3.8228853754940713
22540,MINI JIGSAW CIRCUS PARADE,6162,2410.29,189,0.4966315789473684
22897,OVEN MITT APPLES DESIGN,1613,2409.75,264,1.7822264150943394
23400,SHELF WITH 4 HOOKS HOME SWEET HOME,461,2409.34,107,6.854074074074074
85036A,GARDENIA 1 WICK MORRIS BOXED CANDLE,621,2405.79,166,4.154302325581395
23265,SET OF 3 WOODEN TREE DECORATIONS,1769,2404.79,293,1.4839016393442621
85059,FRENCH ENAMEL WATER BASIN,701,2399.89,211,4.293896713615023
85034A,3 GARDENIA MORRIS BOXED CANDLES,849,2389.69,138,3.9872413793103445
20674,GREEN POLKADOT BOWL,1848,2385.08,249,1.5461111111111112
84818,DANISH ROSE PHOTO FRAME,1788,2382.25,214,2.0407943925233645
21531,RETRO SPOT SUGAR JAM BOWL,921,2382.24,196,3.2413197969543144
21811,HANGING HEART WITH BELL,4619,2374.7999999999997,219,0.9162995594713657
10133,COLOURING PENCILS BROWN TUBE,3837,2373.26,289,0.7457093425605537
47570,ENGLISH ROSE TABLE CLOTH,220,2373.01,78,12.235696202531646
23498,CLASSIC BICYCLE CLIPS,1640,2372.68,99,1.657941176470588
23535,BICYCLE SAFTEY WALL ART,458,2371.94,39,5.782307692307692
85035A,GARDENIA 3 WICK MORRIS BOXED CANDLE,649,2370.31,181,4.389675675675676
23048,SET OF 10 LANTERNS FAIRY LIGHT STAR,577,2368.37,99,4.6737254901960785
21262,WHITE GOOSE FEATHER CHRISTMAS TREE,606,2366.02,132,6.068484848484848
21468,BUTTERFLY CROCHET FOOD COVER,669,2361.39,142,4.018827586206896
22537,MAGIC DRAWING SLATE DINOSAUR,5717,2360.43,347,0.48890449438202244
21873,IF YOU CAN'T STAND THE HEAT MUG,2010,2360.0099999999998,199,1.6709547738693467
23401,RUSTIC MIRROR WITH LACE HEART,459,2354.87,83,7.090361445783133
23412,HEART MIRROR ANTIQUE WHITE,358,2354.8,76,7.724415584415584
22421,LIPSTICK PEN FUSCHIA,4721,2351.86,406,0.5895913461538461
21824,PAINTED METAL STAR WITH HOLLY BELLS,2782,2351.46,211,1.1228636363636364
21437,24 HANGING EASTER EGGS FLORAL TUB,677,2350.92,109,3.9735964912280703
21126,SET OF 6 GIRLS CELEBRATION CANDLES,2325,2349.22,285,1.3368166089965396
22642,SET OF 4 NAPKIN CHARMS STARS,989,2348.4700000000003,141,2.5832876712328763
23396,LE JARDIN BOTANIQUE CUSHION COVER,559,2345.0,166,4.7814035087719295
23437,50'S CHRISTMAS GIFT BAG LARGE,1915,2343.63,129,1.4265891472868217
84459B,YELLOW METAL CHICKEN HEART,1475,2341.77,213,2.115852534562212
84509F,SET OF 4 NEW ENGLAND PLACEMATS,2749,2336.1,36,3.989166666666667
ADJUST,Adjustment by john on 26/01/2010 16,20,2334.43,20,116.72149999999999
21826,EIGHT PIECE DINOSAUR SET,1800,2326.87,240,1.461726907630522
22251,BIRDHOUSE DECORATION MAGIC GARDEN,1871,2317.64,298,1.5625913621262457
22306,SILVER MUG BONE CHINA TREE OF LIFE,1621,2316.2,163,2.025333333333333
84536A,ENGLISH ROSE NOTEBOOK A7 SIZE,5102,2309.7,625,0.5389481946624803
21615,4 LAVENDER BOTANICAL DINNER CANDLES,1168,2308.67,169,2.350348837209302
84796A,PINK HAWAIIAN PICNIC HAMPER FOR 2,312,2307.23,131,9.379847328244274
23371,SET 36 COLOUR PENCILS SPACEBOY,1705,2304.78,185,1.5179032258064515
22363,GLASS JAR MARMALADE,781,2303.39,169,3.641860465116279
21947,SET OF 6 HEART CHOPSTICKS,1675,2302.81,298,1.7194078947368419
22983,CARD BILLBOARD FONT,5395,2300.21,451,0.5278713968957871
71459,HANGING JAM JAR T-LIGHT HOLDERS,2813,2298.05,92,1.0443478260869565
21482,MUSHROOM BLUE HOT WATER BOTTLE,740,2296.7599999999998,184,3.6295135135135137
85114A,BLACK ENCHANTED FOREST PLACEMAT,1326,2296.54,120,2.1362499999999995
21741,COSY SLIPPER SHOES LARGE GREEN,701,2293.75,190,3.830260416666667
85176,SEWING SUSAN 21 NEEDLE SET,2748,2293.0,306,1.137843137254902
22566,FELTCRAFT HAIRBAND PINK AND PURPLE,2740,2292.22,289,0.9920068027210883
23330,DECORATIVE WICKER HEART MEDIUM,1794,2286.97,216,1.3630044843049327
21464,DISCO BALL ROTATOR BATTERY OPERATED,539,2286.75,217,4.2453917050691246
22831,WHITE BROCANTE SOAP DISH,776,2286.2799999999997,138,3.337714285714286
85199L,LARGE HANGING IVORY & RED WOOD BIRD,3455,2285.02,272,0.836
23029,DRAWER KNOB CRACKLE GLAZE GREEN,1340,2284.12,154,1.8390909090909089
20665,RED SPOTTY PURSE,736,2278.17,156,3.578525641025641
21655,HANGING RIDGE GLASS T-LIGHT HOLDER,1396,2277.5,89,1.9567415730337079
85183A,CHARLIE & LOLA WASTEPAPER BIN BLUE,1512,2275.75,141,2.3574825174825174
85107,CUT GLASS T-LIGHT HOLDER OCTAGON,1203,2274.79,70,2.426944444444444
85172,HYACINTH BULB T-LIGHT CANDLES,4271,2274.56,150,1.2240522875816993
85106,CUT GLASS HEXAGON T-LIGHT HOLDER,1190,2271.24,59,2.4219999999999997
85014C,BLUE/BROWN DOTS RUFFLED UMBRELLA,547,2270.73,72,6.527916666666666
22539,MINI JIGSAW DOLLY GIRL,5654,2268.13,247,0.5402811244979919
35001G,HAND OPEN SHAPE GOLD,715,2259.47,103,4.204857142857143
22133,PINK LOVE HEART SHAPE CUP,2464,2258.61,327,1.233079268292683
22024,RAINY LADIES BIRTHDAY CARD,5391,2257.0,439,0.5579271070615034
22973,CHILDREN'S CIRCUS PARADE MUG,1325,2254.93,152,2.0245098039215685
23197,SKETCHBOOK MAGNETIC SHOPPING LIST,1442,2253.7,246,1.95914979757085
21696,SMALL SILVER TRELLIS CANDLEPOT,749,2251.14,107,3.2544859813084113
84469,ROSE DES PADDED FLOOR CUSHION,664,2249.41,44,5.513863636363637
21819,GLITTER CHRISTMAS STAR,3847,2247.14,248,0.7114396887159533
21187,WHITE BELL HONEYCOMB PAPER GARLAND,1344,2243.78,144,2.020945945945946
21804,WHITE CHRISTMAS GARLAND STARS TREES,597,2240.99,137,3.843380281690141
85045,GREEN CHRISTMAS TREE STRING 20LIGHT,471,2239.34,83,5.623176470588236
23093,SMALL PARISIENNE HEART PHOTO FRAME,939,2239.2400000000002,142,2.7882394366197185
20931,BLUE POT PLANT CANDLE,673,2238.07,157,4.795632911392405
22803,IVORY EMBROIDERED QUILT,59,2237.84,36,39.10861111111112
23326,HANGING MINI COLOURED BOTTLES,3442,2237.08,76,2.638026315789473
22163,HEART STRING MEMO HOLDER HANGING,1269,2235.12,197,2.3265841584158418
22336,DOVE DECORATION PAINTED ZINC,4661,2234.96,214,0.7334684684684685
21681,GIANT MEDINA STAMPED METAL BOWL,233,2234.81,79,10.156375
16237,SLEEPING CAT ERASERS,10385,2233.15,580,0.2964957264957265
23252,VINTAGE RED ENAMEL TRIM JUG,595,2231.61,136,4.0433088235294115
22409,MONEY BOX BISCUITS DESIGN,1638,2230.46,160,1.5593167701863353
84691,PACK 20 DOLLY PEGS,2747,2225.5,235,1.0269491525423728
23079,TOADSTOOL BEDSIDE LIGHT,251,2225.45,106,8.936915887850466
51014L,"FEATHER PEN,LIGHT PINK",3445,2222.35,226,0.7759471365638766
21638,ASSORTED TUTTI FRUTTI NOTEBOOK,1020,2220.94,142,2.437448275862069
21476,STEEL SWEETHEART ROUND TABLE CREAM,142,2219.5099999999998,85,16.436
23501,KEY RING BASEBALL BOOT UNION JACK,1821,2217.87,112,1.4955263157894738
22074,6 RIBBONS SHIMMERING PINKS,2156,2216.34,287,1.5195876288659793
84913A,SOFT PINK ROSE TOWEL,608,2211.54,266,3.6103759398496242
22716,CARD CIRCUS PARADE,5218,2211.41,447,0.5158836689038031
21125,SET 6 FOOTBALL CELEBRATION CANDLES,2123,2211.38,246,1.3050592885375494
22711,WRAP CIRCUS PARADE,5377,2210.34,181,0.41911602209944754
84968E,SET OF 16 VINTAGE BLACK CUTLERY,174,2207.2,67,14.310149253731343
85116,BLACK CANDELABRA T-LIGHT HOLDER,1817,2206.24,181,1.560054945054945
17091J,VANILLA INCENSE IN TIN,3964,2204.35,178,0.8962295081967213
23403,LETTER HOLDER HOME SWEET HOME,625,2204.11,134,4.374
22514,CHILDS GARDEN SPADE BLUE,1082,2202.92,233,2.351802575107296
21811,CHRISTMAS HANGING HEART WITH BELL,1721,2202.38,163,1.4714035087719297
21651,HANGING GLASS ETCHED TEALIGHT,1361,2200.36,124,1.84456
22920,HERB MARKER BASIL,3478,2199.19,252,0.8639763779527558
85039B,S/4 IVORY MINI ROSE CANDLE IN BOWL,1657,2191.96,267,1.669256505576208
20770,ABSTRACT CIRCLE JOURNAL,1045,2190.59,201,2.4737623762376235
22227,HANGING HEART MIRROR DECORATION,3038,2183.17,356,0.8839678284182306
23436,VINTAGE CHRISTMAS GIFT BAG LARGE,1831,2182.39,105,1.460952380952381
21611,SET OF 12 LILY BOTANICAL T-LIGHTS,750,2182.19,148,3.1227814569536427
23302,KNEELING MAT HOUSEWORK  DESIGN,1536,2181.42,230,1.8876394849785407
22952,72 CAKE CASES VINTAGE CHRISTMAS,4346,2178.14,101,0.5397029702970297
22292,"SPRING DEC , HANGING CHICK  YELLOW",1640,2164.88,109,1.6096363636363638
22948,METAL DECORATION NAUGHTY CHILDREN,2155,2164.69,180,1.8312903225806452
22069,BROWN  PIRATE TREASURE CHEST,968,2164.63,267,2.9639405204460965
23445,ICE CREAM BUBBLES,2668,2161.2400000000002,101,0.8659803921568627
22227,"DECORATION, HANGING HEART+MIRROR",2983,2161.0,287,0.9008591065292098
22714,CARD BIRTHDAY COWBOY,5277,2157.91,359,0.5378830083565459
22182,CAKE STAND VICTORIAN FILIGREE SMALL,561,2156.45,172,4.562325581395349
21245,GREEN  SPOTTY PLATE,1308,2155.17,146,1.8419594594594595
85216,ASSORTED CAKES FRIDGE MAGNETS,2849,2154.22,187,2.02281914893617
22824,3 TIER SWEETHEART GARDEN SHELF,61,2153.9500000000003,48,35.7
85103,SILVER T-LIGHT SETTING,317,2153.4300000000003,87,7.735057471264368
22338,STAR DECORATION PAINTED ZINC,6087,2151.99,264,0.5545387453874538
21246,RED SPOTTY BIG BOWL,423,2150.85,101,5.613663366336634
23161,REGENCY CAKE FORK,1715,2145.3,98,1.593061224489796
21421,PORCELAIN ROSE LARGE,1792,2144.48,105,1.5691666666666666
21905,MORE BUTTER METAL SIGN,1615,2141.07,263,1.688403041825095
22708,WRAP DOLLY GIRL,5325,2140.5,159,0.4184905660377358
22310,IVORY KNITTED MUG COSY,1142,2140.35,165,2.5177976190476192
23028,DRAWER KNOB CRACKLE GLAZE BLUE,1207,2138.63,134,1.9329629629629628
23213,STAR WREATH DECORATION WITH BELL,1682,2138.42,152,1.4865806451612902
22454,MEASURING TAPE BABUSHKA RED,751,2137.21,115,3.077863247863248
21617,4 LILY  BOTANICAL DINNER CANDLES,834,2135.01,169,2.94546511627907
20764,ABSTRACT CIRCLES SKETCHBOOK,685,2134.76,193,4.1788659793814436
22852,DOG BOWL VINTAGE CREAM,481,2132.63,155,4.558709677419355
23031,DRAWER KNOB CRACKLE GLAZE PINK,1266,2132.5,153,1.8296078431372549
21232,STRAWBERRY CERAMIC TRINKET POT,1369,2131.22,125,1.7832539682539683
21774,DECORATIVE CATS BATHROOM BOTTLE,1711,2129.81,368,2.008216216216216
22515,CHILDS GARDEN SPADE PINK,1046,2129.74,208,2.451238095238095
84670,JAPANESE CROCHETED ANIMAL,5196,2128.72,182,0.4957671957671958
21643,ASSORTED TUTTI FRUTTI MIRROR,1521,2127.94,204,1.8602941176470589
23005,TRAVEL CARD WALLET I LOVE LONDON,4733,2126.55,241,0.5217213114754098
21195,PINK  HONEYCOMB PAPER BALL,997,2122.66,150,2.97841059602649
84968D,SET OF 16 VINTAGE RED CUTLERY,188,2118.83,71,13.195774647887324
21359,RELAX LARGE WOOD LETTERS,208,2116.48,73,14.575066666666665
21709,FOLDING UMBRELLA  CHOC/WHITE  SPOT,533,2115.77,49,5.658571428571429
21245,GREEN POLKADOT PLATE,1259,2113.19,158,2.0075
23046,PAPER LANTERN 9 POINT DELUXE STAR,349,2111.49,36,6.809444444444445
23232,WRAP VINTAGE LEAF DESIGN,5251,2109.42,134,0.4173333333333333
22913,RED COAT RACK PARIS FASHION,450,2107.85,122,5.491229508196722
23233,WRAP POPPIES  DESIGN,5175,2105.5,158,0.41861635220125787
22279,POCKET BAG BLUE PAISLEY RED SPOT,1440,2104.62,214,1.625299539170507
84676,BATH DUCK WATERING CAN,848,2102.46,110,3.1355454545454546
40018F,CHERRY DESIGN PAPERLANTERNS,1092,2100.33,117,2.2838655462184874
22996,TRAVEL CARD WALLET VINTAGE TICKET,4801,2094.93,408,0.5296385542168675
23315,IVORY REFECTORY CLOCK,213,2094.24,86,10.776511627906977
23251,VINTAGE RED ENAMEL TRIM MUG,1700,2090.75,119,1.4140336134453781
23438,RED SPOT GIFT BAG LARGE,1713,2089.92,103,1.3771844660194175
22859,EASTER TIN BUNNY BOUQUET,1250,2085.75,165,1.93251497005988
21865,PINK UNION JACK  PASSPORT COVER,896,2085.64,297,2.605766666666667
22308,TEA COSY BLUE STRIPE,677,2085.05,214,3.9256074766355136
79323S,SILVER CHERRY LIGHTS,334,2084.32,56,7.9071428571428575
21070,VINTAGE BILLBOARD MUG,2034,2083.46,229,1.584655172413793
72799F,IVORY PILLAR CANDLE GOLD FLOCK,1125,2082.74,102,3.1107547169811323
23526,DOG LICENCE WALL ART,408,2081.64,29,5.745172413793104
23152,IVORY SWEETHEART WIRE LETTER RACK,554,2080.65,159,3.9519374999999997
84509B,SET OF 4 FAIRY CAKE PLACEMATS,547,2080.03,172,4.286379310344828
84854,GIRLY PINK TOOL SET,381,2079.4700000000003,110,6.568198198198199
84797B,BLUE SAVANNAH PICNIC HAMPER FOR 4,344,2077.82,52,10.76923076923077
22023,EMPIRE BIRTHDAY CARD,4975,2076.77,430,0.5302320185614849
20983,12 PENCILS TALL TUBE RED SPOTTY,2358,2074.06,258,0.9929457364341086
23536,VILLAGE SHOW WALL ART,386,2072.42,18,5.735555555555556
23370,SET 36 COLOURING PENCILS DOILY,1485,2070.35,147,1.5463758389261746
22695,WICKER WREATH SMALL,1457,2070.15,225,1.709304347826087
23360,SET 8 CANDLES VINTAGE DOILY,1060,2070.1,107,2.0720183486238533
23227,FILIGREE HEART BUTTERFLY WHITE,1642,2070.06,117,1.5737606837606837
21619,4 VANILLA BOTANICAL CANDLES,1131,2069.02,212,2.4028169014084506
22191,EAU DE NIL DINER WALL CLOCK,248,2067.2,119,8.471428571428572
85049H,URBAN BLACK RIBBONS,2066,2067.18,334,1.1540828402366863
22935,BAKING MOULD ROSE MILK CHOCOLATE,690,2066.82,65,3.8047692307692307
21200,MULTICOLOUR HONEYCOMB PAPER GARLAND,1421,2065.16,126,2.0235433070866145
23020,GLASS  SONGBIRD STORAGE JAR,169,2065.14,73,13.034794520547944
21706,FOLDING UMBRELLA RED/WHITE POLKADOT,432,2063.39,150,5.127066666666667
84990,60 GOLD AND SILVER FAIRY CAKE CASES,4248,2062.19,193,0.6447738693467336
23291,DOLLY GIRL CHILDRENS CUP,1634,2059.03,195,1.5237244897959183
21077,SET/20 WOODLAND PAPER NAPKINS,2790,2058.1,192,0.9245641025641025
21058,PARTY INVITES WOODLAND,2396,2055.59,275,0.9954838709677419
22400,MAGNETS PACK OF 4 HOME SWEET HOME,2450,2049.56,234,0.8937974683544304
21640,ASSORTED TUTTI FRUTTI  FOB NOTEBOOK,2225,2049.4,205,1.0971962616822428
84459A,PINK METAL CHICKEN HEART,1263,2041.69,201,2.3394117647058823
22928,YELLOW GIANT GARDEN THERMOMETER,296,2041.3500000000001,118,7.738050847457627
23500,KEY RING BASEBALL BOOT ASSORTED,1626,2038.33,98,1.3861764705882351
85016,SET OF 6 VINTAGE NOTELETS KIT,1679,2033.33,167,2.36
23490,T-LIGHT HOLDER HANGING LOVE BIRD,542,2032.77,101,3.961287128712871
21348,PINK SPOTS CHOCOLATE NESTING BOXES,842,2030.8400000000001,133,3.147611940298508
21612,SET 12 WILDFLOWER BOTANICAL T-LIGHT,698,2025.77,113,3.2462280701754387
22261,FELT EGG COSY WHITE RABBIT,2105,2024.35,243,1.1506299212598425
22211,WOOD STAMP SET FLOWERS,1531,2022.3500000000001,291,1.5166329966329966
47591C,BLUE FAIRY CAKE CHILD'S APRON,1051,2021.47,158,2.135253164556962
22799,SWEETHEART WIRE FRUIT BOWL,253,2020.84,108,8.828148148148149
23268,SET OF 2 CERAMIC CHRISTMAS REINDEER,1447,2018.1399999999999,89,1.6910112359550562
23543,KEEP CALM WALL ART,269,2015.97,20,7.9465
21356,TOAST ITS - FAIRY FLOWER,1592,2014.16,349,1.497909604519774
23289,DOLLY GIRL CHILDRENS BOWL,1622,2013.7,191,1.5367708333333334
22201,FRYING PAN BLUE POLKADOT,505,2013.18,163,4.533374233128834
22520,CHILDS GARDEN TROWEL BLUE,2294,2011.28,369,0.9263829787234042
37476,CONDIMENT TRAY 4 BOWLS AND 4 SPOONS,209,2010.6,77,11.156538461538462
22853,CAT BOWL VINTAGE CREAM,581,2008.77,141,3.6078723404255317
23358,HOT STUFF HOT WATER BOTTLE,594,2008.38,89,4.198539325842697
21389,IVORY HANGING DECORATION  BIRD,2299,2008.09,261,0.9979850746268656
79323G,GOLD  CHERRY LIGHTS,314,2007.88,61,7.712295081967213
35953,FOLKART STAR CHRISTMAS DECORATIONS,3868,2007.22,155,0.7825316455696203
23066,SMALL DECO JEWELLERY STAND,243,2005.81,79,8.972278481012658
21504,SKULLS GREETING CARD,4913,2005.02,329,0.46684848484848485
23274,STAR T-LIGHT HOLDER WILLIE WINKIE,1180,2005.0,119,2.0156666666666667
20686,DOLLY MIXTURE CHILDREN'S UMBRELLA,590,2002.84,186,3.713978494623656
22496,SET OF 2 ROUND TINS DUTCH CHEESE,731,1996.09,193,3.1207216494845365
22903,CALENDAR FAMILY FAVOURITES,725,1994.96,78,3.0410256410256413
20703,BLUE PADDED SOFT MOBILE,471,1993.47,169,4.2601775147928995
22521,CHILDS GARDEN TROWEL PINK,2288,1987.9299999999998,370,0.935
22932,BAKING MOULD TOFFEE CUP CHOCOLATE,878,1985.58,71,2.7107042253521123
23357,HOT WATER BOTTLE SEX BOMB,450,1982.05,102,5.005242718446602
85217,ASSORTED ICE CREAM FRIDGE MAGNETS,2869,1981.85,164,1.7262424242424241
22068,BLACK PIRATE TREASURE CHEST,1112,1979.82,276,2.2503597122302157
22466,FAIRY TALE COTTAGE NIGHT LIGHT,976,1979.34,115,2.5624137931034485
20665,RED RETROSPOT PURSE,599,1978.17,192,4.005233160621762
20871,OPULENT VELVET SET/3 CANDLES,1273,1978.05,127,2.688372093023256
22599,CHRISTMAS MUSICAL ZINC STAR,3119,1976.88,189,0.7351832460732983
84828,JUNGLE POPSICLES ICE LOLLY HOLDERS,1543,1976.31,200,1.6291499999999999
22451,SILK PURSE RUSSIAN DOLL RED,605,1975.27,88,3.5667032967032966
21630,FLOOR CUSHION ELEPHANT CARNIVAL,162,1973.3899999999999,95,13.734105263157895
79160,HEART SHAPE WIRELESS DOORBELL,944,1973.07,210,2.515767441860465
17084R,ASSORTED INCENSE PACK,10625,1968.45,66,0.20318181818181819
21657,MILK BOTTLE WITH GLASS STOPPER,257,1967.38,118,8.511949152542373
20674,GREEN SPOTTY BOWL,1564,1963.44,214,1.4592056074766355
22405,MONEY BOX POCKET MONEY DESIGN,1618,1963.38,215,1.3506849315068494
22931,BAKING MOULD HEART WHITE CHOCOLATE,813,1963.3,129,2.8299999999999996
23374,RED SPOT PAPER GIFT BAG,2456,1962.83,131,0.867175572519084
22719,GUMBALL MONOCHROME COAT RACK,1447,1962.83,231,1.8944635193133046
21082,SET/20 FRUIT SALAD PAPER NAPKINS,7183,1960.45,163,1.0707272727272727
23228,FILIGREE HEART BIRD WHITE,1492,1960.0,125,1.7907142857142857
20846,ZINC HEART LATTICE T-LIGHT HOLDER,1453,1956.81,169,1.5538728323699422
23145,ZINC T-LIGHT HOLDER STAR LARGE,2060,1956.68,167,1.0807142857142857
22614,PACK OF 12 SPACEBOY TISSUES,5726,1954.3,368,0.41798927613941017
21695,SMALL SILVER FLOWER CANDLE POT,630,1952.1799999999998,102,3.627549019607843
22098,BOUDOIR SQUARE TISSUE BOX,2865,1952.04,309,1.2482131661442006
22262,FELT EGG COSY CHICKEN,2026,1947.82,306,1.1506583072100314
35971,ROSE FOLKART HEART DECORATIONS,1963,1947.74,217,1.7866222222222223
20984,12 PENCILS TALL TUBE POSY,5867,1940.96,245,0.5354581673306773
21803,CHRISTMAS TREE STAR DECORATION,4463,1938.96,322,0.4677089783281734
46775D,SUNSET COLOUR CHUNKY KNITTED THROW,153,1938.19,95,12.674
22802,FAUX FUR CHOCOLATE THROW,110,1933.59,62,18.994032258064514
15058B,PINK POLKADOT GARDEN PARASOL,234,1932.97,100,9.832699999999999
21991,BOHEMIAN COLLAGE STATIONERY SET,1103,1927.54,289,2.241917808219178
23231,WRAP DOILEY DESIGN,4703,1927.26,164,0.41853658536585364
20716,PARTY FOOD SHOPPER BAG,1533,1925.04,246,1.4443373493975904
23094,LE GRAND TRAY CHIC SET,152,1924.92,79,12.815443037974683
21538,DAIRY MAID  PUDDING BOWL,1308,1924.51,51,4.00764705882353
21043,APRON MODERN VINTAGE COTTON,677,1921.03,141,4.285602836879432
84581,DOG TOY WITH PINK CROCHET SKIRT,506,1920.02,234,3.8482627118644066
21802,CHRISTMAS TREE HEART DECORATION,4377,1917.2,323,0.4897538461538461
22753,SMALL YELLOW BABUSHKA NOTEBOOK,2332,1915.2099999999998,404,0.9516585365853659
21112,SWISS ROLL TOWEL PINK  SPOTS,706,1913.69,39,3.641282051282051
22291,HANGING CHICK CREAM DECORATION,1293,1913.35,122,1.6429032258064515
22438,BALLOON ART MAKE YOUR OWN FLOWERS,1459,1913.22,170,1.9240112994350282
40001,WHITE BAMBOO RIBS LAMPSHADE,2484,1911.6499999999999,121,1.0641322314049586
22832,BROCANTE SHELF WITH HOOKS,173,1910.55,82,11.603658536585366
20684,STRAWBERRY DREAM CHILDS UMBRELLA,580,1910.06,176,3.5827683615819206
21692,SILVER LATTICE VANILLA CANDLE POT,502,1906.62,111,4.022333333333333
22453,MEASURING TAPE BABUSHKA BLUE,698,1906.11,116,2.837179487179487
22522,CHILDS GARDEN FORK BLUE,2239,1905.81,334,0.9080530973451327
85162B,BLACK RETRODISC LAMPSHADE,977,1905.15,13,1.9499999999999997
23155,KNICKERBOCKERGLORY MAGNET ASSORTED,2221,1904.7700000000002,135,1.472074074074074
84763,ZINC FINISH 15CM PLANTER POTS,1517,1903.0,170,1.4076608187134503
21773,DECORATIVE ROSE BATHROOM BOTTLE,1642,1899.4,308,1.9163870967741934
21647,ASSORTED TUTTI FRUTTI LARGE PURSE,848,1899.28,144,2.5659459459459457
22210,WOOD STAMP SET BEST WISHES,1586,1898.42,287,1.3789491525423727
23491,VINTAGE JINGLE BELLS HEART,228,1897.76,78,8.462151898734177
84519B,CARROT CHARLIE+LOLA COASTER SET,867,1895.37,214,2.900372093023256
22513,DOORSTOP FOOTBALL DESIGN,585,1894.7,170,4.337426900584796
16169E,WRAP 50'S  CHRISTMAS,4563,1892.46,149,0.41919999999999996
23068,ALUMINIUM STAMPED HEART,779,1892.23,130,2.589848484848485
21659,GLASS CAKE STAND,120,1891.7,66,17.163636363636364
21581,SKULLS  DESIGN  COTTON TOTE BAG,1172,1890.74,203,2.6458333333333335
21445,12 PINK ROSE PEG PLACE SETTINGS,1519,1887.23,146,1.5165068493150684
22602,RETROSPOT WOODEN HEART DECORATION,2076,1886.28,246,1.1022619047619047
23235,STORAGE TIN VINTAGE LEAF,712,1886.1,102,2.9892156862745103
21540,DAIRY MAID BUTTER DISH,1209,1885.33,39,4.472051282051282
23128,FELTCRAFT BOY JEAN-PAUL KIT,366,1884.76,127,5.303149606299213
85231B,CINAMMON SET OF 9 T-LIGHTS,2058,1884.4199999999998,388,1.0526717557251908
23434,3 RAFFIA RIBBONS 50'S CHRISTMAS,2095,1884.17,199,0.8802
22523,CHILDS GARDEN FORK PINK,2183,1882.29,352,0.9272067039106145
23394,POSTE FRANCE CUSHION COVER,435,1877.65,150,4.954210526315789
22858,EASTER TIN KEEPSAKE,1135,1877.34,139,1.9493571428571426
84856S,SMALL TAHITI BEACH BAG,467,1877.21,33,4.978787878787879
21983,PACK OF 12 BLUE PAISLEY TISSUES,6118,1875.02,325,0.4161162079510703
85039A,SET/4 RED MINI ROSE CANDLE IN BOWL,1512,1873.82,295,1.8868813559322033
21085,SET/6 WOODLAND PAPER CUPS,13731,1872.68,66,0.7726470588235294
21687,SILVER PLATE CANDLE BOWL LARGE,477,1871.23,101,4.647358490566038
16016,LARGE CHINESE STYLE SCISSOR,2314,1870.7,106,0.8401886792452831
23090,VINTAGE GLASS T-LIGHT HOLDER,2237,1870.0300000000002,149,0.9790131578947369
23075,PARLOUR CERAMIC WALL HOOK,450,1869.0,75,4.255066666666667
21091,SET/6 WOODLAND PAPER PLATES,13700,1868.7,47,1.0289583333333334
21613,S/12 VANILLA  BOTANICAL T-LIGHTS,632,1861.45,145,3.078445945945946
21287,SCENTED VELVET LOUNGE CANDLE,4107,1860.0,93,0.8480645161290323
21677,HEARTS  STICKERS,2125,1859.3799999999999,279,0.9985304659498206
21841,BABY MOUSE RED GINGHAM DRESS,437,1857.47,132,4.4216417910447765
85164B,BLACK BAROQUE CUCKOO CLOCK,141,1851.22,66,16.973484848484848
20772,GARDEN PATH JOURNAL,970,1848.73,161,2.5111111111111106
21547,CERAMIC BIRDHOUSE CRESTED TIT SMALL,719,1848.47,119,3.5872727272727274
85162C,WHITE RETRODISC LAMPSHADE,904,1841.7,46,3.1149999999999998
22565,FELTCRAFT HAIRBANDS PINK AND WHITE,2014,1840.9899999999998,272,1.036231884057971
23378,PACK OF 12 50'S CHRISTMAS TISSUES,3997,1840.08,176,0.46322404371584697
21894,POTTING SHED SEED ENVELOPES,1320,1836.14,247,1.7396787148594377
21357,TOAST ITS - DINOSAUR,1388,1827.76,211,1.5208796296296296
22317,FIVE CATS HANGING DECORATION,587,1827.6399999999999,167,3.675357142857143
23109,LED TEA LIGHTS,634,1826.76,65,3.2733333333333334
85173,SET/6 FROG PRINCE T-LIGHT CANDLES,1018,1826.07,150,2.905894039735099
21618,4 WILDFLOWER BOTANICAL CANDLES,698,1823.74,139,2.9126027397260277
84327A,PINK JUMPER LARRY THE LAMB,959,1820.27,123,2.0976422764227642
21088,SET/6 FRUIT SALAD PAPER CUPS,16615,1816.73,136,0.47226277372262776
22586,FELTCRAFT HAIRBAND PINK AND BLUE,2087,1815.1399999999999,295,1.0022666666666666
21109,"LARGE CAKE TOWEL, CHOCOLATE SPOTS",248,1814.82,119,7.833865546218488
21761,WOOD AND GLASS MEDICINE CABINET,65,1814.75,24,29.575
21123,SET/10 IVORY POLKADOT PARTY CANDLES,1490,1814.59,172,1.1925142857142856
21384,IVORY HANGING DECORATION  BUTTERFLY,1917,1810.1899999999998,150,1.048157894736842
21161,KEEP OUT BOYS DOOR HANGER,2360,1806.05,206,1.675781990521327
22307,GOLD MUG BONE CHINA TREE OF LIFE,1199,1804.11,118,2.3484873949579828
90167,BEADED LOVE HEART JEWELLERY SET,2197,1801.17,111,1.088198198198198
21280,VINTAGE KITCHEN PRINT VEGETABLES,3333,1800.44,70,2.9934285714285713
22770,MIRROR CORNICE,112,1799.62,71,16.329718309859153
21039,RED SPOTTY SHOPPING BAG,686,1798.04,116,2.9305172413793104
79302M,"ART LIGHTS,FUNK MONKEY",628,1797.95,111,3.778482142857143
22454,MEASURING TAPE RUSSIAN DOLL RED,654,1796.42,64,3.2675
23160,REGENCY TEA SPOON,1450,1794.48,76,1.4881578947368421
21158,MOODY GIRL DOOR HANGER,2587,1792.6599999999999,310,1.2604672897196263
22254,FELT TOADSTOOL LARGE,1398,1792.21,148,1.5208
22922,FRIDGE MAGNETS US DINER ASSORTED,2073,1789.2,113,1.6745132743362832
22166,WALL MIRROR RECTANGLE DIAMANTE PINK,221,1781.97,98,11.912755102040817
84748,FOLK FELT HANGING MULTICOL GARLAND,1170,1781.12,93,3.4468085106382977
20729,RED SPOTTY CANDY BAG,5262,1778.12,121,1.4020661157024794
23317,BLUE REFECTORY CLOCK,173,1777.4599999999998,82,11.226951219512195
21548,CERAMIC BIRDHOUSE FINCH BLUE ROOF,682,1776.12,107,3.7270370370370376
23148,MINIATURE ANTIQUE ROSE HOOK IVORY,2091,1775.5100000000002,243,0.9144
21241,GREEN SPOTTY CUP,2102,1774.72,250,0.9869721115537848
84507B,STRIPES DESIGN MONKEY DOLL,1349,1764.03,115,2.9207758620689654
22533,MAGIC DRAWING SLATE BAKE A CAKE,4471,1763.2,230,0.4756595744680851
22422,TOOTHPASTE TUBE PEN,2743,1760.94,354,0.9879944289693593
22103,MIRROR MOSAIC T-LIGHT HOLDER ROUND,1746,1760.64,71,2.047042253521127
21163,DO NOT TOUCH MY STUFF DOOR HANGER,2800,1757.9199999999998,253,1.3365530303030302
22209,WOOD STAMP SET HAPPY BIRTHDAY,1415,1753.94,257,1.4162934362934363
23372,SET 36 COLOUR PENCILS DOLLY GIRL,1389,1750.29,147,1.6135761589403974
21652,GLASS ETCHED T-LIGHT HOLDER MEDIUM,896,1747.9399999999998,78,2.098860759493671
84535B,FAIRY CAKES NOTEBOOK A6 SIZE,2686,1747.76,327,0.8490090090090091
23359,SET OF 12 T-LIGHTS VINTAGE DOILY,929,1747.51,73,1.9891780821917808
21205,MULTICOLOUR 3D BALLS GARLAND,669,1746.97,144,2.9221476510067115
22166,"WALL MIRROR , RECT DIAMANTE, PINK/",219,1746.78,61,12.508524590163933
21780,MA CAMPAGNE 4 DRAWER WALL SHELF,203,1745.8500000000001,32,10.9125
85060,WOOD FAN WITH FLOWER DESIGN,1448,1745.62,87,1.405909090909091
23399,HOME SWEET HOME HANGING HEART,1914,1745.55,225,1.1070085470085471
21000,ROSE DU SUD COSMETICS BAG,690,1744.98,94,3.76
84509G,SET OF 4 FAIRY CAKE PLACEMATS,722,1744.82,134,3.6647014925373136
21637,ASSORTED SANSKRIT MINI NOTEBOOK,1358,1741.72,93,1.8408602150537634
20767,BLUE PAISLEY JOURNAL,812,1741.61,179,2.6804469273743012
22535,MAGIC DRAWING SLATE BUNNIES,4166,1741.53,292,0.4714237288135593
21760,FRENCH STYLE WALL DRESSER,15,1740.0,12,116.92307692307692
23101,SILVER STARS TABLE DECORATION,2031,1739.63,213,0.9744859813084111
84006,MAGIC TREE -PAPER FLOWERS,1856,1738.07,212,1.1082075471698114
23096,PETIT TRAY CHIC,1033,1736.69,146,2.027808219178082
21662,VINTAGE GLASS COFFEE CADDY,269,1735.0500000000002,106,7.421028037383177
23181,BULL DOG BOTTLE TOP WALL CLOCK,201,1733.57,82,9.421463414634145
22035,VINTAGE CARAVAN GREETING CARD,4083,1731.24,360,0.5541274238227146
84843,WHITE SOAP RACK WITH 2 BOTTLES,280,1731.06,110,7.07972972972973
21620,SET OF 4 ROSE BOTANICAL CANDLES,960,1729.61,184,2.2531550802139035
21090,SET/6 COLLAGE PAPER PLATES,3107,1729.09,278,0.7291397849462365
21927,BLUE/CREAM STRIPE CUSHION COVER,1260,1728.24,192,1.6878238341968912
23122,PARTY CHARMS 50 PIECES,2251,1726.09,133,1.0386029411764706
22676,FRENCH BLUE METAL DOOR SIGN 1,1253,1722.31,226,1.6498678414096914
85185B,PINK HORSE SOCK PUPPET,551,1719.56,168,3.5200588235294124
22354,RETRO SPOT PADDED SEAT CUSHION,475,1718.93,56,3.952142857142857
21895,POTTING SHED SOW 'N' GROW SET,555,1718.63,85,4.853139534883721
22026,BANQUET BIRTHDAY  CARD,4029,1717.47,366,0.5348360655737705
21281,VINTAGE KITCHEN PRINT SEAFOOD,3680,1716.8,67,3.4729850746268656
10125,MINI FUNKY DESIGN TAPES,2103,1715.78,167,0.930635838150289
21275,ZINC TOP  2 DOOR WOODEN SHELF,249,1714.48,55,14.021454545454544
85127,SMALL SQUARE CUT GLASS CANDLESTICK,276,1710.67,81,6.974634146341464
35809A,ENAMEL PINK TEA CONTAINER,1147,1708.32,187,2.5698404255319147
22934,BAKING MOULD EASTER EGG WHITE CHOC,589,1707.47,78,3.2253846153846157
23073,GEORGIAN TRINKET BOX,143,1706.5,61,12.411475409836067
20990,SPRING FLOWER CHOPSTICKS SET/5,895,1706.1399999999999,103,2.2476415094339623
46776F,WOVEN ROSE GARDEN CUSHION COVER,494,1704.6399999999999,158,4.20620253164557
22516,CHILDS GARDEN RAKE BLUE,839,1700.6,162,2.4978048780487803
22123,PING MICROWAVE APRON,655,1700.1399999999999,166,3.7334730538922156
21394,RED POLKADOT BEAKER,3920,1698.8799999999999,134,0.6504477611940298
21189,WHITE HONEYCOMB PAPER GARLAND,797,1698.8799999999999,123,2.4475000000000002
22319,HAIRCLIPS FORTIES FABRIC ASSORTED,2987,1698.04,174,0.80816091954023
22286,"DECORATION , WOBBLY RABBIT , METAL",1107,1696.29,128,2.01140625
22198,"POPCORN HOLDER , LARGE",1008,1696.21,92,2.099565217391304
84795A,PASTEL STRIPE HAMMOCK,208,1696.02,70,9.646056338028169
22706,WRAP COWBOYS,4222,1693.24,125,0.41744
21629,SQUARE FLOOR CUSHION VINTAGE RED,158,1690.8999999999999,91,11.56120879120879
21786,RAIN HAT WITH RED SPOTS,4457,1688.2,157,0.5820754716981132
20996,JAZZ HEARTS ADDRESS BOOK,6311,1686.79,335,0.37842261904761904
22587,FELTCRAFT HAIRBAND RED AND BLUE,1908,1686.51,302,1.0082903225806452
21576,LETS GO SHOPPING COTTON TOTE BAG,732,1686.19,205,2.513381642512077
85221,ASSORTED COLOUR SILK COIN PURSE,3558,1685.46,47,1.0245833333333334
70007,HI TEC ALPINE HAND WARMER,1306,1684.58,205,2.123381642512077
21251,DINOSAUR HEIGHT CHART STICKER SET,595,1683.93,132,3.519545454545455
22416,SET OF 36 DOILIES SPACEBOY DESIGN,1210,1682.57,112,1.582767857142857
22975,SPACEBOY CHILDRENS EGG CUP,1245,1679.66,193,1.5469743589743588
23368,SET 12 COLOUR PENCILS DOLLY GIRL,2379,1679.55,232,0.784322033898305
72816,SET/3 CHRISTMAS DECOUPAGE CANDLES,1344,1671.52,136,1.9589705882352941
23214,JINGLE BELL HEART ANTIQUE GOLD,777,1670.0800000000002,102,2.395631067961165
21446,12 RED ROSE PEG PLACE SETTINGS,1258,1669.83,232,1.4849166666666667
15058A,BLUE POLKADOT GARDEN PARASOL,200,1668.49,89,9.208988764044944
22673,FRENCH GARDEN SIGN BLUE METAL,1320,1667.5,195,1.4474999999999998
21382,SET/4 SPRING FLOWER DECORATION,1238,1665.66,152,2.2237254901960783
22804,PINK HANGING HEART T-LIGHT HOLDER,880,1664.16,76,3.3044736842105267
21633,SUNFLOWER DECORATIVE PARASOL,175,1663.11,72,13.04888888888889
21162,TOXIC AREA  DOOR HANGER,2402,1655.8799999999999,285,1.274808362369338
20752,RETRO BLUE SPOTTY WASHING UP GLOVES,965,1655.74,156,2.31474358974359
21278,VINTAGE KITCHEN PRINT PUDDINGS,2758,1654.45,118,3.509159663865546
21294,ETCHED GLASS COASTER,2246,1653.75,139,1.1270921985815603
23505,PLAYING CARDS I LOVE LONDON,1200,1651.29,115,1.3546153846153848
82001S,SILVER RECORD COVER FRAME,365,1649.6399999999999,41,6.041219512195122
23273,HEART T-LIGHT HOLDER WILLIE WINKIE,969,1649.05,112,1.8786725663716815
21426,WOODLAND STORAGE BOX SMALL,1028,1647.07,99,3.2193069306930693
23270,SET OF 2 CERAMIC PAINTED HEARTS,1174,1646.32,125,1.501171875
21332,MOROCCAN BEATEN METAL MIRROR,270,1644.17,50,11.9834
21645,ASSORTED TUTTI FRUTTI ROUND BOX,969,1642.65,133,1.844148148148148
22025,RING OF ROSES BIRTHDAY CARD,3970,1641.64,288,0.5371280276816609
21448,12 DAISY PEGS IN WOOD BOX,955,1640.17,211,1.8780465116279068
21545,CERAMIC BIRDHOUSE BUTTERFLY SMALL,697,1640.12,82,3.555542168674699
37441,ASSORTED WHITE EMBOSSED CHINA MUGS,700,1639.8,54,5.037777777777778
22410,MONEY BOX HOUSEKEEPING DESIGN,1339,1637.46,196,1.3945408163265305
85180A,RED HEARTS LIGHT CHAIN,629,1636.42,99,3.9513
23483,HANGING  BUTTERFLY T-LIGHT HOLDER,1328,1636.36,73,2.409054054054054
21541,DINOSAURS WATER TRANSFER TATTOOS,1907,1636.24,201,1.0449261083743842
23366,SET 12 COLOURING PENCILS DOILY,2200,1636.1,191,0.8190721649484536
23348,CHILDRENS TOY COOKING UTENSIL SET,746,1633.81,168,2.5796470588235296
35241,ENAMEL BLUE RIM BISCUIT BIN,309,1631.42,130,6.062538461538462
21593,SWALLOW CIGAR BOX MATCHES,1391,1629.31,94,1.2480208333333334
21283,NATURAL BARK CANDLE SMALL,512,1629.2,81,3.6758536585365857
85036C,ROSE 1 WICK MORRIS BOXED CANDLE,878,1629.02,128,3.032748091603054
21793,CLASSIC FRENCH STYLE BASKET BROWN,353,1627.3600000000001,102,5.173203883495146
21039,RED RETROSPOT SHOPPING BAG,627,1625.6100000000001,112,3.0420535714285712
23391,I LOVE LONDON MINI BACKPACK,388,1624.02,86,4.616666666666667
84619,BLUE GINGHAM ROSE QUILT,72,1622.96,29,35.91413793103448
85160A,WHITE BIRD GARDEN DESIGN MUG,8824,1622.7900000000002,35,6.327714285714285
21837,CROSS STITCH ALPHABET CUSHION COVER,244,1622.64,91,7.640989010989012
21279,VINTAGE KITCHEN PRINT FRUITS,3527,1621.83,101,3.595346534653465
72817,SET OF 2 CHRISTMAS DECOUPAGE CANDLE,1513,1621.28,208,1.2854761904761904
85131A,BEADED PEARL HEART WHITE ON STICK,2025,1619.23,199,0.97595
22559,SEASIDE FLYING DISC,1275,1616.33,176,1.5184269662921346
21656,RIDGED GLASS POSY VASE,985,1614.54,140,2.0507142857142853
23217,LAUREL HEART ANTIQUE SILVER,1309,1613.82,97,1.5415151515151517
48195,DOOR MAT GREEN PAISLEY,268,1613.56,86,8.110813953488371
22292,HANGING CHICK  YELLOW DECORATION,1139,1608.86,113,1.5933333333333333
35810A,ENAMEL PINK COFFEE CONTAINER,1205,1604.74,171,2.3456976744186044
82615,PINK MARSHMALLOW SCARF KNITTING KIT,582,1603.97,90,3.277444444444445
23287,RED VINTAGE SPOT BEAKER,1879,1603.3899999999999,198,1.03395
21542,WOODLAND WATER TRANSFER TATTOOS,1877,1600.75,190,1.016020942408377
20802,SMALL GLASS SUNDAE DISH CLEAR,1051,1596.81,116,2.104051724137931
23226,FILIGREE HEART DAISY WHITE,1247,1596.67,98,1.5736363636363635
22260,FELT EGG COSY BLUE RABBIT,1557,1594.77,241,1.2850813008130082
23244,ROUND STORAGE TIN VINTAGE LEAF,864,1593.58,103,2.1018446601941747
84913B,MINT GREEN ROSE TOWEL,420,1593.29,200,3.6969
21694,SMALL REGAL  SILVER CANDLEPOT,556,1593.16,70,3.2754285714285714
21986,PACK OF 12 PINK POLKADOT TISSUES,5159,1591.94,272,0.41952554744525544
35471D,SET OF 3 BIRD LIGHT PINK FEATHER,2241,1591.86,348,1.2320786516853932
35160,BUDDHA INCENSE HOLDER ASSORTED,2180,1590.64,56,0.8171428571428571
21383,PACK OF 12 STICKY BUNNIES,2204,1590.43,323,0.9649240121580547
22106,MIRROR MOSAIC HURRICANE LAMP,509,1589.98,79,5.470759493670886
22517,CHILDS GARDEN RAKE PINK,806,1589.4099999999999,152,2.3930263157894736
22597,CHRISTMAS MUSICAL ZINC HEART,1850,1586.49,115,0.982051282051282
22099,CARAVAN SQUARE TISSUE BOX,2123,1585.46,291,1.2789666666666666
85170A,SET/6 IVORY BIRD T-LIGHT CANDLES,848,1585.06,84,2.5583333333333336
23369,SET 36 COLOUR PENCILS LOVE LONDON,1105,1581.06,126,1.4970542635658914
85222,ASSORTED COLOUR SILK COSMETIC PURSE,1406,1579.68,50,2.2184615384615385
21123,SET/10 IVORY SPOTTY PARTY CANDLES,1261,1578.47,80,1.3386419753086418
37342,POLKADOT COFFEE CUP & SAUCER PINK,1589,1577.6200000000001,117,1.8004237288135592
21675,BUTTERFLIES STICKERS,1782,1576.84,268,1.0479553903345724
22608,PENS ASSORTED FUNKY JEWELED,5735,1573.81,170,0.462235294117647
21631,HIPPY CHIC DECORATIVE PARASOL,221,1571.75,54,10.77962962962963
21092,SET/6 STRAWBERRY PAPER PLATES,12846,1571.5,28,1.1092857142857142
84536B,FAIRY CAKES NOTEBOOK A7 SIZE,3512,1567.97,403,0.5775429975429975
22705,WRAP GREEN PEARS,3733,1567.86,151,0.42
23462,ROCOCO WALL MIRROR WHITE,78,1567.1399999999999,45,20.713555555555555
15059A,ENGLISH ROSE EDWARDIAN PARASOL,509,1567.0,4,10.5
79323B,BLACK CHERRY LIGHTS,242,1565.7,58,7.727241379310345
21550,CERAMIC BIRDHOUSE CRESTED TIT LARGE,295,1565.51,64,6.715223880597015
21867,PINK UNION JACK  LUGGAGE TAG,1144,1562.87,288,1.5381727574750832
21925,UNION STRIPE CUSHION COVER,1201,1562.33,167,1.5775147928994084
21579,LOLITA  DESIGN  COTTON TOTE BAG,1029,1560.85,136,2.5860583941605837
21972,SET OF 36 DINOSAUR PAPER DOILIES,1055,1560.82,171,1.644502923976608
85194L,HANGING SPRING FLOWER EGG LARGE,1818,1560.6299999999999,147,1.0477551020408162
21276,TWO EMBOSSED HEART MINI DRAWERS,677,1558.94,29,4.253103448275862
84789,ENCHANTED BIRD PLANT CAGE,445,1558.39,124,4.017177419354839
72803A,ROSE SCENT CANDLE JEWELLED DRAWER,724,1553.5,97,4.382680412371134
22450,SILK PURSE BABUSHKA BLUE,459,1552.3500000000001,111,3.497787610619469
21710,FOLDING UMBRELLA  PINK/WHITE  SPOT,584,1549.34,49,4.8208
21289,LARGE STRIPES CHOCOLATE GIFT BAG,1413,1549.31,102,1.3087254901960785
20766,GARDEN PATH SKETCHBOOK,518,1548.47,155,3.951910828025478
85036B,CHOCOLATE 1 WICK MORRIS BOX CANDLE,600,1547.1,89,3.1952808988764043
84919,BLUE CUSHION COVER WITH FLOWER,283,1545.53,39,6.487435897435897
16033,MINI HIGHLIGHTER PENS,15121,1544.52,50,0.11639999999999999
22982,PANTRY PASTRY BRUSH,1154,1543.77,212,1.6372169811320754
21610,SET 12 PEAR BOTANICAL T-LIGHTS,542,1543.67,97,3.043571428571429
75131,METAL TUBE CHIME ON BAMBOO,1217,1543.03,68,1.700735294117647
22343,PARTY PIZZA DISH RED RETROSPOT,2797,1541.47,153,0.7627450980392158
20735,BLACK MINI TAPE MEASURE,1515,1540.29,202,1.20519801980198
84795D,SEASIDE STRIPE HAMMOCK,189,1538.79,83,8.78421686746988
21246,RED RETROSPOT BIG BOWL,326,1534.78,108,4.595185185185185
20768,GREEN FERN JOURNAL,767,1534.19,149,2.557046979865772
23267,SET OF 4 SANTA PLACE SETTINGS,1202,1531.95,108,1.4116216216216215
72008,FROSTED BOX 9 WHITE T-LIGHT CANDLES,3819,1531.4,215,0.441
20986,BLUE CALCULATOR RULER,1217,1530.95,204,1.554354066985646
22449,SILK PURSE RUSSIAN DOLL PINK,460,1530.6200000000001,90,3.7502173913043477
20902,VINTAGE KEEPSAKE BOX PARIS DAYS,206,1525.22,116,9.306034482758621
22337,ANGEL DECORATION PAINTED ZINC,2473,1522.52,146,0.7340939597315437
21282,NATURAL BARK CANDLE LARGE,356,1522.28,69,4.772028985507246
22293,"SPRING DEC , HANGING CHICK  GREEN",1128,1516.9199999999998,100,1.8652941176470588
21099,SET/6 STRAWBERRY PAPER CUPS,13290,1516.64,33,0.755
85159B,"WHITE TEA,COFFEE,SUGAR JARS",660,1516.5,89,5.035730337078652
85177,BASKET OF FLOWERS SEWING KIT,1820,1514.78,143,0.9903496503496504
21785,RAIN PONCHO,2005,1514.6299999999999,100,0.9908910891089109
21146,ANTIQUE GLASS RIDGED HANGING BALL,789,1513.67,58,2.179655172413793
21661,VINTAGE GLASS TEA CADDY,239,1511.3100000000002,98,7.073838383838384
22340,NOEL GARLAND PAINTED ZINC,1799,1511.05,184,1.242391304347826
22137,BATHROOM SET LOVE HEART DESIGN,606,1508.28,43,3.616046511627907
21634,ASSORTED MINI MADRAS NOTEBOOK,1771,1507.74,69,1.363768115942029
21002,ROSE DU SUD DRAWSTRING BAG,417,1507.22,184,3.536141304347826
84526,GIANT BLACK SUNGLASSES,538,1503.6399999999999,34,2.112058823529412
23250,VINTAGE RED TRIM ENAMEL BOWL,1155,1501.03,108,1.4721296296296298
21199,PINK  HEART CONFETTI IN TUBE,1305,1495.7,149,1.8689999999999998
23280,FOLDING BUTTERFLY MIRROR HOT PINK,1867,1495.24,152,1.0685620915032679
21009,ETCHED GLASS STAR TREE DECORATION,1047,1494.99,102,1.4825714285714284
21066,VINTAGE RED MUG,2284,1494.67,131,1.2776335877862597
84856L,LARGE TAHITI BEACH BAG,238,1492.28,81,7.748271604938272
23334,IVORY WICKER HEART SMALL,2271,1491.75,130,0.7883823529411764
22677,FRENCH BLUE METAL DOOR SIGN 2,1074,1486.62,203,1.7172058823529412
21051,RIBBONS PURSE,754,1486.16,127,2.1744615384615384
15058A,BLUE WHITE SPOTS GARDEN PARASOL,276,1485.24,59,7.573833333333334
23271,CHRISTMAS TABLE SILVER CANDLE SPIKE,1715,1483.61,103,1.055904761904762
21849,SILVER DIAMANTE PEN IN GIFT BOX,633,1483.51,134,3.7198529411764705
84510B,SET OF 4 FAIRY CAKES COASTERS,1172,1483.2,148,1.6762745098039213
23559,WOODLAND BUNNIES LOLLY MAKERS,649,1482.41,124,2.8688709677419357
85125,SMALL ROUND CUT GLASS CANDLESTICK,309,1479.51,62,5.313709677419355
22546,MINI JIGSAW PURDEY,3703,1478.56,171,0.5223837209302326
23392,SPACEBOY ROCKET LOLLY MAKERS,662,1475.03,113,2.7042982456140354
22915,ASSORTED BOTTLE TOP  MAGNETS,3281,1474.52,194,1.1767692307692308
21851,LILAC DIAMANTE PEN IN GIFT BOX,628,1473.56,149,3.9557718120805365
84616,SILVER ROCCOCO CHANDELIER,72,1472.62,25,27.726799999999997
21198,WHITE HEART CONFETTI IN TUBE,1282,1472.3,118,1.7450420168067227
22912,YELLOW COAT RACK PARIS FASHION,313,1471.09,108,5.261192660550459
20734,SILVER MINI TAPE MEASURE,1592,1470.6200000000001,117,1.3161016949152542
21869,POTTING SHED COFFEE MUG,1264,1469.58,111,1.348125
84659A,WHITE TRAVEL ALARM CLOCK,588,1469.51,224,2.5639555555555553
85198,ASSORTED FARMYARD ANIMALS IN BUCKET,3859,1469.5,51,1.0133962264150944
22815,CARD PSYCHEDELIC APPLES,3433,1468.53,340,0.5004117647058823
21801,CHRISTMAS TREE DECORATION WITH BELL,3398,1467.6599999999999,258,0.45776061776061777
22976,CIRCUS PARADE CHILDRENS EGG CUP,1127,1465.26,149,1.5033999999999998
20681,PINK POLKADOT CHILDRENS UMBRELLA,405,1464.29,135,4.0942647058823525
23365,SET 12 COLOUR PENCILS LOVE LONDON,1857,1463.08,169,0.7943930635838151
21644,ASSORTED TUTTI FRUTTI HEART BOX,1087,1461.47,137,1.4383916083916084
21818,GLITTER CHRISTMAS HEART,1727,1460.86,143,0.8863461538461538
22052,VINTAGE CARAVAN GIFT WRAP,3525,1460.5,128,0.41812499999999997
23470,CARD HOLDER LOVE BIRD LARGE,232,1460.5,84,6.810714285714286
22929,SCHOOL DESK AND CHAIR,23,1459.75,17,64.17058823529412
22393,PAPERWEIGHT VINTAGE COLLAGE,834,1459.3700000000001,120,2.8713333333333333
21410,COUNTRY COTTAGE  DOORSTOP GREEN,312,1458.28,150,5.5142
85098B,BLUE FLYING SINGING CANARY,366,1456.94,114,4.695043478260869
22228,BUNNY WOODEN PAINTED WITH BIRD,1727,1456.6,275,1.0154676258992805
21065,BOOM BOX SPEAKER GIRLS,608,1455.3600000000001,118,4.923114754098361
84637,KITCHEN FLOWER POTS WALL PLAQUE,585,1454.49,114,5.804122807017544
21317,GLASS SPHERE CANDLE STAND MEDIUM,357,1453.4,74,5.967763157894737
84596G,SMALL CHOCOLATES PINK BOWL,2231,1453.16,350,0.8714689265536724
20733,GOLD MINI TAPE MEASURE,1927,1452.2,294,0.8517627118644067
21739,COSY SLIPPER SHOES SMALL GREEN,494,1451.85,177,3.0525280898876406
85136C,RED SHARK HELICOPTER,179,1451.69,122,8.129180327868852
22157,ANGEL DECORATION WITH LACE PADDED,1698,1451.3999999999999,124,0.894296875
23034,DRAWER KNOB CERAMIC BLACK,979,1448.6699999999998,88,1.6273333333333335
22390,PAPERWEIGHT CHILDHOOD MEMORIES,813,1448.52,83,2.6522891566265057
22986,GINGHAM ROSE WRAP,3519,1445.98,122,0.4193442622950819
37343,SPOTS DESIGN MUG W PINK INSIDE,917,1445.78,74,2.097972972972973
21159,MOODY BOY  DOOR HANGER,2105,1445.37,250,1.3357768924302789
35637A,IVORY STRING CURTAIN WITH POLE,551,1445.05,53,6.165849056603774
85055,FRENCH ENAMEL UTENSIL HOLDER,359,1442.94,107,4.6967592592592595
84313C,ORANGE TV TRAY TABLE,548,1442.3899999999999,73,5.152739726027397
23086,ZINC  STAR T-LIGHT HOLDER,1217,1441.43,46,1.5256521739130435
22817,CARD SUKI BIRTHDAY,3392,1434.9,355,0.49591549295774645
22249,DECORATION WHITE CHICK MAGIC GARDEN,1636,1434.6599999999999,243,1.0390725806451613
22316,200 BENDY SKULL STRAWS,1257,1432.82,119,1.4029411764705881
21561,DINOSAUR LUNCHBOX WITH CUTLERY,570,1429.9,113,2.832654867256637
22093,MOTORING TISSUE BOX,2346,1429.87,275,0.9597122302158274
21292,SMALL STRIPES CHOCOLATE GIFT BAG,2449,1427.11,91,0.8146153846153845
22396,MAGNETS PACK OF 4 RETRO PHOTO,1895,1427.08,184,0.9205945945945946
85167B,BLACK GRAND BAROQUE PHOTO FRAME,692,1426.34,59,4.181
22071,SMALL RETRO SPOT MUG IN BOX  WHITE,383,1426.13,81,3.936024096385542
22094,RED RETROSPOT TISSUE BOX,2554,1424.1599999999999,232,1.1035744680851063
21495,SKULLS WRAP,3400,1424.0,109,0.41853211009174307
35965,FOLKART HEART NAPKIN RINGS,629,1423.63,174,3.2986781609195406
20761,BLUE PAISLEY SKETCHBOOK,458,1422.46,146,4.008979591836735
21807,WHITE CHRISTMAS STAR DECORATION,3225,1422.45,172,0.5124719101123596
20801,LARGE PINK GLASS SUNDAE DISH,1092,1422.0,111,2.2076521739130435
23057,BEADED CHANDELIER T-LIGHT HOLDER,695,1420.97,38,4.771578947368421
21532,DAIRY MAID SUGAR JAM BOWL,1387,1419.71,90,2.386413043478261
35004G,SET OF 3 GOLD FLYING DUCKS,359,1419.51,76,6.24974025974026
20840,FRENCH FLORAL CUSHION COVER,885,1419.09,93,2.1470212765957446
22285,HANGING HEN ON NEST DECORATION,828,1418.82,114,2.0156410256410253
22819,"BIRTHDAY CARD, RETRO SPOT",3351,1418.1200000000001,331,0.4827190332326284
15034,PAPER POCKET TRAVELING FAN,10153,1416.26,255,0.357265625
85071A,BLUE CHARLIE+LOLA PERSONAL DOORSIGN,1907,1415.69,147,1.2626845637583894
22333,RETRO SPOT PARTY BAG + STICKER SET,938,1412.25,34,1.7891176470588235
23249,VINTAGE RED ENAMEL TRIM PLATE,830,1406.3,80,1.891
47503A,ASS FLORAL PRINT MULTI SCREWDRIVER,2853,1405.51,195,0.63315
23119,PACK OF 6 LARGE FRUIT STRAWS,2282,1401.7,151,0.7791390728476821
21358,TOAST ITS - HAPPY BIRTHDAY,1129,1398.71,222,1.2818918918918918
21910,WAY OUT METAL SIGN,1066,1398.18,111,1.7615315315315316
21828,EIGHT PIECE SNAKE  SET,1105,1396.6200000000001,180,1.4790163934426228
23055,IVORY CHANDELIER T-LIGHT HOLDER,657,1395.18,38,5.62125
15058B,PINK WHITE SPOTS GARDEN PARASOL,204,1394.7,56,9.42125
23040,PAPER LANTERN 9 POINT SNOW STAR,253,1394.03,41,6.278372093023257
22756,LARGE YELLOW BABUSHKA NOTEBOOK,1204,1393.45,215,1.4032870370370372
85087,CANDY SPOT CUSHION COVER,420,1392.64,146,3.6293150684931508
85017B,ENVELOPE 50 BLOSSOM IMAGES,2231,1390.3899999999999,317,0.7516981132075471
47503K,ASSORTED FLORAL SECATEURS,3177,1389.44,42,2.262325581395349
22324,BLUE POLKADOT KIDS BAG,568,1389.06,151,3.31625
22686,FRENCH BLUE METAL DOOR SIGN No,1050,1388.45,173,1.8880924855491328
22917,HERB MARKER ROSEMARY,1996,1386.65,252,0.8575889328063241
85169A,IVORY LOVE BIRD CANDLE,1252,1385.82,151,1.3951612903225807
22339,CHRISTMAS TREE PAINTED ZINC,3521,1385.46,145,0.5729139072847682
20658,RED SPOTTY LUGGAGE TAG,1000,1385.3,195,1.6824489795918367
23376,PACK OF 12 VINTAGE CHRISTMAS TISSUE,3039,1384.9099999999999,155,0.5079245283018868
22250,DECORATION  BUTTERFLY  MAGIC GARDEN,1521,1382.96,257,1.1350950570342204
84396,6 HOOK JEWELLERY STAND BLACK DRESS,552,1380.52,49,5.774400000000001
23104,IVORY CAFE HANGING LAMP,116,1380.42,45,12.867111111111111
23414,ZINC BOX SIGN HOME,141,1378.75,64,10.073749999999999
84562A,PINK/WHITE RIBBED MELAMINE JUG,169,1378.26,78,9.355443037974684
21011,GLITTER SNOW PEAR TREE DECORATION,1840,1373.8,118,1.2534920634920634
46776B,WOVEN BERRIES CUSHION COVER,429,1373.36,154,4.2614935064935064
90200D,PINK SWEETHEART BRACELET,327,1372.26,150,4.221866666666666
20704,MR ROBOT SOFT TOY,361,1371.42,80,6.370875
23536,WALL ART VILLAGE SHOW,240,1369.71,67,7.079253731343283
20866,BLUE ROSE FABRIC MIRROR,1280,1368.91,191,1.4857591623036648
23000,TRAVEL CARD WALLET TRANSPORT,3169,1368.28,278,0.5197132616487455
84819,DANISH ROSE ROUND SEWING BOX,908,1368.26,95,2.969368421052631
21209,MULTICOLOUR HONEYCOMB FAN,1476,1368.04,137,1.7460583941605838
21398,RED  SPOTTY COFFEE  MUG,710,1367.79,53,2.3773584905660377
84873A,FUNKY FLOWER PICNIC BAG FOR 4,120,1367.51,75,11.5296
35599D,PINK AND WHITE CHRISTMAS TREE 120CM,406,1366.48,103,4.735631067961165
84685,BEACH HUT KEY CABINET,435,1366.17,125,5.732
23546,WRAP PAISLEY PARK,3250,1365.0,120,0.42
84665,SQUARE CHERRY BLOSSOM CABINET,226,1364.7,47,6.375531914893617
22916,HERB MARKER THYME,1962,1363.3799999999999,249,0.8606299212598425
23221,REINDEER HEART DECORATION SILVER,1536,1363.04,145,1.0762416107382549
16161U,"WRAP,SUKI AND FRIENDS",3350,1363.0,110,0.41709090909090907
35649,VINTAGE BEAD COSMETIC BAG,1826,1362.8999999999999,53,3.0605555555555557
21786,POLKADOT RAIN HAT,3014,1360.83,293,0.6476490066225166
84965B,BLUE KASHMIRI COFFEE TABLE,27,1359.95,4,62.4875
22269,EGG CUP NATURAL CHICKEN,1521,1357.7,204,1.2078155339805825
21684,SMALL MEDINA STAMPED METAL BOWL,1696,1357.61,104,1.1099999999999999
23469,CARD HOLDER LOVE BIRD SMALL,332,1355.24,72,4.643611111111111
22050,PINK PAISLEY ROSE GIFT WRAP,3300,1354.0,115,0.4186086956521739
17129D,CLEAR COLOUR GLASS GEMS IN BAG,1125,1351.18,39,1.2087179487179487
21059,PARTY INVITES DINOSAURS,1596,1348.56,221,0.9007692307692308
84466,TOP SECRET PEN SET,1256,1348.3600000000001,73,1.6404109589041096
21529,RETRO SPOT CERAMIC TOASTRACK,383,1346.08,103,3.9699029126213596
20762,GREEN FERN SKETCHBOOK,458,1343.79,136,3.836102941176471
21822,GLITTER CHRISTMAS TREE WITH BELLS,1010,1343.7,142,1.58013698630137
22293,HANGING CHICK GREEN DECORATION,906,1343.28,125,1.739921875
84828,JUNGLE POPSICLES ICE LOLLY MOULDS,960,1338.8700000000001,153,1.6098064516129034
21397,BLUE  SPOTTY EGG CUP,994,1338.36,99,1.9963636363636361
21190,PINK HEARTS PAPER GARLAND,806,1337.59,111,1.9798260869565216
20993,JAZZ HEARTS MEMO PAD,10967,1334.1100000000001,32,0.8425
20780,BLACK EAR MUFF HEADPHONES,231,1333.96,98,6.895445544554456
16235,RECYCLED PENCIL WITH RABBIT ERASER,5827,1333.95,310,0.3089808917197452
22246,"GARLAND, MAGIC GARDEN 1.8M",656,1332.36,95,2.565208333333333
85232A,SET/3 POLKA DOT STACKING TINS,264,1331.76,96,5.373298969072166
21580,RABBIT  DESIGN  COTTON TOTE BAG,542,1329.6299999999999,172,2.855639534883721
23538,WALL ART VINTAGE HEART,331,1329.54,32,5.7790625
20933,YELLOW POT PLANT CANDLE,505,1329.49,52,4.1007547169811325
22446,PIN CUSHION BABUSHKA PINK,497,1329.48,153,2.87974358974359
85032D,YULETIDE IMAGES GIFT WRAP SET,1148,1327.68,133,1.3986567164179105
23232,WRAP VINTAGE PETALS  DESIGN,3275,1327.5,104,0.4176923076923077
21775,DECORATIVE FLORE BATHROOM BOTTLE,874,1326.29,277,2.009496402877698
21926,RED/CREAM STRIPE CUSHION COVER,1009,1325.27,147,1.5961224489795918
22202,MILK PAN PINK POLKADOT,331,1325.01,80,5.54825
85032A,ROMANTIC IMAGES GIFT WRAP SET,1441,1323.51,161,1.273726708074534
22924,FRIDGE MAGNETS LA VIE EN ROSE,1500,1323.42,95,1.4349999999999998
22918,HERB MARKER PARSLEY,1925,1322.86,249,0.8578968253968254
21738,COSY SLIPPER SHOES SMALL  RED,422,1322.63,131,3.5006617647058826
22701,PINK DOG BOWL,675,1320.57,158,2.842075471698113
21157,RED SPOTTY WASHBAG,586,1319.96,132,2.740300751879699
85200,BUNNY EGG BOX,1045,1319.09,105,1.3532075471698113
85135C,RED DRAGONFLY HELICOPTER,162,1317.92,111,8.16232142857143
22051,BLUE SCANDINAVIAN PAISLEY WRAP,3175,1317.5,116,0.4193103448275862
85071B,RED CHARLIE+LOLA PERSONAL DOORSIGN,2340,1316.48,165,1.3026347305389223
22923,FRIDGE MAGNETS LES ENFANTS ASSORTED,1583,1314.8899999999999,90,1.0913333333333333
22977,DOLLY GIRL CHILDRENS EGG CUP,999,1313.86,140,1.4704964539007093
20760,GARDEN PATH POCKET BOOK,5550,1313.66,81,0.7926829268292683
84688,BEACH HUT DESIGN BLACKBOARD,422,1313.52,81,5.835432098765432
23373,VINTAGE CHRISTMAS PAPER GIFT BAG,1608,1313.3899999999999,100,0.9070999999999999
35598D,PINK/WHITE CHRISTMAS TREE 60CM,1727,1312.2,103,1.6382524271844658
23405,HOME SWEET HOME 2 DRAWER CABINET,252,1311.48,70,5.985492957746479
22481,BLACK TEA TOWEL CLASSIC DESIGN,1272,1309.81,219,1.1607142857142858
21277,FRENCH STYLE EMBOSSED HEART CABINET,54,1309.3899999999999,48,24.660208333333333
21842,PINK HEART CANDY BUTTON CALCULATOR,551,1308.74,47,3.0110638297872336
20893,HANGING BAUBLE T-LIGHT HOLDER SMALL,559,1308.59,76,2.886455696202532
20798,CLEAR MILKSHAKE GLASS,551,1308.15,83,3.106117647058823
21945,STRAWBERRIES  DESIGN FLANNEL,1862,1307.1,240,1.2565289256198346
22893,MINI CAKE STAND T-LIGHT HOLDER,2721,1306.09,182,0.6159016393442622
46776A,WOVEN BUBBLE GUM CUSHION COVER,411,1303.88,122,4.359590163934426
21219,SET/4 BADGES BALLOON GIRL,1013,1303.27,176,1.5539325842696627
20738,GREEN MINI TAPE MEASURE,1610,1301.72,74,0.9545945945945946
21248,DOOR HANGER  MUM + DADS ROOM,1043,1299.55,158,1.6889240506329115
85170D,SET/6 PINK BIRD T-LIGHT CANDLES,723,1296.36,151,2.8456953642384106
22105,MIRROR MOSAIC GOBLET CANDLE HOLDER,692,1294.7,55,4.25
79191C,RETRO PLASTIC ELEPHANT TRAY,1619,1293.76,157,0.9820253164556961
22232,JIGSAW TOADSTOOLS 3 PIECE,1093,1292.59,156,1.5590384615384614
22267,EASTER DECORATION EGG BUNNY,1472,1291.47,117,1.1747107438016529
22181,SNOWSTORM PHOTO FRAME FRIDGE MAGNET,1538,1291.3799999999999,138,1.0202142857142855
85231G,ORANGE SCENTED SET/9 T-LIGHTS,1480,1291.09,259,1.002851711026616
22258,FELT FARM ANIMAL RABBIT,1342,1291.05,131,1.4597744360902256
85006,SET 4 NURSERY DES ROUND BOXES,3049,1289.31,37,2.546756756756757
84609,TALL ROCOCO CANDLE HOLDER,143,1289.24,38,10.889473684210527
84569D,PACK 6 HEART/ICE-CREAM PATCHES,1023,1287.54,179,1.4511049723756906
85141,JARDIN ETCHED GLASS FRUITBOWL,182,1286.44,71,8.083424657534247
85025C,PINK HEART SHAPE PHOTO FRAME,720,1285.91,125,2.0527777777777776
17091A,LAVENDER INCENSE IN TIN,2085,1285.8899999999999,117,1.029059829059829
84559A,3D SHEET OF DOG STICKERS,1378,1285.87,270,1.1574169741697415
72818,CHRISTMAS DECOUPAGE CANDLE,2394,1283.1299999999999,127,0.8364661654135338
46775E,CANDY POP CHUNKY KNITTED THROW,101,1282.9,51,13.26686274509804
82613D,METAL SIGN CUPCAKE SINGLE HOOK,1186,1281.86,271,1.688450184501845
22097,SWALLOW SQUARE TISSUE BOX,2064,1281.75,242,0.98532
22543,MINI JIGSAW BAKE A CAKE,3247,1281.49,118,0.5087288135593221
22214,CANDLE PLATE LACE WHITE,549,1279.79,92,2.7232608695652174
84816,DANISH ROSE BEDSIDE CABINET,33,1278.3500000000001,20,39.45
22323,PINK POLKADOT KIDS BAG,539,1275.31,115,3.181896551724138
21425,SKULLS STORAGE BOX LARGE,505,1274.93,95,4.1706315789473685
21759,METAL WALL SHELF UNIT WITH HOOKS,30,1274.47,13,54.18692307692308
23072,MARIE ANTOINETTE TRINKET BOX SILVER,334,1273.76,30,13.725333333333333
21537,RETRO SPOTS PUDDING BOWL,294,1273.26,74,4.794415584415584
16225,RATTLE SNAKE EGGS,1520,1271.66,165,1.5598192771084338
35648,VINTAGE BEAD PINK PURSE,1041,1270.93,143,1.7656849315068495
21549,CERAMIC BIRDHOUSE RED ROOF SMALL,547,1270.39,51,3.3067307692307697
85163B,BLACK BAROQUE WALL CLOCK,115,1268.66,66,14.094090909090909
21689,SILVER VANILLA  FLOWER CANDLE POT,342,1268.12,60,4.104516129032258
22732,3D STICKERS VINTAGE CHRISTMAS,1060,1268.0,38,1.24
20765,CHRYSANTHEMUM SKETCHBOOK,442,1265.06,146,3.9039455782312924
20777,CHRYSANTHEMUM NOTEBOOK,3660,1262.7,169,1.7810588235294116
21708,FOLDING UMBRELLA  CREAM/MULTI  SPOT,379,1260.25,53,5.058679245283019
23061,VINTAGE EMBOSSED HEART,955,1257.68,113,1.5479646017699114
40003,WHITE BAMBOO RIBS LAMPSHADE,1150,1257.02,60,1.5241666666666667
21063,PARTY INVITES JAZZ HEARTS,1456,1256.27,238,0.9412605042016806
21145,ANTIQUE GLASS PLACE SETTING,869,1256.21,49,3.406734693877551
77101A,UNION FLAG WINDSOCK,1082,1255.97,88,1.5012359550561796
22919,HERB MARKER MINT,1800,1255.44,248,0.8432669322709163
20825,GOLD WINE GLASS,361,1255.08,7,6.831428571428572
35957,SMALLFOLKART BAUBLE CHRISTMAS DEC,3565,1254.8999999999999,148,1.2358108108108108
23237,SET OF 4 KNICK KNACK TINS LEAVES,306,1253.78,54,4.204444444444444
20731,POSY CANDY BAG,4142,1252.92,73,1.4024657534246574
23511,EMBROIDERED RIBBON REEL EMILY,571,1252.01,98,2.3309090909090906
84967B,BLUE KASHMIRI OCCASIONAL TABLE,24,1249.45,11,65.87272727272727
85159A,"BLACK TEA,COFFEE,SUGAR JARS",492,1248.98,82,6.344390243902439
22280,POCKET BAG PINK PAISELY BROWN SPOT,877,1248.74,158,1.5551234567901235
22062,CERAMIC BOWL WITH LOVE HEART DESIGN,761,1248.15,126,2.398106060606061
22450,SILK PURSE RUSSIAN DOLL BLUE,375,1245.93,69,3.5370422535211268
22389,PAPERWEIGHT SAVE THE PLANET,647,1245.52,92,2.5418478260869564
21752,GLASS CAKE STAND MIRRORED BASE,77,1244.81,37,17.717027027027026
84989A,75 GREEN FAIRY CAKE CASES,2194,1243.99,193,0.9647448979591837
22808,SET OF 6 T-LIGHTS EASTER CHICKS,420,1243.8799999999999,83,3.5695180722891573
20707,CRAZY DAISY HEART DECORATION,1613,1243.68,199,1.22405
79066K,RETRO MOD TRAY,1403,1242.96,256,1.1179377431906614
79163,BLACK CHAMPAGNE GLASS,1833,1240.83,64,2.532769230769231
22827,GIANT SEVENTEEN DRAWER SIDEBOARD,8,1240.0,6,158.33333333333334
22545,MINI JIGSAW BUNNIES,3019,1239.6200000000001,175,0.5390909090909091
22070,SMALL RETRO SPOT MUG IN BOX  RED,324,1238.54,84,3.978720930232558
21175,GIN AND TONIC DIET METAL SIGN,498,1237.5,50,3.1483999999999996
23067,HANGING ENGRAVED METAL HEART,294,1236.66,78,4.351951219512196
85162A,SILVER RETRODISC LAMPSHADE,607,1234.27,20,3.6155
84969,ASSORTED COLOUR SET 6 TEASPOONS,268,1232.02,86,5.184418604651163
23138,SINGLE WIRE HOOK IVORY HEART,879,1231.51,82,1.5985714285714285
22448,PIN CUSHION RUSSIAN DOLL RED,395,1230.67,36,3.4316216216216215
84910A,PINK PAISLEY CUSHION COVER,432,1230.39,53,6.489433962264151
22678,FRENCH BLUE METAL DOOR SIGN 3,899,1230.38,177,1.6733898305084747
21438,TUB 24 HANGING EASTER EGGS SPOTTY,373,1229.8200000000002,36,3.8329729729729727
47591B,SCOTTIES CHILDRENS APRON,762,1228.82,187,1.7040425531914891
22921,HERB MARKER CHIVES,1771,1226.72,220,0.8519004524886878
85135B,BLUE DRAGONFLY HELICOPTER,151,1226.51,115,8.113275862068965
21253,SET OF PICTURE FRAME  STICKERS,332,1225.17,122,4.6036065573770495
22094,RED POLKA DOT TISSUE BOX,1003,1224.89,107,1.7572897196261683
16046,TEATIME PEN CASE & PENS,10056,1223.5,59,0.9443548387096774
22290,STANDING METAL RABBIT WITH EGG,670,1223.02,78,2.35620253164557
84660C,PINK STITCHED WALL CLOCK,756,1221.96,113,4.607256637168142
23142,IVORY WIRE KITCHEN ORGANISER,121,1220.82,40,11.11675
22216,T-LIGHT HOLDER WHITE LACE,1396,1215.83,116,1.0712396694214876
23598,PAPER BUNTING VINTAGE PARTY,427,1215.53,47,3.2351063829787234
48197,DOORMAT BIRD ON THE WIRE,231,1213.8700000000001,23,9.351304347826087
20752,BLUE POLKADOT WASHING UP GLOVES,535,1212.46,202,2.426435643564356
21490,SET OF THREE 50'S GIFT WRAPS,637,1210.6,55,2.594642857142857
22680,FRENCH BLUE METAL DOOR SIGN 5,879,1210.34,165,1.6607185628742513
22233,JIGSAW RABBIT AND BIRDHOUSE,949,1210.1100000000001,164,1.5111377245508981
84823,DANISH ROSE FOLDING CHAIR,120,1210.0,29,12.363793103448277
84687,BEACH HUT SHELF W 3 DRAWERS,314,1208.06,73,6.919315068493151
22265,EASTER DECORATION NATURAL CHICK,1843,1207.8,168,0.764406779661017
84596E,SMALL LICORICE DES PINK BOWL,1154,1205.61,218,1.3405909090909092
21396,RED SPOTTY EGG CUP,948,1205.25,77,1.7088461538461537
20771,CHRYSANTHEMUM  JOURNAL,606,1201.68,140,2.5679285714285713
21904,HOUSE WRECKING METAL SIGN,757,1201.52,145,2.090205479452055
21130,COLOURFUL STANDING GNOME,721,1200.93,49,3.9899999999999998
22256,FELT FARM ANIMAL CHICKEN,933,1200.07,119,1.5713934426229508
23444,Next Day Carriage,79,1200.0,79,15.189873417721518
84658,WHITE STITCHED CUSHION COVER,214,1199.66,64,6.96723076923077
21883,STARS GIFT TAPE,2348,1199.48,226,0.7366371681415929
23026,DRAWER KNOB VINTAGE GLASS STAR,556,1198.96,62,2.3271875
22448,PIN CUSHION BABUSHKA RED,358,1196.0600000000002,85,3.801294117647059
22403,MAGNETS PACK OF 4 VINTAGE LABELS,1715,1195.8899999999999,212,1.1050943396226416
84830,LARGE ENGLISH ARBORETUM,113,1195.15,7,15.357142857142858
85129D,BEADED CRYSTAL HEART PINK SMALL,793,1193.56,168,1.8964285714285711
84625A,PINK NEW BAROQUECANDLESTICK CANDLE,838,1193.0,81,2.842345679012346
23071,MARIE ANTOINETTE TRINKET BOX GOLD,314,1192.6,18,10.428947368421053
22204,MILK PAN BLUE RETROSPOT,311,1192.13,77,4.754675324675325
22102,MIRROR MOSAIC T-LIGHT HOLDER,1842,1191.69,59,1.9952542372881357
72232,FENG SHUI PILLAR CANDLE,6268,1190.9199999999998,118,0.19
84750A,PINK SMALL GLASS CAKE STAND,544,1189.23,105,3.0715238095238093
22733,3D STICKERS TRADITIONAL CHRISTMAS,980,1187.0,36,1.2394444444444443
47503E,ASS FLORAL PRINT SCISSORS,6842,1186.9,25,1.206
20934,SET/3 POT PLANT CANDLES,197,1185.07,74,7.268000000000001
84815,SET OF 3 DANISH ROSE PLANTERS,926,1183.8200000000002,53,5.385094339622642
22761,CHEST 7 DRAWER MA CAMPAGNE,48,1182.78,34,25.308235294117647
23539,WALL ART LOVES' SECRET,239,1180.35,39,6.626250000000001
22597,MUSICAL ZINC HEART DECORATION,2763,1179.59,176,0.6557777777777777
21806,WHITE CHRISTMAS HEART DECORATION,2707,1179.4299999999998,128,0.4993939393939394
21312,LARGE CHUNKY GLASS ROMAN BOWL,299,1179.1699999999998,26,6.8161538461538465
21530,DAIRY MAID TOASTRACK,900,1178.5,143,2.1233793103448275
85130A,BEADED PEARL HEART WHITE LARGE,685,1176.29,86,1.8654545454545455
23225,CHERUB HEART DECORATION SILVER,1355,1176.17,88,1.0939772727272727
84674,FLYING PIG WATERING CAN,460,1175.93,106,3.208691588785047
21395,BLUE POLKADOT BEAKER,2856,1174.1599999999999,92,0.5721739130434783
72819,CUPID DESIGN SCENTED CANDLES,694,1174.01,92,2.9731914893617017
23431,NATURAL HANGING QUILTED HEARTS,1449,1171.23,72,1.363918918918919
22321,BIRD DECORATION RED RETROSPOT,1261,1170.3999999999999,164,1.2772560975609757
22321,BIRD DECORATION RED SPOT,1267,1169.55,141,1.1719148936170212
22048,BIRTHDAY BANQUET GIFT WRAP,2815,1166.3,102,0.4192156862745098
23418,LAVENDER TOILETTE BOTTLE,557,1166.0,79,2.562025316455696
23515,EMBROIDERED RIBBON REEL DAISY,579,1164.98,71,2.3925
84313B,BLUE TV TRAY TABLE,227,1164.04,83,6.966024096385543
21650,ASSORTED TUTTI FRUTTI BRACELET,3204,1163.8,197,0.6638647342995169
23508,MINI PLAYING CARDS DOLLY GIRL,2627,1163.45,120,0.4665625
21649,ASSORTED TUTTI FRUTTI PHOTO FRAME,421,1162.8899999999999,29,3.3486206896551725
37475,SET/4 COLOURFUL MIXING BOWLS,116,1160.56,72,10.565833333333332
21291,SMALL POLKADOT CHOCOLATE GIFT BAG,1338,1159.44,76,1.0063157894736843
22253,6 CROCHET STRAWBERRIES,964,1158.28,86,1.4741573033707864
21763,VINTAGE WOODEN BAR STOOL,43,1157.8999999999999,17,27.95294117647059
23566,EGG CUP MILKMAID HEIDI,881,1156.93,83,1.769759036144578
23507,MINI PLAYING CARDS BUFFALO BILL,2882,1155.67,119,0.4734645669291338
23269,SET OF 2 CERAMIC CHRISTMAS TREES,779,1152.98,94,1.7109473684210526
22264,FELT FARM ANIMAL WHITE BUNNY,2014,1152.22,168,1.0628235294117647
84847,FLORAL BATHROOM SET,2330,1149.73,49,4.466122448979592
22806,SET OF 6 T-LIGHTS WEDDING CAKE,430,1149.02,57,3.376551724137931
35962,12 ASS ZINC CHRISTMAS DECORATIONS,487,1148.05,76,2.950759493670886
22814,CARD PARTY GAMES,2728,1147.77,295,0.504135593220339
21261,GREEN GOOSE FEATHER CHRISTMAS TREE,283,1146.12,77,6.386233766233766
21316,SMALL CHUNKY GLASS ROMAN  BOWL,693,1146.1100000000001,47,3.0117021276595746
22615,PACK OF 12 CIRCUS PARADE TISSUES,3718,1145.8799999999999,188,0.45116402116402116
72598,SET/12 TAPER CANDLES,1244,1145.76,158,1.1791304347826088
37482B,CUBIC MUG BLUE POLKA DOT,1252,1145.26,10,6.406000000000001
22040,BOTANICAL ROSE GIFT WRAP,2815,1144.3,94,0.41659574468085103
20932,PINK POT PLANT CANDLE,333,1143.97,81,4.717530864197531
84750B,BLACK SMALL GLASS CAKE STAND,609,1142.02,78,2.445128205128205
22718,CARD CAT AND TREE,2605,1141.36,264,0.5665530303030303
22786,CUSHION COVER PINK UNION JACK,181,1140.27,70,7.323055555555555
21366,MIRRORED WALL ART PHOTO FRAMES,238,1140.0,77,6.046153846153847
85124C,GREEN JUICY FRUIT PHOTO FRAME,429,1139.07,123,3.05130081300813
85110,BLACK SILVER FLOWER T-LIGHT HOLDER,11520,1138.04,23,0.6665217391304348
22731,3D STICKERS CHRISTMAS STAMPS,940,1137.0,34,1.2388235294117647
21942,SKULLS DESIGN FLANNEL,1672,1136.28,221,1.2536651583710408
37424,WHITE WITH BLACK CATS MUG,5249,1134.68,108,1.2837037037037036
22230,JIGSAW TREE WITH WATERING CAN,1657,1134.6399999999999,193,0.944795918367347
22715,CARD WEDDING DAY,2717,1133.93,218,0.5086697247706422
85118,HEART T-LIGHT HOLDER,2054,1133.68,81,1.2466666666666666
22598,CHRISTMAS MUSICAL ZINC TREE,1790,1131.85,144,0.7666438356164383
21555,CERAMIC STRAWBERRY TRINKET TRAY,425,1131.3700000000001,134,3.057462686567164
21413,PERIWINKLE T-LIGHT HOLDER,3162,1131.14,52,1.6411538461538462
22739,"RIBBON REEL, XMAS SOCK/BAUBLE",700,1131.0,46,1.6456521739130436
23506,MINI PLAYING CARDS SPACEBOY,2723,1129.1200000000001,146,0.46264900662251657
22255,FELT TOADSTOOL  SMALL,1185,1127.11,142,1.1459310344827587
22985,"WRAP, BILLBOARD FONTS DESIGN",2891,1126.22,72,0.41777777777777775
21040,MODERN VINTAGE COTTON SHOPPING BAG,894,1125.85,68,2.4344927536231884
20700,GREEN CAT FLORAL CUSHION COVER,420,1125.05,103,5.4233980582524275
20832,RED FLOCK LOVE HEART PHOTO FRAME,1681,1122.6499999999999,158,0.9326415094339622
22252,BIRDCAGE DECORATION TEALIGHT HOLDER,935,1122.01,110,1.2398214285714286
22984,CARD GINGHAM ROSE,2753,1121.29,167,0.4780239520958084
85136A,YELLOW SHARK HELICOPTER,138,1121.28,106,8.127196261682244
85224,ASSORTED COLOUR SILK GLASSES CASE,2004,1120.96,61,1.9365625
84559B,3D SHEET OF CAT STICKERS,1231,1119.09,220,1.1025225225225226
23510,MINI PLAYING CARDS GYMKHANA,2521,1118.8,120,0.4972
23411,TRELLIS COAT RACK,227,1118.61,56,5.844035087719298
17096,ASSORTED LAQUERED INCENSE HOLDERS,6240,1117.09,76,0.3223684210526316
22287,"DECORATION , WOBBLY CHICKEN, METAL",780,1116.6100000000001,76,1.9717105263157895
21746,SMALL RED SPOT  WINDMILL,852,1116.44,76,1.6123076923076922
21010,ETCHED GLASS BIRD TREE DECORATION,850,1114.76,83,1.478705882352941
23513,EMBROIDERED RIBBON REEL SUSIE,566,1114.26,70,2.306
47593B,SCOTTIE DOGS BABY BIB,2153,1113.9099999999999,305,0.7477346278317152
47504H,ENGLISH ROSE SPIRIT LEVEL,1028,1113.07,140,2.128857142857143
20669,RED HEART LUGGAGE TAG,797,1111.89,214,1.595590909090909
23433,HANGING QUILTED PATCHWORK APPLES,1258,1108.5800000000002,89,1.5002247191011233
84678,CLASSICAL ROSE SMALL VASE,565,1108.28,81,2.8865476190476187
21707,FOLDING UMBRELLA BLACKBLUE POLKADOT,230,1107.94,103,4.879126213592233
84631,FRUIT TREE AND BIRDS WALL PLAQUE,288,1106.16,50,9.515999999999998
21944,KITTENS DESIGN FLANNEL,1789,1106.01,204,1.1505853658536584
21666,RIDGED GLASS T-LIGHT HOLDER,1760,1105.1499999999999,85,0.819186046511628
22116,METAL SIGN HIS DINNER IS SERVED,823,1103.88,198,1.8223737373737372
21202,DOLLY HONEYCOMB GARLAND,854,1103.48,66,1.780151515151515
84638,SMALL KITCHEN FLOWER POTS PLAQUE,400,1101.55,69,7.495652173913044
23375,50'S CHRISTMAS PAPER GIFT BAG,1342,1100.6899999999998,103,0.9369902912621358
47587A,PINK FAIRY CAKE COASTER,2706,1099.88,26,1.231153846153846
22709,WRAP WEDDING DAY,2799,1099.58,77,0.415064935064935
22679,FRENCH BLUE METAL DOOR SIGN 4,795,1099.34,168,1.7167857142857144
21131,GOLD STANDING GNOME,276,1098.86,49,5.765599999999999
21779,MA CAMPAGNE MINI WOODEN CHEST,301,1097.8000000000002,22,4.612272727272727
84358,FLOOR LAMP SHADE WOOD BASE,121,1097.48,29,12.642413793103447
85212,MINI PAINTED GARDEN DECORATION,2831,1096.56,121,0.7305785123966941
37479B,CUBIC MUG FLOCK BLUE ON BROWN,1253,1095.8500000000001,32,3.110625
20892,SET/3 TALL GLASS CANDLE HOLDER PINK,102,1095.35,38,16.152894736842104
22997,TRAVEL CARD WALLET UNION JACK,2545,1094.93,222,0.49327354260089684
20867,PINK ROSE FABRIC MIRROR,1098,1093.14,153,1.3800645161290321
84968F,S/16 VINTAGE SKY BLUE CUTLERY,84,1092.42,51,13.50450980392157
85093,CANDY SPOT EGG WARMER HARE,1361,1091.21,152,1.192549019607843
23087,ZINC  HEART T-LIGHT HOLDER,868,1090.66,69,1.5915942028985506
20755,BLUE PAISLEY POCKET BOOK,5145,1089.73,122,0.9081147540983606
21818,GLITTER HEART DECORATION,2469,1088.59,142,0.5535064935064935
23432,PRETTY HANGING QUILTED HEARTS,1276,1088.3600000000001,74,1.3654054054054052
85124A,PINK JUICY FRUIT PHOTO FRAME,387,1087.73,104,3.3649999999999998
84791,GINGHAM HEART DECORATION,334,1086.1299999999999,106,3.791320754716981
21839,MUMMY MOUSE RED GINGHAM RIBBON,201,1085.59,83,5.499036144578313
72815,3 WICK CHRISTMAS BRIAR CANDLE,282,1083.36,70,3.9998591549295774
23347,I LOVE LONDON BEAKER,860,1077.3,97,1.5569387755102042
21817,GLITTER CHRISTMAS TREE,1687,1077.19,130,0.733037037037037
21708,FOLDING UMBRELLA CREAM POLKADOT,232,1076.23,76,4.491168831168831
21632,VINTAGE PINK DECORATIVE PARASOL,132,1076.22,53,11.170377358490565
23102,SILVER HEARTS TABLE DECORATION,1274,1075.03,157,0.970754716981132
21850,BLUE  DIAMANTE PEN IN GIFT BOX,447,1072.98,106,3.891981132075472
23041,PAPER LANTERN 9 POINT SNOW STAR,246,1070.58,48,4.6675
21391,FRENCH LAVENDER SCENT HEART,1076,1070.29,108,1.521181818181818
21758,VINTAGE SHELLS PRINT,135,1069.76,79,9.013417721518987
85126,LARGE ROUND CUTGLASS CANDLESTICK,156,1069.16,34,7.093999999999999
21827,EIGHT PIECE CREEPY CRAWLIE SET,835,1068.89,134,1.3648251748251747
23331,DECORATIVE WICKER HEART SMALL,1596,1062.28,109,0.781578947368421
85131D,BEADED CRYSTAL HEART PINK ON STICK,1423,1061.41,256,0.8424999999999999
22860,EASTER TIN CHICKS PINK DAISY,612,1060.8500000000001,111,1.9756756756756755
22740,POLKA DOT PEN,1248,1060.8,24,0.85
22532,MAGIC DRAWING SLATE LEAP FROG,2766,1060.78,173,0.45499999999999996
21815,STAR  T-LIGHT HOLDER,679,1060.24,92,1.8554255319148936
72800F,4 IVORY DINNER CANDLES GOLD FLOCK,822,1060.19,67,2.497391304347826
22856,ASSORTED EASTER DECORATIONS  BELLS,877,1059.85,32,3.520625
23033,DRAWER KNOB CERAMIC RED,714,1058.8999999999999,74,1.814864864864865
85008,SET OF 3 CONEY ISLAND OVAL BOXES,269,1058.72,99,5.2247
22995,TRAVEL CARD WALLET SUKI,2381,1058.64,266,0.5419402985074626
23516,EMBROIDERED RIBBON REEL SOPHIE,296,1058.6,42,3.848181818181818
85163A,WHITE BAROQUE WALL CLOCK,103,1058.17,57,12.29877192982456
35651,VINTAGE BEAD PINK SCARF,459,1057.6200000000001,63,3.42234375
85179B,WHITE BITTY LIGHT CHAIN,246,1056.6,45,5.192666666666667
23529,DOLLY GIRL WALL ART,318,1055.94,11,3.6090909090909093
16047,POP ART PEN CASE & PENS,10612,1054.7,31,0.9583870967741934
21399,BLUE POLKADOT COFFEE MUG,2137,1054.46,83,1.0873493975903614
23402,HOME SWEET HOME 3 PEG HANGER,271,1053.53,64,4.49640625
21825,PAINTED METAL TREE WITH HOLLY BELLS,733,1053.1899999999998,75,1.546875
84908B,BLUE 5 PATCH FLOWER CUSHION COVER,435,1052.29,35,5.516857142857143
85078,SCANDINAVIAN 3 HEARTS NAPKIN RING,2258,1052.02,162,1.4968902439024392
37327,ASSTD MULTICOLOUR CIRCLES MUG,1739,1051.69,88,1.642197802197802
20783,HEART EAR MUFF HEADPHONES,165,1051.4,55,7.64509090909091
23327,HANGING CLEAR MINI BOTTLE,1734,1051.1399999999999,41,0.7871428571428571
84965A,PINK KASHMIRI COFFEE TABLE,20,1050.0,3,40.0
85160B,BLACK BIRD GARDEN DESIGN MUG,6156,1048.83,37,3.620263157894737
22857,ASSORTED EASTER GIFT TAGS,1230,1048.28,66,1.4554545454545456
84985A,SET OF 72 GREEN PAPER DOILIES,654,1047.9299999999998,161,1.8265644171779143
22821,GIFT BAG PSYCHEDELIC APPLES,1660,1047.45,186,0.7250537634408603
21061,PARTY INVITES FOOTBALL,1396,1046.56,163,0.9699999999999999
84707A,SILVER JEWELLED MIRROR TRINKET TRAY,125,1045.8799999999999,64,10.487656249999999
84908A,PINK 5 PATCH FLOWER CUSHION COVER,432,1045.16,36,5.822222222222222
46775A,BUBBLE GUM CHUNKY KNITTED THROW,83,1044.23,32,14.045
23419,HOME SWEET HOME BOTTLE,473,1043.72,86,2.6725581395348836
35646,VINTAGE BEAD PINK EVENING BAG,642,1043.44,104,2.324245283018868
18007,ESSENTIAL BALM 3.5g TIN IN ENVELOPE,11396,1043.22,72,0.242972972972973
23542,70'S ALPHABET WALL ART,150,1043.1,15,7.986
84405A,S/3 PINK COL METAL BASKET W HANDLE,129,1042.16,50,11.7106
22266,EASTER DECORATION HANGING BUNNY,2542,1040.11,161,0.6852352941176472
23231,WRAP  VINTAGE DOILY,2474,1039.08,94,0.42
20671,BLUE TEATIME PRINT BOWL,786,1038.72,143,1.5767832167832168
21269,ANTIQUE CREAM CUTLERY SHELF,114,1036.84,65,9.41323076923077
21725,SWEETIES  STICKERS,1135,1036.43,173,1.1497701149425288
20622,VIPPASSPORT COVER,539,1033.55,111,2.674144144144144
23088,ZINC HEART FLOWER T-LIGHT HOLDER,795,1033.28,79,1.627594936708861
21664,RIDGED GLASS STORAGE JAR CREAM LID,258,1031.07,67,4.253970588235294
84686,BEACH HUT MIRROR,389,1027.79,76,5.956842105263158
85104,SILVER GLASS T-LIGHT SET,351,1024.49,56,3.1303389830508475
84625C,BLUE NEW BAROQUE CANDLESTICK CANDLE,770,1024.1499999999999,71,2.6590140845070422
82616C,MIDNIGHT GLAMOUR SCARF KNITTING KIT,632,1024.1,142,2.1964084507042254
21417,COCKLE SHELL DISH,502,1023.9,118,3.0267796610169495
35923,CANDY HEART HANGING DECORATION,1545,1023.77,112,1.2692920353982302
22247,BUNNY DECORATION MAGIC GARDEN,1184,1022.79,182,1.0458288770053477
22382,LUNCHBAG SPACEBOY DESIGN,644,1022.6,45,1.641111111111111
85180B,PINK HEARTS LIGHT CHAIN,364,1022.16,67,4.16695652173913
23452,HEART MINI PORTRAIT FRAME,518,1021.76,87,2.07183908045977
23153,ZINC SWEETHEART WIRE LETTER RACK,263,1020.69,90,4.236666666666666
82613B,"METAL SIGN,CUPCAKE SINGLE HOOK",910,1020.61,234,1.7606837606837606
22717,CARD DOG AND BALL,2405,1018.42,215,0.5398139534883721
20839,FRENCH PAISLEY CUSHION COVER,633,1018.11,118,2.5029661016949154
84923,PINK BUTTERFLY HANDBAG W BOBBLES,234,1017.64,150,4.34
85031C,CURIOUS IMAGES SCRAP BOOK SET,481,1017.48,106,3.508317757009346
21814,HEART T-LIGHT HOLDER,670,1016.53,95,1.8188888888888888
84596L,BISCUITS SMALL BOWL LIGHT BLUE,1537,1016.42,256,0.9714062499999999
23544,WALL ART MID CENTURY MODERN,164,1015.78,20,7.523000000000001
22049,WRAP CHRISTMAS SCREEN PRINT,3500,1015.75,114,0.296
22420,LIPSTICK PEN BABY PINK,2111,1014.75,234,0.5855416666666666
84709B,PINK OVAL JEWELLED MIRROR,176,1014.48,86,5.925287356321839
20619,TROPICAL PASSPORT COVER,578,1014.42,194,2.341494845360825
20730,STRAWBERRY CANDY BAG,2218,1011.7,102,1.0862745098039215
23525,WALL ART BUFFALO BILL,334,1011.1,37,4.367837837837838
22681,FRENCH BLUE METAL DOOR SIGN 6,737,1009.42,133,1.677037037037037
21084,SET/6 COLLAGE PAPER CUPS,2929,1008.81,223,0.5650660792951542
47589,CONGRATULATIONS BUNTING,183,1008.73,76,5.597792207792208
84929,ASSTD FRUIT+FLOWERS FRIDGE MAGNETS,3096,1007.52,93,0.3666666666666667
23460,SWEETHEART WALL TIDY,108,1007.0799999999999,43,9.900930232558139
22643,SET OF 4 NAPKIN CHARMS LEAVES,464,1006.24,96,2.395208333333333
22416,36 DOILIES SPACEBOY DESIGN,709,1005.37,56,1.5557142857142858
21836,GINGHAM OVEN GLOVE RED HEART,249,1003.89,100,4.3678217821782175
23121,PACK OF 6 COCKTAIL PARASOL STRAWS,2501,1000.44,111,0.5528448275862069
21427,SKULLS STORAGE BOX SMALL,507,999.06,119,3.0454166666666667
23533,WALL ART GARDEN HAVEN,215,998.64,36,6.166944444444445
21127,COLOURFUL FISHING GNOME,297,998.03,48,7.336600000000001
21250,SET OF SKULL WALL STICKERS,402,997.55,60,3.229
23517,EMBROIDERED RIBBON REEL REBECCA,334,996.38,63,3.4480952380952385
20705,MRS ROBOT SOFT TOY,273,996.19,53,5.42622641509434
23131,MISELTOE HEART WREATH CREAM,240,996.0,1,4.15
20782,CAMOUFLAGE EAR MUFF HEADPHONES,155,995.48,87,6.8659770114942535
85170C,SET/6 EAU DE NIL BIRD T-LIGHTS,543,993.03,107,2.799626168224299
20617,FIRST CLASS PASSPORT COVER,498,992.99,105,2.3980952380952383
72484,ROSES IN WHITE HEART CANDLE,1818,991.3799999999999,64,1.21
21690,SILVER  CANDLEPOT JARDIN,258,990.84,82,3.9595454545454545
21721,CANDY SHOP  STICKER SHEET,1090,990.5,144,1.1454109589041095
84964B,BLUE PAINTED KASHMIRI TABLE,17,990.0,2,45.0
21335,LIBRARY LAMP,42,989.62,28,25.33285714285714
23281,FOLDING BUTTERFLY MIRROR RED,1262,985.8800000000001,99,0.9833333333333333
21636,MADRAS NOTEBOOK MEDIUM,1014,985.74,98,1.4927722772277225
21303,FILIGREE WALL MIRROR  ANTIQUE WHITE,96,985.54,30,15.434666666666667
85025B,EAU DE NILE HEART SHAPE PHOTO FRAME,570,985.4,95,2.1439795918367346
35958,FOLKART ZINC STAR CHRISTMAS DEC,1131,984.63,82,0.9695180722891567
17021,NAMASTE SWAGAT INCENSE,3720,984.24,76,0.2949397590361446
35653,VINTAGE BEAD NOTEBOOK,311,982.53,113,3.7116814159292035
85019B,BLOSSOM  IMAGES NOTEBOOK SET,718,982.47,47,2.304255319148936
23518,EMBROIDERED RIBBON REEL RACHEL,361,980.41,44,3.0959090909090907
22108,PING! MICROWAVE PLATE,313,978.74,128,3.543515625
82616B,FRAPPUCINO SCARF KNITTING KIT,606,977.55,126,2.211796875
23514,EMBROIDERED RIBBON REEL SALLY,478,977.39,74,2.349189189189189
21208,PASTEL COLOUR HONEYCOMB FAN,1078,976.91,120,1.6396721311475408
23512,EMBROIDERED RIBBON REEL ROSIE,500,975.24,57,2.3164912280701753
35599B,BLACK CHRISTMAS TREE 120CM,268,974.81,51,5.7886274509803926
22310,KNITTED MUG COSY IVORY COLOUR,597,973.59,58,2.500862068965517
71279,PINK GLASS CANDLEHOLDER,293,972.11,78,3.8759493670886074
84800L,LARGE WHITE/PINK ROSE ART FLOWER,650,970.7900000000001,38,1.861842105263158
21562,HAWAIIAN GRASS SKIRT,678,970.28,73,1.8506756756756755
85018D,YULETIDE IMAGES S/6 PAPER BOXES,787,969.9,80,2.195125
78124,MAGAZINE RACK GEBRA ASSORTED,730,969.61,31,1.8825806451612903
22104,MIRROR MOSAIC CANDLE PLATE,1187,968.0799999999999,99,1.5765656565656565
85189,HANGING BUTTERFLY  EGG,1176,967.9499999999999,68,0.9401449275362319
23183,MOTHER'S KITCHEN SPOON REST,226,967.17,84,4.879411764705883
21299,EDWARDIAN TOILET ROLL UNIT,166,966.35,34,11.016176470588235
20830,SILVER PHOTO FRAME,407,964.61,82,2.990722891566265
90175A,WHITE GLASS CHUNKY CHARM BRACELET,107,964.45,62,9.030806451612902
20773,BLUE PAISLEY NOTEBOOK,3339,963.98,117,1.7422499999999999
23107,WHITE HEARTS WIRE PLANT POT HOLDER,343,963.27,71,3.2097183098591553
20774,GREEN FERN NOTEBOOK,3484,962.48,119,1.7389999999999999
22682,FRENCH BLUE METAL DOOR SIGN 7,723,961.81,124,1.6152
21691,SILVER VANILLA FLOWER CANDLE POT,249,960.99,72,3.9889873417721518
85197,SET OF 12 MINI BUNNIES IN A BUCKET,1669,959.46,74,2.0594736842105266
85130D,BEADED CRYSTAL HEART PINK LARGE,788,958.85,107,1.7815454545454545
72753B,S/3 FLWR FAIRY LAVENDER CANDLES,445,957.73,14,3.3414285714285716
21805,WHITE CHRISTMAS TREE DECORATION,2221,957.63,103,0.5065714285714286
22994,TRAVEL CARD WALLET RETROSPOT,2194,956.94,218,0.5283105022831049
84360,TABLE LAMP WHITE SHADE WOOD BASE,179,956.89,40,6.240243902439024
22512,DOORSTOP RACING CAR DESIGN,384,956.1700000000001,71,3.630985915492958
23529,WALL ART DOLLY GIRL,319,956.0500000000001,26,4.647307692307693
22246,MAGIC GARDEN FELT GARLAND,425,955.5899999999999,93,2.836021505376344
23380,PACK OF 12 VINTAGE DOILY TISSUES,2272,955.42,119,0.48677685950413224
84664,CHERRY BLOSSOM BATHROOM CABINET,193,955.35,51,4.95
85111,SILVER GLITTER FLOWER VOTIVE HOLDER,2907,954.15,77,0.7558974358974359
20758,ABSTRACT CIRCLES POCKET BOOK,5425,953.42,95,0.8189690721649484
84509C,SET OF 4 POLKADOT PLACEMATS,200,953.37,92,5.280760869565217
85032B,BLOSSOM IMAGES GIFT WRAP SET,982,953.34,152,1.265657894736842
21711,FOLDING UMBRELLA  WHITE/RED  SPOT,262,953.0,28,4.902142857142857
84660B,BLACK STITCHED WALL CLOCK,752,952.66,67,3.4652238805970152
21060,PARTY INVITES BALLOON GIRL,1276,952.55,151,0.940794701986755
20878,SET/9 CHRISTMAS T-LIGHTS SCENTED,737,952.51,85,1.4786206896551723
17012C,ORIGAMI LAVENDER INCENSE/CANDL SET,856,950.4,113,2.016725663716814
21129,SILVER FISHING GNOME,124,949.44,60,9.0145
85124B,BLUE JUICY FRUIT PHOTO FRAME,355,948.7,104,3.023653846153846
37492B,BLUE YELLOW FLOWER PIGGY BANK,489,946.72,44,3.6697727272727274
21331,MOROCCAN BEATEN METAL DISH LARGE,110,946.68,30,14.569333333333333
85032C,CURIOUS IMAGES GIFT WRAP SET,886,946.59,161,1.3662345679012344
21641,ASSORTED TUTTI FRUTTI KEYRING BALL,1666,946.31,111,1.2257657657657657
22939,ADULT APRON APPLE DELIGHT,184,945.88,45,6.362
20778,GARDEN PATH NOTEBOOK,3611,944.36,90,1.808021978021978
22986,WRAP GINGHAM ROSE,2276,943.92,82,0.41926829268292676
22529,MAGIC DRAWING SLATE GO TO THE FAIR,2341,943.71,153,0.4566233766233766
85031A,ROMANTIC IMAGES SCRAP BOOK SET,477,943.44,102,3.543627450980392
22143,CHRISTMAS CRAFT HEART DECORATIONS,446,942.88,70,2.5798591549295775
20998,ROSE DU SUD OVEN GLOVE,324,942.26,127,2.9443307086614174
22096,PINK PAISLEY SQUARE TISSUE BOX,1667,938.86,180,0.9154594594594594
90147,CHUNKY SILVER NECKLACE PASTEL FLOWE,93,937.4499999999999,58,10.15508474576271
84817,DANISH ROSE DECORATIVE PLATE,1059,937.4399999999999,79,1.6346250000000002
84905,PINK BUTTERFLY CUSHION COVER,259,937.0899999999999,99,4.873434343434343
23178,JAM CLOCK MAGNET,327,936.89,68,3.360294117647059
85121B,RETRO LAUNDRY TUB PINK,86,936.74,48,12.071875
23540,WALL ART THE MAGIC FOREST,148,933.16,13,8.537692307692309
85226A,WHITE/BLUE PULL BACK RACING CAR,1714,933.0699999999999,144,0.7360264900662251
47504E,ENGLISH ROSE SCISSORS,4387,931.86,48,1.849375
21726,MULTI HEARTS  STICKERS,1077,930.99,155,0.9734177215189872
23179,CLOCK MAGNET MUM'S KITCHEN,324,930.48,53,3.5243396226415094
21720,CAKE SHOP  STICKER SHEET,1068,929.81,112,1.0295535714285715
21880,RED RETROSPOT TAPE,2000,928.9,258,0.518996138996139
21014,SWISS CHALET TREE DECORATION,1850,928.09,189,0.8054123711340206
20831,GOLD PHOTO FRAME,474,927.96,79,2.722625
20775,DAISY NOTEBOOK,3604,926.54,112,1.7398230088495574
84918,CREAM CUSHION COVER WITH FLOWERS,198,925.62,60,6.020666666666667
23099,FRENCH CARRIAGE LANTERN,137,925.35,58,7.039152542372881
23527,ANIMALS AND NATURE WALL ART,267,923.97,17,3.6958823529411764
21284,RETROSPOT CANDLE  SMALL,1139,923.97,80,1.6502500000000002
82607A,GLASS BONBON JAR PARFUME AUX FLEURE,663,923.72,159,1.8113207547169812
72529W,WHITE ADVENT CANDLE,465,923.05,48,2.4962500000000003
84341B,SMALL PINK MAGIC CHRISTMAS TREE,1757,922.18,121,0.8920799999999999
22703,PINK CAT BOWL,513,921.81,165,1.9321818181818182
22268,EASTER DECORATION SITTING BUNNY,1074,921.75,153,1.0505625
20903,VINTAGE KEEPSAKE BOX TRAVELOGUE,187,919.8,86,7.181046511627907
22647,CERAMIC LOVE HEART MONEY BANK,1058,919.63,82,1.536951219512195
85121C,RETRO LAUNDRY TUB PISTACHIO,98,918.91,53,9.960943396226416
21702,SET 5 MINI GATEAUX  FRIDGE MAGNETS,2636,918.6800000000001,8,1.3425
72045D,ROSES ON BLUE TEACUP CANDLE,539,918.65,6,2.98
21291,SMALL SPOTTY CHOCOLATE GIFT BAG,1073,918.49,77,0.9385714285714285
85130B,BEADED CRYSTAL HEART GREEN LARGE,911,918.33,83,1.6984337349397591
84600,NEW BAROQUE JEWELLERY BOX,108,918.27,52,9.616730769230768
21264,WHITE GOOSE FEATHER TREE 60CM,391,917.8499999999999,68,3.4735294117647055
84907,PINK YELLOW PATCH CUSHION COVER,383,916.83,31,5.774516129032258
23338,EGG FRYING PAN RED,431,915.4,109,2.3390825688073393
22683,FRENCH BLUE METAL DOOR SIGN 8,673,915.3,127,1.673203125
85019A,ROMANTIC IMAGES NOTEBOOK SET,647,915.04,49,2.6844897959183673
21007,ETCHED GLASS DROPLET DECORATION,1927,914.67,48,1.18
23002,TRAVEL CARD WALLET SKULLS,2119,914.37,192,0.5232474226804124
21320,GLASS CHALICE GREEN  LARGE,398,913.34,56,3.1577192982456137
79030G,"TUMBLER, NEW ENGLAND",490,911.76,68,4.180882352941176
84660A,WHITE STITCHED WALL CLOCK,867,907.96,56,2.6855357142857144
22707,WRAP MONSTER FUN,2157,905.94,83,0.42
46000P,POLYESTER FILLER PAD 65CMx65CM,213,905.25,49,4.25
46776C,WOVEN FROST CUSHION COVER,258,905.1,96,4.324742268041237
22288,"DECORATION , HANGING METAL RABBIT",834,904.02,60,1.5062903225806452
23004,TRAVEL CARD WALLET PANTRY,2002,903.16,221,0.6030357142857142
21444,BLUE CHALET BIRDFEEDER,291,902.0300000000001,36,5.461944444444445
23532,WALL ART WORK REST AND PLAY,210,901.5799999999999,31,5.301612903225807
22248,DECORATION  PINK CHICK MAGIC GARDEN,1013,901.5,173,1.0708938547486033
21318,GLASS CHALICE BLUE SMALL,972,900.42,93,1.5972340425531912
21480,PINK STRIPE HOT WATER BOTTLE,285,899.52,57,3.835
84820,DANISH ROSE TRINKET TRAYS,323,899.37,54,5.308518518518519
20913,SET/5 BLUE SPOTTY LID GLASS BOWLS,314,898.7199999999999,43,3.8030232558139536
17109B,FLOWER FAIRY INCENSE LAVENDER,4542,896.34,17,1.316470588235294
20941,FROG CANDLE,998,896.28,124,1.7728799999999998
85031B,BLOSSOM IMAGES SCRAP BOOK SET,496,896.09,85,3.3798823529411766
84760L,LARGE HANGING GLASS+ZINC LANTERN,560,896.0,1,1.6
22936,BAKING MOULD ROSE WHITE CHOCOLATE,279,895.97,50,4.326153846153846
23472,NINE DRAWER OFFICE TIDY,58,894.42,33,16.09060606060606
21676,FLOWERS  STICKERS,1193,893.7199999999999,159,1.0138364779874214
84666,SQUARE CHERRY BLOSSOM CABINET,226,892.7,33,3.9499999999999997
20759,CHRYSANTHEMUM POCKET BOOK,5777,891.13,63,0.7725396825396825
20757,RED DAISY POCKET BOOK,5347,890.7,78,0.8440506329113923
17129F,BLUE GLASS GEMS IN BAG,911,890.12,81,1.3855555555555554
85194S,HANGING SPRING FLOWER EGG SMALL,1760,889.4599999999999,131,0.783233082706767
21220,SET/4 BADGES DOGS,659,888.68,159,1.6443749999999997
22953,BIRTHDAY PARTY CORDON BARRIER TAPE,712,888.55,116,1.3849572649572648
21724,PANDA AND BUNNIES STICKER SHEET,996,888.3399999999999,178,1.0143575418994413
85214,TUB 24 PINK FLOWER PEGS,514,886.23,169,1.8383625730994149
23528,SPACEBOY WALL ART,306,885.9000000000001,13,3.582307692307692
84086C,PINK/PURPLE RETRO RADIO,297,884.75,88,3.2385227272727275
20991,JAZZ HEARTS MAGNETIC MEMO PAD,7084,884.56,32,0.9515625000000001
22164,STRING OF STARS CARD HOLDER,315,883.22,49,3.3463265306122447
23502,PLAYING CARDS VINTAGE DOILY,701,880.16,92,1.3027956989247311
84974,S/2 ZINC HEART DESIGN PLANTERS,89,879.55,57,9.932758620689654
72799A,BLACK PILLAR CANDLE SILVER FLOCK,612,877.8000000000001,18,2.4555555555555557
23423,PANTRY 3 HOOK ROLLING PIN HANGER,219,876.9,66,4.536969696969697
21185,HOME SWEET HOME  BLACKBOARD,132,876.29,44,7.369318181818182
21062,PARTY INVITES SPACEMAN,1053,875.87,136,0.8674452554744526
35598B,BLACK CHRISTMAS TREE 60CM,931,874.65,57,2.5542105263157895
90200C,BLUE SWEETHEART BRACELET,206,874.63,98,4.244343434343435
20803,SMALL PINK GLASS SUNDAE DISH,1149,874.46,84,1.6960714285714285
21270,ANTIQUE CREAM CUTLERY CUPBOARD,76,874.43,51,12.022115384615384
22896,PEG BAG APPLE DESIGN,387,874.35,29,2.4879310344827585
90200E,GREEN SWEETHEART BRACELET,209,873.97,91,4.22054945054945
21338,MARAKESH LANTERN SMALL,199,873.25,13,6.314285714285715
84925F,PSYCHEDELIC WALL THERMOMETER,714,873.11,34,2.2376470588235295
85165,CANDY PINK FRENCH BOUDOIR CLOCK,90,872.76,58,10.221379310344828
23479,WIRE EGG BASKET,113,872.38,44,8.26659090909091
21293,MIRRORED DOVE WALL DECORATION,343,872.34,85,3.0056976744186046
21414,SCALLOP SHELL SOAP DISH,1637,870.89,36,2.922972972972973
21147,JINGLE BELLS TREE DECORATION,477,870.48,118,2.1231932773109246
21392,RED SPOTTY PUDDING BOWL,3828,869.23,31,2.504516129032258
23220,REINDEER HEART DECORATION GOLD,993,869.1500000000001,103,1.0827884615384615
84826,ASSTD DESIGN 3D PAPER STICKERS,1734,869.08,51,0.6558490566037736
17033,"BROCADE PURSE,SMALL ARCH BUTTON",3280,867.84,69,0.28536231884057967
22322,BIRD DECORATION GREEN POLKADOT,939,867.5899999999999,164,1.1766463414634147
17012B,ORIGAMI JASMINE INCENSE/CANDLE SET,721,867.4499999999999,126,2.1927777777777773
20658,RED RETROSPOT LUGGAGE TAG,584,866.06,158,1.6828395061728396
23545,WRAP RED VINTAGE DOILY,2100,866.0,68,0.41884057971014493
21398,RED POLKADOT COFFEE  MUG,1585,864.1099999999999,73,1.5365753424657536
85166B,BLACK METAL BAROQUE PHOTO FRAME,510,864.1,38,3.8473684210526313
85161,ACRYLIC GEOMETRIC LAMP,51,863.85,32,18.25212121212121
21255,"FRENCH BOTTLE , LAVENDER",476,860.08,96,2.3885416666666663
84632,DECORATIVE HANGING SHELVING UNIT,15,859.25,11,59.040909090909096
22486,PLASMATRONIC LAMP,104,856.4,40,9.821
21635,MADRAS NOTEBOOK LARGE,398,855.24,42,3.29046511627907
84578,ELEPHANT TOY WITH BLUE T-SHIRT,222,854.91,112,3.86859649122807
21478,SILVER SKULL HOT WATER BOTTLE,204,854.23,92,4.4205376344086025
23525,BUFFALO BILL WALL ART,248,852.72,16,3.6925
82613C,"METAL SIGN,CUPCAKE SINGLE HOOK",783,852.49,199,1.7849246231155778
20756,GREEN FERN POCKET BOOK,5728,851.5600000000001,64,0.8060937499999999
35954,SMALL FOLKART STAR CHRISTMAS DEC,2181,850.49,111,1.2202678571428571
21376,LARGE  TALL CAMPHOR WOOD TOADSTOOL,183,849.91,46,5.996086956521739
21458,2 PICTURE BOOK EGGS EASTER BUNNY,768,849.24,88,1.635
20897,VINTAGE NOTEBOOK PARIS DAYS,351,848.7,75,3.8476
22547,MINI JIGSAW DINOSAUR,1980,846.82,189,0.5929687499999999
22229,BUNNY WOODEN PAINTED WITH FLOWER,1007,845.3,185,1.0193650793650793
22820,GIFT BAG BIRTHDAY,1353,845.13,110,0.6358558558558558
90161C,ANT COPPER LIME BOUDICCA BRACELET,169,843.91,100,5.0213
37423,WHITE WITH BLACK CATS PLATE,6168,843.88,70,1.330285714285714
20936,FORKED CACTUS CANDLE,333,843.39,76,3.6732894736842105
21300,ANTIQUE EDWARDIAN DRESSER,53,841.7,12,23.479166666666668
21128,GOLD FISHING GNOME,126,841.63,57,9.536315789473685
23564,EGG CUP MILKMAID INGRID,644,841.31,76,1.7567105263157894
84782A,PINK 3 TIER GLASS PLATE STAND,119,840.45,26,9.903846153846153
23551,PACK OF 12 PAISLEY PARK TISSUES,1840,839.8399999999999,136,0.5168115942028985
79342B,BROWN FLOWER LIGHTS,120,838.52,35,8.864857142857142
85231L,LAVENDER SCENTED SET/9 T-LIGHTS,1039,838.3499999999999,116,0.914915254237288
17039,INLAID WOOD INCENSE HOLDER,3707,837.88,43,0.3774418604651163
84762B,PINK PICNIC BARBECUE BUCKET,113,837.77,48,8.7825
21552,CERAMIC BIRDHOUSE BLACK ROSE  LARGE,165,837.6,35,6.259722222222222
85071C,"CHARLIE+LOLA""EXTREMELY BUSY"" SIGN",1285,837.23,141,1.6756338028169013
40018E,TEA TIME PAPER LANTERNS,384,837.02,81,2.8451851851851853
85208,SET/12 FUNKY FELT FLOWER PEG IN BAG,420,836.9399999999999,87,2.1542528735632187
47563A,RETRO LONGBOARD IRONING BOARD COVER,343,836.62,151,3.3438410596026493
47367B,PAIR PADDED HANGERS PINK CHECK,242,834.95,95,3.5288541666666666
22785,SQUARECUSHION COVER PINK UNION FLAG,119,833.8199999999999,52,7.384038461538462
21286,RETROSPOT CANDLE  LARGE,711,833.75,52,2.3419230769230768
84849A,HELLO SAILOR BLUE SOAP HOLDER,470,833.57,103,2.2339423076923075
23523,TREASURE AHOY WALL ART,270,833.46,16,3.585
20776,ABSTRACT CIRCLES NOTEBOOK,3258,832.66,84,1.7828235294117647
85196,EASTER BUNNIES ON A STICK,1564,831.04,71,0.875492957746479
85213,MINI  ZINC GARDEN DECORATIONS,1378,829.0,80,1.051
20894,HANGING BAUBLE T-LIGHT HOLDER LARGE,267,827.3,79,3.453625
23017,APOTHECARY MEASURING JAR,67,826.28,22,12.759545454545453
85188A,GREEN METAL SWINGING BUNNY,944,824.9699999999999,105,1.0245714285714285
21551,CERAMIC BIRDHOUSE BUTTERFLY LARGE,169,824.95,22,6.8
21654,RIDGED GLASS FINGER BOWL,1183,820.2099999999999,82,1.2796385542168673
23186,FRENCH STYLE STORAGE JAR CAFE,1982,819.4599999999999,70,0.3409859154929577
22685,FRENCH BLUE METAL DOOR SIGN 0,621,818.33,106,1.5641509433962266
37494A,FAIRY CAKE CERAMIC BUTTER DISH,241,817.6,54,4.563148148148148
21375,LARGE CAMPHOR WOOD FIELD MUSHROOM,134,817.6,61,8.058225806451611
85187,S/12 MINI RABBIT EASTER,479,816.48,109,1.9455357142857141
21719,LOVELY BONBON STICKER SHEET,906,813.14,141,1.0726573426573425
20833,SHAKER THROW  QUILTED,52,811.8,5,27.630000000000003
21374,MIRRORED WALL ART SKULLS,470,809.67,71,2.8980281690140846
85145,JARDIN ETCHED GLASS LARGE BELL JAR,91,809.05,30,9.403333333333334
20769,DAISY JOURNAL,438,808.81,79,2.561625
47594B,SCOTTIES DESIGN WASHBAG,408,808.39,122,2.1536065573770493
84922,PINK BUTTERFLY WASHBAG,342,808.22,17,5.865882352941177
23022,SMALL BONNE JAM JAR  T-LIGHT HOLDER,422,808.16,22,2.0316666666666667
21454,PAINTED PINK RABBIT,937,807.6,194,0.9064974619289339
20901,VINTAGE KEEPSAKE BOX PINK FLOWER,91,806.58,67,9.474626865671642
84767,ZINC POLICE BOX LANTERN,195,806.22,6,7.395
17012A,ORIGAMI VANILLA INCENSE/CANDLE SET,726,806.16,95,2.225520833333333
84920,PINK FLOWER FABRIC PONY,201,805.38,88,4.446590909090909
37333,"RETRO ""TEA FOR ONE""",145,805.1,58,6.922586206896551
21222,SET/4 BADGES BEETLES,621,804.65,133,1.5156716417910447
23409,PHOTO FRAME LINEN AND LACE LARGE,215,801.68,43,3.8148837209302324
85044,RED REINDEER STRING OF 20 LIGHTS,149,801.4,40,6.930249999999999
16011,ANIMAL STICKERS,3812,799.3199999999999,112,0.20955357142857142
22825,DECORATIVE PLANT POT WITH FRIEZE,100,799.02,38,8.34
20699,MOUSEY LONG LEGS SOFT TOY,294,797.96,88,3.062134831460674
23524,HORSE & PONY WALL ART,256,797.31,17,3.594705882352941
21455,PAINTED YELLOW WOODEN DAISY,901,797.27,167,0.9351461988304094
20997,ROSE DU SUD CUSHION COVER,170,796.74,83,4.718433734939759
21285,RETROSPOT CANDLE  MEDIUM,744,796.4,63,2.0114285714285716
21558,SKULL LUNCHBOX WITH CUTLERY,298,796.12,65,3.2686153846153845
22058,CERAMIC LOVE HEARTS DESIGN MUG,520,795.72,103,1.663181818181818
23487,SWEET HEART CAKE CARRIER,80,795.5799999999999,44,10.365454545454545
17129F,DEEP BLUE GLASS GEMS IN BAG,669,794.46,64,1.4227692307692306
84625D,WHITE NEWBAROQUE CANDLESTICK CANDLE,650,793.3399999999999,51,2.3296153846153844
35915C,PEACH KNITTED HEN,662,793.32,82,1.3530487804878046
47574A,ENGLISH ROSE SCENTED HANGING FLOWER,573,792.73,129,2.3022307692307695
23106,ZINC HEARTS PLANT POT HOLDER,283,792.47,52,2.9438461538461542
23519,EMBROIDERED RIBBON REEL CLAIRE,224,792.31,24,4.484583333333333
85017A,ENVELOPE 50 ROMANTIC IMAGES,1157,792.15,174,0.8269142857142857
45008C,DECORATIVE NET CANOPY CREAM,83,792.0699999999999,34,12.162647058823529
22785,CUSHION COVER PINK UNION FLAG,120,792.0600000000001,28,7.452142857142857
23335,EGG FRYING PAN IVORY,377,790.78,96,2.3288659793814435
37330,SPOTS MUG,437,790.7,21,2.2990476190476192
21286,RETRO SPOT CANDLE  LARGE,295,789.26,49,3.518367346938775
23568,EGG CUP HENRIETTA HEN CREAM,630,787.52,48,1.7454166666666666
22414,DOOR MAT NEIGHBOURHOOD WITCH,95,783.87,51,9.332745098039217
22408,MONEY BOX CONFECTIONERY DESIGN,638,783.67,94,1.467157894736842
72799C,PINK PILLAR CANDLE SILVER FLOCK,471,783.1,48,3.06625
84534B,FAIRY CAKE NOTEBOOK A5 SIZE,823,783.01,191,1.209371727748691
20989,URBAN CHIC CHOPSTICKS SET/5,407,782.18,57,2.269824561403509
22204,MILK PAN BLUE POLKADOT,226,782.16,92,3.7533333333333334
84247E,PACK/12 XMAS FUN CARD,270,780.26,59,2.993389830508475
37461,FUNKY MONKEY MUG,742,778.64,95,1.61
21456,2 PICTURE BOOK EGGS EASTER CHICKS,738,776.05,65,1.447878787878788
90200B,BLACK SWEETHEART BRACELET,183,775.45,84,4.226190476190476
84029C,BROWN FURRY HOT WATER BOTTLE,205,773.97,49,4.62204081632653
21015,DARK BIRD HOUSE TREE DECORATION,1700,771.73,186,0.7685106382978723
23115,RED APPLES CHOPPING BOARD,152,770.32,45,5.8406666666666665
22684,FRENCH BLUE METAL DOOR SIGN 9,562,769.86,108,1.7085454545454546
21723,ALPHABET HEARTS STICKER SHEET,866,769.13,135,1.0296323529411764
20910,VINTAGE PHOTO ALBUM PARIS DAYS,106,769.12,47,8.377872340425531
22985,WRAP BILLBOARD FONTS DESIGN,1831,769.02,64,0.42
84761,IVORY HANGING BIRD PLANTER,276,768.8499999999999,61,3.122295081967213
21554,CERAMIC BIRDHOUSE RED ROOF LARGE,167,767.75,22,6.479545454545455
84712B,PINK JEWELLED PHOTO FRAME,98,767.1600000000001,60,7.797
72755C,FLOWER FAIRY OIL BURNER SET ROSE,592,767.0,14,1.8928571428571428
35095B,RED VICTORIAN FABRIC OVAL BOX,1952,766.64,177,0.6162146892655367
23140,TRIPLE WIRE HOOK IVORY HEART,182,766.1,52,4.535769230769231
16259,PIECE OF CAMO STATIONERY SET,5473,766.09,55,0.14618181818181816
22640,SET OF 4 NAPKIN CHARMS 3 KEYS,357,765.39,87,2.561818181818182
16244B,MAXWELL 2 TONE BLUE 60 PAGE PHOTO A,345,765.02,28,3.872068965517241
84963A,PINK PAINTED KASHMIRI CHAIR,23,763.35,9,41.738888888888894
23550,WRAP ALPHABET POSTER,1855,763.1,64,0.41875
35811A,ENAMEL PINK SUGAR CONTAINER,434,762.97,84,2.913809523809524
23006,TRAVEL CARD WALLET FLOWER MEADOW,1758,762.75,173,0.5191907514450866
23458,DOLLY CABINET 3 DRAWERS,51,762.4499999999999,30,14.95
22492,MINI PAINT SET VINTAGE  BOY+ GIRL,1260,761.4,18,0.6444444444444444
84762C,GREEN PICNIC BARBECUE BUCKET,105,761.25,43,8.556511627906977
21709,FOLDING UMBRELLA CHOCOLATE POLKADOT,163,760.95,68,4.781323529411765
23025,DRAWER KNOB VINTAGE GLASS BALL,350,760.8000000000001,54,2.269814814814815
23524,WALL ART HORSE & PONY,225,760.3199999999999,46,4.593478260869565
23123,COCKTAIL SWORDS 50 PIECES,935,759.57,95,1.014421052631579
21298,EDWARDIAN 2 DRAWER WALL CABINET,52,755.8,14,19.37857142857143
85135A,YELLOW DRAGONFLY HELICOPTER,94,754.59,63,8.032380952380953
90209C,PINK ENAMEL+GLASS HAIR COMB,399,754.46,66,2.0842424242424245
47581B,FAIRY CAKE WICKER PICNIC BASKET,46,753.77,36,16.319444444444443
22124,SET OF 2 TEA TOWELS PING MICROWAVE,298,751.93,132,2.7221969696969697
17165B,ASS COL LARGE SAND GECKO P'WEIGHT,810,751.68,57,1.0298360655737704
21194,PINK  HONEYCOMB PAPER FAN,578,751.5,95,2.028659793814433
23124,18PC WOODEN CUTLERY SET DISPOSABLE,567,751.38,43,1.751627906976744
84653,GREEN ROSE QUILT,14,750.48,12,54.88166666666667
23223,CHRISTMAS TREE HANGING SILVER,801,750.19,88,1.089438202247191
21344,MOROCCAN BEATEN METAL DISH,166,749.8199999999999,26,8.916153846153845
90200A,PURPLE SWEETHEART BRACELET,177,749.69,99,4.227171717171717
84615,PINK ROUND BUTTERFLY MIRROR,240,748.48,21,5.614285714285714
35647,VINTAGE BEAD PINK SHADE,563,748.24,74,1.7655999999999998
84620,BLUE GINGHAM ROSE CUSHION COVER,121,746.61,50,6.5352
84663A,GRASS HOPPER WOODEN WALL CLOCK,373,746.39,64,4.415
21284,RETRO SPOT CANDLE  SMALL,408,744.75,60,2.3819999999999997
84842,HELLO SAILOR BATHROOM SET,1505,744.15,35,4.434571428571429
21319,GLASS CHALICE GREEN  SMALL,508,743.61,65,1.9736923076923076
72800A,S/4 BLACK DINNER CANDLE SILVER FLOC,674,743.26,46,2.9821739130434786
23282,FOLDING BUTTERFLY MIRROR IVORY,794,742.9200000000001,133,1.2622222222222224
84689,S/2 BEACH HUT TREASURE CHESTS,312,742.9,40,5.3012500000000005
22676,"FRENCH BLUE METAL DOOR SIGN, 1",577,742.67,79,1.439
21377,SMALL CAMPHOR WOOD FIELD  MUSHROOM,518,742.56,98,2.524387755102041
84821,DANISH ROSE DELUXE COASTER,1318,742.5,74,0.7973333333333333
21391,FRENCH EMROIDR LAVENDER SCENT HEART,341,741.6,67,2.443970588235294
21503,TOYBOX  WRAP,1801,740.42,64,0.41875
23114,VINTAGE LEAF CHOPPING BOARD,149,737.95,45,5.451333333333333
85130C,BEADED CRYSTAL HEART BLUE  LARGE,659,737.89,68,1.3602898550724638
84033,FLAG OF ST GEORGE,392,735.38,49,3.4215999999999998
22638,SET OF 4 NAPKIN CHARMS CROWNS,405,735.23,74,2.3525675675675677
84715,SET OF 6 ICE CREAM SKITTLES,241,734.8900000000001,47,3.393617021276596
90161B,ANT COPPER TURQ BOUDICCA BRACELET,147,734.16,76,5.021578947368421
84708B,PINK JEWELLED PHOTO FRAME,142,732.79,53,5.391851851851852
23435,3 RAFFIA RIBBONS VINTAGE CHRISTMAS,824,732.4200000000001,99,0.8976767676767677
ADJUST2,Adjustment by Peter on Jun 25 2010,3,731.0500000000001,3,243.68333333333337
85131B,BEADED CRYSTAL HEART GREEN ON STICK,948,730.74,216,0.8603703703703703
90209B,GREEN ENAMEL+GLASS HAIR COMB,380,730.66,97,2.0865306122448977
47503F,ASS FLORAL PRINT TORCH,2567,729.9499999999999,11,1.5227272727272727
21378,SMALL TALL CAMPHOR WOOD TOADSTOOL,560,728.97,88,2.1554545454545457
72800B,S/4 PURPLE DINNER CANDLE BLK FLOCK,650,728.67,34,2.823611111111111
84971L,LARGE HEART FLOWERS HOOK,587,728.43,59,1.5868333333333333
21443,OLIVE CHALET BIRDFEEDER,257,727.9300000000001,26,4.631923076923077
20657,TROPICAL LUGGAGE TAG,1877,726.47,118,1.3230508474576272
21415,CLAM SHELL SMALL,348,726.16,82,2.6460975609756097
85230F,JASMINE VOTIVE CANDLE,2946,725.7,62,0.2770967741935484
35095A,BLUE VICTORIAN FABRIC OVAL BOX,1809,725.5600000000001,166,0.6371686746987951
23562,SET OF 6 RIBBONS PERFECTLY PRETTY,251,724.59,43,3.2853488372093027
85088,CANDY SPOT HAND BAG,347,723.85,78,2.3424050632911393
84595E,LARGE TORTILLA DESIGN RED BOWL,367,723.57,43,3.282093023255814
21393,BLUE  SPOTTY PUDDING BOWL,2679,723.55,28,2.3310714285714282
84976,RECTANGULAR SHAPED MIRROR,674,722.76,56,1.6939285714285715
20701,PINK CAT FLORAL CUSHION COVER,353,721.49,50,4.416
10134,COLOURING PENCILS BROWN TUBE,625,721.13,52,1.2907407407407407
84684,BEACH HUT PHOTO FRAME,609,720.6999999999999,40,3.28775
85017C,ENVELOPE 50 CURIOUS IMAGES,1087,719.67,119,0.8070247933884298
23222,CHRISTMAS TREE HANGING GOLD,799,718.53,75,1.0467532467532468
35951,FOLKART BAUBLE CHRISTMAS DECORATION,1352,717.99,46,1.1871739130434782
21001,ROSE DU SUD WASHBAG,141,717.8000000000001,90,4.899222222222222
21026,SPACE OWL,549,716.73,124,1.63304
21457,2 PICTURE BOOK EGGS EASTER DUCKS,685,716.0,65,1.5447692307692307
21076,SET/20 COLLAGE PAPER NAPKIN,843,714.55,92,0.9846808510638299
20850,ZINC HEART LATTICE PLANTER BOWL,820,713.8,23,2.8434782608695657
35915B,BLUE KNITTED HEN,563,713.73,67,1.2102941176470587
21133,PAINTED BIRD ASSORTED CHRISTMAS,410,712.9100000000001,42,2.1664285714285714
23042,PAPER LANTERN 7 POINT SNOW STAR,103,711.51,28,7.361428571428571
16015,MEDIUM CHINESE STYLE SCISSOR,1572,711.38,65,0.4870769230769231
20854,BLUE PATCH PURSE PINK HEART,441,711.37,107,1.6635185185185184
21221,SET/4 BADGES CUTE CREATURES,535,709.66,107,1.4973831775700934
23070,EDWARDIAN HEART PHOTO FRAME,160,709.5400000000001,44,5.090909090909091
22100,SKULLS SQUARE TISSUE BOX,1005,709.5,127,1.46125
21365,MIRRORED WALL ART STARS,469,707.92,77,2.5030379746835445
21308,LOUVRE VANITY MIRROR,132,705.9,6,12.158333333333333
21265,PINK GOOSE FEATHER TREE 60CM,321,705.59,34,3.586470588235294
21379,CAMPHOR WOOD PORTOBELLO MUSHROOM,641,705.46,125,1.9376
84952C,MIRROR LOVE BIRD T-LIGHT HOLDER,374,705.01,42,3.347674418604651
21442,GREEN BIRDHOUSE DECORATION,973,704.9699999999999,136,1.1215441176470589
22981,PANTRY APPLE CORER,471,704.13,105,1.8700925925925926
84869,CANDY BUTTON PHOTO ALBUM,302,703.54,26,5.044615384615384
20763,DAISY SKETCHBOOK,267,702.86,74,3.805945945945946
84569A,PACK 3 IRON ON DOG PATCHES,562,702.42,112,1.3568421052631578
21740,COSY SLIPPER SHOES LARGE RED,201,698.01,66,3.687910447761194
85231E,STRAWBERRY SCENTED SET/9 T-LIGHTS,836,696.89,107,0.9539814814814815
84584,PINK GINGHAM CAT WITH SCARF,282,696.75,75,2.8196
22036,DINOSAUR BIRTHDAY CARD,1649,695.11,135,0.49740740740740735
23187,FRENCH STYLE STORAGE JAR BONBONS,2338,695.06,74,0.3154666666666667
20898,VINTAGE NOTEBOOK TRAVELOGUE,327,693.92,53,3.1941818181818182
72755D,FLOWER FAIRY OIL BURNER SET SUMMER,533,693.25,13,1.9423076923076923
72131,COLUMBIAN CANDLE RECTANGLE,748,692.28,56,1.6534482758620688
84993A,75 GREEN PETIT FOUR CASES,1522,691.32,207,0.5764423076923076
20862,PINK PATCH PENCIL CASE BLUE HEART,325,691.14,37,2.6216216216216215
72753A,S/3 FLWR FAIRY LILLY CANDLES,315,690.24,14,3.735
35964,FOLKART CLIP ON STARS,1187,689.76,132,1.1159701492537313
84931B,BLUE SCOTTIE DOG W FLOWER PATTERN,274,688.73,83,2.6616867469879515
90161D,ANT COPPER PINK BOUDICCA BRACELET,138,687.52,75,4.992000000000001
84917,WHITE HAND TOWEL WITH BUTTERFLY,229,686.03,53,4.334150943396226
85186A,EASTER BUNNY GARLAND OF FLOWERS,1473,685.87,159,0.6140625
21710,FOLDING UMBRELLA PINKWHITE POLKADOT,142,685.6700000000001,61,5.027213114754098
84563A,PINK & WHITE BREAKFAST TRAY,139,685.15,62,6.021612903225806
37492D,PURPLE GREEN FLOWER PIGGY BANK,361,682.99,26,4.201538461538462
22847,"BREAD BIN, DINER STYLE, IVORY",45,682.75,10,15.55
84951A,SET OF 4 PISTACHIO LOVEBIRD COASTER,516,682.66,111,2.1677477477477476
47594A,CAROUSEL DESIGN WASHBAG,345,682.51,106,2.1037735849056602
23120,PACK OF 6 SMALL FRUIT STRAWS,1685,682.39,100,0.46819047619047616
85023B,EAU DE NILE JEWELLED PHOTOFRAME,293,682.35,38,2.526315789473684
17165D,ASS COL LARGE SAND FROG P'WEIGHT,716,682.32,89,1.0346236559139785
22033,BOTANICAL ROSE GREETING CARD,1603,681.93,128,0.481640625
23325,RUSTIC STRAWBERRY JAM POT SMALL,426,681.54,32,1.8299999999999998
85084,HOLLY TOP CHRISTMAS STOCKING,682,681.4,84,1.0668965517241378
21674,RIDGED GLASS PENDANT LAMPSHADE,43,680.85,9,16.505555555555553
21386,IVORY HANGING DECORATION  EGG,1148,680.78,105,0.8370909090909091
17012F,ORIGAMI SANDLEWOOD INCENSE/CAND SET,586,680.65,107,1.8778504672897196
21397,BLUE POLKADOT EGG CUP,1163,679.38,81,1.2280246913580246
23597,PAPER BUNTING PAISLEY PARK,249,679.07,31,3.186129032258065
62094B,TURQ ICE CREAM BUM BAG,305,677.99,67,3.935820895522388
84925D,LA PALMIERA WALL THERMOMETER,452,677.45,26,2.321153846153846
90160C,TURQ+RED BOUDICCA LARGE BRACELET,97,677.0,45,7.005333333333334
85096,HILDA CANDY SPOT RABBIT,164,676.92,66,4.50089552238806
84824,DANISH ROSE UMBRELLA STAND,38,676.4499999999999,32,18.4484375
23428,IVORY RETRO KITCHEN WALL CLOCK,77,675.91,33,9.915454545454546
22511,RETROSPOT BABUSHKA DOORSTOP,296,675.5600000000001,76,3.2292105263157893
21847,GREEN  DIAMANTE PEN IN GIFT BOX,347,675.37,71,3.2625
82613A,"METAL SIGN,CUPCAKE SINGLE HOOK",495,674.95,119,1.635546218487395
22641,SET OF 4 NAPKIN CHARMS INSTRUMENT,288,674.3000000000001,67,2.604328358208955
22999,TRAVEL CARD WALLET RETRO PETALS,1544,674.11,105,0.4817592592592593
20856,DENIM PATCH PURSE PINK BUTTERFLY,408,674.09,122,1.6599999999999997
37444C,PINK BREAKFAST CUP AND SAUCER,1654,673.72,54,4.633888888888889
22034,ROBIN CHRISTMAS CARD,1617,673.49,94,0.4511702127659574
22965,3 TRADITIONAL COOKIE CUTTERS  SET,354,671.3999999999999,10,2.05
75013B,"STRING OF 8 BUTTERFLIES,PINK",390,669.62,76,2.02275
72023F,RED ORGANIC CANDLE IN GLASS,640,669.62,49,1.3499999999999999
85205B,PINK FELT EASTER RABBIT GARLAND,241,669.38,61,3.193064516129032
23024,LARGE BONNE JAM JAR  T-LIGHT HOLDER,255,667.85,11,3.0081818181818183
72750B,FLOWER FAIRY SET 3 CANDLES LAVENDER,303,666.85,30,3.283333333333333
46776E,WOVEN CANDY CUSHION COVER,206,666.23,78,4.191153846153846
85203,HANGING WOOD AND FELT BUTTERFLY,1463,665.91,224,0.5662337662337663
21879,HEARTS GIFT TAPE,1567,664.84,152,0.7494771241830065
21247,SET OF RED SALAD SERVERS,422,664.73,81,1.8867901234567903
90082D,DIAMANTE BOW BROOCH BLACK COLOUR,103,664.35,51,6.51156862745098
21750,LARGE SKULL WINDMILL,309,663.85,62,2.428548387096774
21884,CAKES AND BOWS GIFT  TAPE,1448,663.61,161,0.9903105590062111
21197,MULTICOLOUR  CONFETTI IN TUBE,453,661.8100000000001,45,1.6319565217391303
22383,LUNCHBAG SUKI  DESIGN,410,661.63,35,1.742
23547,WRAP FLOWER SHOP,1575,661.5,62,0.42
17109C,FLOWER FAIRY INCENSE ROSE,3124,661.23,15,1.238
90184C,BLACK CHUNKY BEAD BRACELET W STRAP,73,661.04,50,9.1038
23482,PEARLISED IVORY HEART LARGE,418,661.02,39,1.765897435897436
85188B,PINK METAL SWINGING BUNNY,748,660.88,74,1.0734210526315788
22322,BIRD DECORATION GREEN  SPOT,678,660.62,108,1.3082407407407406
21764,VINTAGE WOODEN PLATE RACK,17,659.1500000000001,11,39.49545454545455
16169K,WRAP FOLK ART,2075,658.75,60,0.3625
17012D,ORIGAMI ROSE INCENSE/CANDLE SET,520,658.72,116,1.9451724137931032
21263,GREEN GOOSE FEATHER TREE 60CM,299,658.29,56,3.060175438596491
85186C,BUNNY EGG GARLAND,1400,658.19,152,0.6046794871794872
46776D,WOVEN SUNSET CUSHION COVER,153,658.07,76,4.279605263157895
20652,BLUE SPOTTY LUGGAGE TAG,1236,657.9,80,1.248148148148148
84986B,SET OF 36 SILVER PAPER DOILIES,438,656.9399999999999,80,1.6222222222222222
22056,CERAMIC PLATE LOVE HEART DESIGN,607,656.87,34,1.9435294117647057
85028S,FRENCH CHATEAU SMALL FRUITBOWL,430,656.82,33,3.327058823529412
22677,"FRENCH BLUE METAL DOOR SIGN, 2",509,656.41,77,1.4463636363636365
71403,"PINK/WHITE ""KEEP CLEAN"" BULLET BIN",176,656.05,69,4.638260869565218
21441,BLUE BIRDHOUSE DECORATION,928,655.4599999999999,133,1.1006716417910447
22054,MINI CAKE STAND HANGING HEARTS,361,655.01,74,2.1535897435897433
85028L,FRENCH CHATEAU LARGE FRUIT BOWL,271,654.01,27,5.863333333333333
85168B,BLACK BAROQUE CARRIAGE CLOCK,72,652.17,52,9.157884615384615
35004P,SET OF 3 PINK FLYING DUCKS,121,651.69,44,6.940227272727273
85019C,CURIOUS  IMAGES NOTEBOOK SET,423,651.19,25,3.3876
37474,SET/4 2 TONE EGG SHAPE MIXING BOWLS,63,651.05,44,10.812222222222221
47310M,"SMALL POP BOX,FUNKY MONKEY",488,650.96,85,1.7739999999999998
21307,SET/4 BUTTERFLY MIRROR MAGNETS,749,650.0699999999999,72,2.1256944444444446
20714,POSY SHOPPER BAG,1580,649.8199999999999,28,0.9467857142857142
23224,CHERUB HEART DECORATION GOLD,738,649.02,71,1.0394366197183098
20618,QUEEN OF THE SKIES PASSPORT COVER,297,648.54,137,2.278905109489051
21003,ROSE DU SUD CUSHION COVER,109,647.75,64,5.928125
21350,GINGHAM HEART WREATH,225,647.75,42,2.940909090909091
17164B,ASS COL SMALL SAND GECKO P'WEIGHT,1620,646.56,81,0.4168292682926829
21134,VICTORIAN METAL POSTCARD CHRISTMAS,377,646.4399999999999,46,2.1581249999999996
84916,HAND TOWEL PALE BLUE W FLOWERS,261,646.4300000000001,58,4.468965517241379
22678,"FRENCH BLUE METAL DOOR SIGN, 3",501,645.15,71,1.4629577464788732
47597,NEW ENGLAND TEATOWELS,322,644.88,124,1.9637301587301585
23408,PHOTO FRAME LINEN AND LACE SMALL,310,644.8000000000001,59,2.08
85215,ASSORTED CHEESE FRIDGE MAGNETS,831,643.89,66,1.6874626865671642
17181,CIRCLE OF FRIENDS CANDLE HOLDER,353,642.66,65,3.771641791044776
22134,LADLE LOVE HEART RED,1489,642.4,145,0.6335172413793103
16169M,WRAP DAISY CARPET,2060,640.95,59,0.35483333333333333
17084N,FAIRY DREAMS INCENSE,2768,640.26,187,0.34598930481283424
84520D,PACK OF 20 FAIRY CAKE PAPER NAPKINS,699,639.47,94,1.1359574468085107
84865,NEW BAROQUE BLACK PHOTO ALBUM,77,639.42,48,9.396666666666667
21665,TRIANGULAR RIDGED GLASS POSY HOLDER,879,638.8,75,1.088974358974359
84601A,NEW BAROQUE IVORY CUSHION COVER,260,638.34,15,3.6726666666666667
84766,SILVER ROCOCO CANDLE STICK,200,638.0,27,4.57962962962963
17107D,"FLOWER FAIRY,5 SUMMER B'DRAW LINERS",250,637.5,65,2.55
21816,CHRISTMAS TREE T-LIGHT HOLDER,422,637.3399999999999,50,1.6994117647058824
84951B,SET OF 4 BLACK LOVEBIRD COASTERS,478,636.18,93,2.041914893617021
85185D,FROG SOCK PUPPET,195,636.11,66,3.762878787878788
23492,VINTAGE JINGLE BELLS WREATH,76,635.38,28,8.549285714285714
22391,PAPERWEIGHT HOME SWEET HOME,323,635.19,66,2.8237878787878787
23298,"BUNTING , SPOTTY",146,634.7,7,4.721428571428572
84507C,BLUE CIRCLES DESIGN MONKEY DOLL,433,634.64,70,2.7132394366197183
22510,GINGHAM BABUSHKA DOORSTOP,272,633.35,62,2.888225806451613
20819,SILVER TEDDY BEAR,228,631.49,65,3.888
23216,LAUREL HEART ANTIQUE GOLD,525,630.73,44,1.446888888888889
84964A,PINK PAINTED KASHMIRI TABLE,11,630.0,2,45.0
23019,SMALL APOTHECARY MEASURING JAR,81,629.05,28,8.078571428571427
85230E,STRAWBRY SCENTED VOTIVE CANDLE,2445,628.41,66,0.27545454545454545
23027,DRAWER KNOB VINTAGE GLASS HEXAGON,295,627.95,30,2.216666666666667
22263,FELT EGG COSY LADYBIRD,836,627.38,105,1.1693457943925232
22042,CHRISTMAS CARD SINGING ANGEL,1738,627.1899999999999,128,0.40689922480620155
84596J,MIXED NUTS LIGHT GREEN BOWL,812,626.76,140,1.2025714285714284
72814,SET OF 3 CHRISTMAS BRIAR CANDLES,176,626.39,31,3.8603125
16169N,WRAP BLUE RUSSIAN FOLKART,2025,626.25,56,0.3501785714285714
71101E,STANDING FAIRY POLE SUPPORT,777,626.13,47,0.8364583333333333
90184B,AMETHYST CHUNKY BEAD BRACELET W STR,69,625.48,47,9.110212765957447
85218,S/5 MINI ICE CREAM FRIDGE MAGNETS,1992,625.1999999999999,2,0.875
82616A,BUBBLE GUM SCARF KNITTING KIT,316,624.21,52,2.9890384615384615
22289,"DECORATION , HANGING METAL CHICKEN",616,623.96,42,1.5902325581395347
85092,CANDY SPOT TEA COSY,391,622.57,24,4.058333333333333
20694,FLORAL PINK MONSTER,166,622.33,54,4.398363636363636
22288,HANGING METAL RABBIT DECORATION,476,621.97,59,1.6196825396825396
22129,PARTY CONES CANDY DECORATION,454,621.96,67,2.337910447761194
23425,STORAGE TIN HOME SWEET HOME,275,621.4399999999999,56,3.0989285714285715
23180,MUM'S KITCHEN CLOCK,122,621.09,49,5.939387755102041
16156N,"WRAP, FRIENDSHIP ON GREEN",1475,619.5,56,0.42
22043,CHRISTMAS CARD SCREEN PRINT,2197,619.25,125,0.3331746031746031
23528,WALL ART SPACEBOY,173,618.59,37,5.19972972972973
84707B,PINK JEWELLED MIRROR TRINKET TRAY,79,618.52,51,8.634509803921569
22837,HOT WATER BOTTLE BABUSHKA LARGE,136,618.0,14,4.621428571428572
20696,FLORAL SOFT CAR TOY,151,617.9399999999999,60,4.625666666666667
23471,SIX DRAWER OFFICE TIDY,65,616.79,27,10.162592592592592
23453,OVAL  MINI PORTRAIT FRAME,316,615.98,47,1.9883673469387753
72772,SET/4 SCENTED CANDLES IN RAMEKINS,457,615.84,9,2.531111111111111
84952B,BLACK LOVE BIRD T-LIGHT HOLDER,364,615.49,44,3.0925
84932C,SMALL ORIENTAL BLUE FOLDING STOOL,282,615.4,34,3.105882352941176
20689,RETRO SISTERS EXPRESSO CUPS,429,614.1,41,6.176585365853659
84859A,SILVER DISCO HANDBAG,293,613.53,58,3.3916666666666666
47583A,SET OF 3 WICKER BASKET ROSE,71,612.8199999999999,6,26.30333333333333
37351,ORANGE FLOWER MUG,5404,612.5099999999999,11,3.7536363636363634
23018,LARGE APOTHECARY MEASURING JAR,51,612.1600000000001,21,12.900476190476192
79315W,FLYING SAUCER TABLE LIGHT IN WHITE,199,611.51,13,4.3561538461538465
35972,DAISY FOLKART HEART DECORATION,440,611.38,87,1.7579545454545453
84858C,PINK RIVIERA HANDBAG,347,611.0699999999999,30,5.593999999999999
22538,MINI JIGSAW GO TO THE FAIR,1443,610.43,86,0.5362790697674419
22680,"FRENCH BLUE METAL DOOR SIGN, 5",477,610.11,65,1.4050769230769231
GIFT_0001_30,Dotcomgiftshop Gift Voucher £30.00,24,610.09,24,25.420416666666668
23454,THREE MINI HANGING FRAMES,142,610.0,50,4.540566037735849
90198A,VINTAGE ROSE BEAD BRACELET RASPBERR,144,609.4300000000001,84,4.223928571428571
21392,RED POLKADOT PUDDING BOWL,3717,608.9,17,2.17
20655,QUEEN OF SKIES LUGGAGE TAG,414,608.48,189,1.70125
84051,ASS COLOUR GLOWING TIARAS,746,607.98,60,0.8963934426229508
21173,LOO ROLL  METAL SIGN,340,607.96,77,2.2123076923076925
20695,FLORAL BLUE MONSTER,142,604.58,61,4.856393442622951
85169D,PINK LOVE BIRD CANDLE,521,603.98,88,1.4993181818181818
79190B,RETRO PLASTIC POLKA TRAY,1485,603.08,136,0.539264705882353
21416,CLAM SHELL LARGE,751,603.06,22,4.120434782608696
84247G,"DECOUPAGE,GREETING CARD,",1414,602.67,107,0.48644859813084107
21711,FOLDING UMBRELLA WHITE/RED POLKADOT,120,602.66,43,5.442093023255814
84932A,SMALL GREEN PEONY FOLDING STOOL,262,602.6,24,3.860416666666667
20863,BLUE PATCH PENCIL CASE PINK HEART,293,601.53,50,2.4202
82095,HEART BUTTONS JEWELLERY BOX,100,600.91,48,6.192916666666666
23520,EMBROIDERED RIBBON REEL RUBY,167,600.55,32,3.9675
84876D,BLUE HEART COMPACT MIRROR,331,600.52,35,3.5862857142857143
85146,JARDIN ETCHED GLASS SMALL BELL JAR,118,599.38,29,5.614516129032259
90143,SILVER BRACELET W PASTEL FLOWER,79,599.13,41,7.63390243902439
17109D,FLOWER FAIRY INCENSE BOUQUET,1257,598.3100000000001,38,1.406153846153846
21440,12 MINI TOADSTOOL PEGS,472,597.56,95,1.32875
84682,CLASSICAL ROSE DISH,295,596.9399999999999,49,3.3329411764705887
22679,"FRENCH BLUE METAL DOOR SIGN, 4",468,596.34,62,1.4125806451612903
82011C,BATHROOM SCALES FOOTPRINTS IN SAND,131,595.18,71,5.237887323943662
85117,NIGHTINGALE COATHOOK WHITE,347,594.3199999999999,61,2.2267213114754094
47469,ASSORTED SHAPES PHOTO CLIP SILVER,1220,594.28,29,0.6308333333333334
72122,COFFEE SCENT PILLAR CANDLE,586,593.33,120,1.1326612903225806
16236,KITTY PENCIL ERASERS,2652,593.29,260,0.30335849056603775
20849,ZINC HEART LATTICE DOUBLE PLANTER,674,593.03,24,4.047083333333333
22092,BLUE PAISLEY TISSUE BOX,933,592.91,140,0.8154285714285714
62096A,PINK/YELLOW FLOWERS HANDBAG,383,592.79,89,2.2487912087912085
23377,PACK OF 12 DOLLY GIRL TISSUES,1351,592.4499999999999,133,0.5607462686567164
85113,POLKA DOT PISTACHIO PAIL,285,591.66,48,2.310612244897959
21304,ARCHED GREY MIRROR,86,591.5799999999999,18,11.132222222222222
84963B,BLUE PAINTED KASHMIRI CHAIR,18,591.5,6,42.958333333333336
20794,BLUE  TILE HOOK,212,591.02,48,3.4424489795918363
21322,GLASS SPHERE CANDLE STAND LARGE,301,590.45,14,4.9678571428571425
84563B,BLUE & WHITE BREAKFAST TRAY,128,590.04,59,5.206271186440678
20661,BLUE SPOTTY PURSE,483,589.9,70,2.9594366197183097
21256,"FRENCH BOTTLE, BRASSERIE DES ARTIST",326,588.64,65,2.422923076923077
21893,POTTING SHED SEED TIN,172,587.8,20,5.4975000000000005
21167,WHITE SAGE INCENSE,2440,587.52,114,0.3299122807017544
21223,SET/4 BADGES WOODLAND ANIMAL,492,587.08,43,1.4345454545454546
84934,ASSTD DESIGN POP ART SLIM PEN,687,586.5,13,0.9153846153846155
22683,"FRENCH BLUE METAL DOOR SIGN, 8",458,586.36,63,1.4271875
23565,EGG CUP MILKMAID HELGA,410,586.31,63,1.8453968253968254
23499,SET 12 VINTAGE DOILY CHALK,1312,586.23,110,0.4831858407079646
90199C,5 STRAND GLASS NECKLACE CRYSTAL,99,585.29,31,6.3130303030303025
90195A,PURPLE GEMSTONE BRACELET,70,585.1999999999999,44,8.693181818181818
84569C,PACK 4 FLOWER/BUTTERFLY PATCHES,415,584.93,89,1.792696629213483
21016,LIGHT BIRD HOUSE TREE DECORATION,834,582.85,82,0.9679310344827585
21553,CERAMIC BIRDHOUSE FINCH BLUE  LARGE,90,581.27,39,7.881282051282051
22785,SQUARECUSHION COVER PINK UNION JACK,173,581.23,42,7.178571428571429
20781,GOLD EAR MUFF HEADPHONES,103,579.93,61,6.378196721311475
20804,GLASS CHICKEN BUTTER DISH,325,579.3100000000001,61,2.6788524590163934
22999,TRAVEL CARD WALLET VINTAGE LEAF,1350,578.48,117,0.48307692307692307
85232A,SET/3 POLKADOT STACKING TINS,113,578.46,44,5.750227272727273
90010B,BLACK/WHITE GLASS/SILVER BRACELET,63,578.02,34,9.342647058823529
21419,CONCH SHELL,1259,577.6899999999999,19,4.353157894736842
22685,"FRENCH BLUE METAL DOOR SIGN, 0",461,577.51,54,1.272909090909091
23324,RUSTIC STRAWBERRY JAM POT LARGE,279,577.48,38,2.2357894736842105
35922,EASTER BUNNY WREATH,97,575.99,36,7.111666666666666
85144,JARDIN ETCHED GLASS CHEESE DISH,219,575.45,40,3.889024390243902
23016,GLASS TWIST BON BON JAR,74,575.25,24,8.714583333333332
23125,6PC WOOD PLATE SET DISPOSABLE,459,574.88,38,1.9131578947368422
84932D,SMALL ORIENTAL RED FOLDING STOOL,239,574.71,21,4.629047619047619
20935,ROUND CACTUS CANDLE,300,574.48,46,3.0772340425531914
47421,ASSORTED COLOUR LIZARD SUCTION HOOK,1463,572.7,74,0.41481481481481486
22684,"FRENCH BLUE METAL DOOR SIGN, 9",450,572.58,54,1.3645454545454545
17013D,ORIGAMI ROSE INCENSE IN TUBE,1068,572.4,31,1.7083870967741936
84675,FROG KING WATERING CAN,206,571.71,62,3.6961290322580647
84924A,WAKE UP COCKEREL CALENDAR SIGN,133,571.0,62,4.855483870967742
20615,BLUE SPOTTY PASSPORT COVER,316,570.85,88,2.5984269662921347
16162L,THE KING GIFT BAG,8101,570.43,30,0.7496666666666667
85202,HANGING WOOD AND FELT HEART,1208,570.09,208,0.5805045871559633
85129A,"WHITE PEARL BEADED HEART, SMALL",444,569.16,75,1.427
85086A,CANDY SPOT HEART DECORATION,587,568.73,152,1.1639869281045752
23219,LAUREL STAR ANTIQUE SILVER,430,568.6,61,1.52765625
84806B,WHITE CANDYSTUFT ARTIFICIAL FLOWER,450,568.02,32,1.3784375
84846A,SCENTED CANDLE IN DIGITALIS TIN,251,567.55,54,2.573888888888889
85119,WATERING CAN SINGLE HOOK PISTACHIO,413,567.48,39,1.7169999999999999
22425,ENAMEL COLLANDER CREAM,122,567.12,23,5.085652173913044
16169C,WRAP BLUE REINDEER,1350,567.0,43,0.42
85169C,EAU DE NIL LOVE BIRD CANDLE,505,566.8199999999999,71,1.372676056338028
22699,TEACUP AND SAUCER REGENCY ROSES,210,566.7,14,2.835714285714286
21285,RETRO SPOT CANDLE  MEDIUM,263,566.22,36,2.848611111111111
21899,GARAGE KEY FOB,777,565.81,147,0.9082432432432431
20838,FRENCH LATTICE CUSHION COVER,446,565.8,63,1.9461904761904762
37444A,YELLOW BREAKFAST CUP AND SAUCER,2709,563.43,43,3.199767441860465
23381,PACK OF 12 VINTAGE LEAF TISSUES,1496,562.88,80,0.4760493827160494
23272,TREE T-LIGHT HOLDER WILLIE WINKIE,364,562.22,44,1.916818181818182
23413,VINTAGE COFFEE GRINDER BOX,109,561.23,30,6.259333333333333
37345,ASSTD HEARTS DESIGN MUGS,321,561.05,9,4.038888888888889
85230B,CINNAMON SCENTED VOTIVE CANDLE,2120,561.04,68,0.278235294117647
84773,RED ROSE AND LACE C/COVER,190,560.5,48,2.95
16049,TEATIME GEL PENS ASST,3169,560.48,32,0.381875
22682,"FRENCH BLUE METAL DOOR SIGN, 7",443,560.05,58,1.3586206896551725
16238,PARTY TIME PENCIL ERASERS,2447,559.54,236,0.30966244725738395
85090,CANDY SPOT APRON,106,559.28,53,5.87925925925926
22447,PIN CUSHION BABUSHKA BLUE,180,558.28,59,3.365254237288136
21160,KEEP OUT GIRLS DOOR HANGER,794,557.49,58,1.5117241379310344
84306,S/3 PINK SQUARE PLANTERS ROSES,48,557.48,31,12.064193548387097
22950,SET OF 36 DOILIES VINTAGE CHRISTMAS,444,557.4,2,1.35
85184C,SET 4 VALENTINE DECOUPAGE HEART BOX,171,557.33,64,3.905076923076923
84569B,PACK 3 FIRE ENGINE/CAR PATCHES,433,557.18,76,1.427763157894737
23069,EDWARDIAN PHOTO FRAME,88,556.21,32,6.4440625
23451,SQUARE MINI PORTRAIT FRAME,277,556.17,52,2.273396226415094
72586,SET OF 6 HALLOWEEN GHOST T-LIGHTS,1244,556.11,125,0.60624
21371,MIRRORED WALL ART POPPIES,404,556.01,64,2.59578125
21881,CUTE CATS TAPE,1332,554.9499999999999,118,0.8329661016949151
90120D,WHITE MURANO TWIST BRACELET,134,554.13,40,4.20025
84859C,PINK DISCO HANDBAG,304,552.72,39,3.041
23473,WOODLAND SMALL RED FELT HEART,678,552.02,51,0.9533333333333333
22452,MEASURING TAPE RUSSIAN DOLL PINK,182,551.7,48,3.2583333333333333
84805B,BLUE CLIMBING HYDRANGA ART FLOWER,340,551.4,9,2.461111111111111
79030G,TUMBLER NEW ENGLAND,1261,551.1899999999999,53,1.408867924528302
22044,CHRISTMAS CARD STACK OF PRESENTS,1940,550.28,89,0.3241573033707865
22681,"FRENCH BLUE METAL DOOR SIGN, 6",430,550.1,56,1.4710526315789472
23456,MEDIUM PARLOUR PICTURE FRAME,136,550.0,34,4.126470588235295
21373,MIRRORED WALL ART SNOWFLAKES,636,548.89,61,1.2465573770491802
85071D,CHARLIE+LOLA MY ROOM DOOR SIGN,884,548.86,112,1.2823684210526316
85091,CANDY SPOT BREAD BASKETS,343,548.81,20,5.513
22584,PACK OF 6 PANETTONE GIFT BOXES,233,548.63,18,3.1944444444444446
72800B,4 PURPLE FLOCK DINNER CANDLES,335,548.11,57,2.4956896551724137
23549,WRAP BIRD GARDEN,1305,548.1,52,0.42
20888,SET 3 JARDIN DE FEMME SCENT CANDLES,367,547.74,19,3.8852631578947374
23074,EMBOSSED HEART TRINKET BOX,246,547.27,48,2.623125
21339,MARAKESH LANTERN LARGE,30,544.5,12,19.257692307692306
22394,PAPERWEIGHT KINGS CHOICE,346,544.29,55,2.540909090909091
84596K,JELLY BABIES YELLOW SMALL BOWL,428,543.41,93,1.4280645161290322
22983,"CARD, BILLBOARD FONT",1300,543.34,100,0.5289108910891089
18094C,WHITE AND BLUE CERAMIC OIL BURNER,400,542.61,85,1.8468235294117645
35969,FOLKART CROWN TABLE DECORATIONS,523,542.47,76,1.9160526315789475
47021G,SET/6 BEAD COASTERS GAUZE BAG GOLD,713,541.96,70,2.199577464788732
20943,SET/6 GINGERBREAD STAR T-LIGHTS,381,540.21,71,1.6716901408450704
21311,SET/4 BIRD MIRROR MAGNETS,701,539.67,94,1.5697894736842104
85027L,FRENCH CHATEAU LARGE PLATTER,190,538.5,40,4.65
16048,TEATIME ROUND PENCIL SHARPENER,3461,537.06,105,0.40254716981132077
84592,CROCHET ROSE PURSE WITH SUEDE BACK,173,536.4,47,3.443829787234043
84414B,FUSCHIA/GREEN STRIPE WOOLLY BLANKET,78,536.24,9,13.965555555555556
21017,RED BIRD HOUSE TREE DECORATION,659,535.89,87,1.354942528735632
23398,HANGING HEART BONHEUR,606,535.35,69,1.0450666666666666
84661B,BLACK SQUARE TABLE CLOCK,244,535.18,52,3.266730769230769
23660,HENRIETTA HEN MUG,306,534.66,42,2.2404761904761905
72800D,S/4 BLUE DINNER CANDLE SILVER FLOCK,418,534.58,36,2.5780555555555553
90203,SILVER CHARM NECKLACE 70CM,71,534.27,34,7.547941176470588
21418,STARFISH SOAP DISH,194,533.84,66,3.4825373134328355
16169P,WRAP GREEN RUSSIAN FOLKART,1750,533.75,48,0.3577083333333333
20823,GOLD WINE GOBLET,253,533.71,19,3.6510526315789478
20659,ECONOMY LUGGAGE TAG,369,533.51,138,1.5739285714285713
85020,ROUND PINK HEART MIRROR,240,533.48,58,2.571896551724138
85030,FRENCH CHATEAU OVAL PLATTER,211,531.4499999999999,29,5.05344827586207
72267,PREMIUM CHURCH CANDLE,265,530.16,45,2.175869565217391
21734,SMALL MARAKESH LANTERN ON STICK,97,529.49,29,5.727666666666667
90160D,PINK BOUDICCA LARGE BRACELET,76,529.22,25,6.9764
21943,CAKES AND RABBITS DESIGN FLANNEL,591,529.16,149,1.1034228187919464
84799,SPRIG LAVENDER ARTIFICIAL FLOWER,678,528.78,31,1.0358064516129033
20653,CHERRY BLOSSOM LUGGAGE TAG,2004,528.77,81,1.3807407407407408
23139,SINGLE WIRE HOOK PINK HEART,414,528.6999999999999,27,1.6128571428571428
16202B,PASTEL BLUE PHOTO ALBUM,1039,528.56,22,4.7690909090909095
23060,HEART BEADED TRELLIS DECORATION,249,528.1700000000001,42,2.2197727272727272
90175D,TIGRIS EYE CHUNKY CHARM BRACELET,58,527.8199999999999,41,9.128780487804878
21336,GOLD WASHBAG,1823,527.56,43,3.43906976744186
22344,PARTY PIZZA DISH PINK POLKADOT,1296,526.64,88,0.71
71270,PHOTO CLIP LINE,370,525.4,81,1.67
22898,CHILDRENS APRON APPLE DESIGN,291,524.71,26,2.0023076923076926
72728,ROSE SCENT CANDLES IN GLASS,643,523.1500000000001,54,0.8452727272727273
21403,BLUE EGG  SPOON,2319,523.07,157,0.33420382165605095
84989B,75 BLACK FAIRY CAKE CASES,1019,522.9499999999999,63,0.7396825396825397
22861,EASTER TIN CHICKS IN GARDEN,305,522.9300000000001,50,2.0107999999999997
85179A,GREEN BITTY LIGHT CHAIN,219,522.85,72,3.318888888888889
85226C,BLUE PULL BACK RACING CAR,989,522.31,83,0.7651190476190476
23537,WALL ART I LOVE LONDON,99,521.73,32,7.0649999999999995
21459,YELLOW EASTER EGG HUNT START POST,263,520.55,44,2.300909090909091
23336,EGG FRYING PAN PINK,225,519.25,85,2.604418604651163
BANK CHARGES,Bank Charges,34,519.24,33,15.271794117647058
20793,BLUE TILED TRAY,281,518.5,22,8.935
35004S,SET OF 3 SILVER FLYING DUCKS,146,518.4,25,7.512
20868,SILVER FABRIC MIRROR,882,518.0699999999999,71,0.9214084507042254
35810B,ENAMEL BLUE RIM COFFEE CONTAINER,325,517.71,68,2.2813235294117646
84657,GREEN ROSE CUSHION COVER,246,517.48,20,4.4990000000000006
84762A,WHITE PICNIC BARBECUE BUCKET,59,517.4300000000001,29,9.866551724137931
84683,CLASSICAL ROSE CANDLESTAND,537,516.85,46,1.6375510204081631
85039C,S/4 BLACK MINI ROSE CANDLE IN BOWL,536,516.31,114,1.7143859649122808
90114,SUMMER DAISIES BAG CHARM,205,514.18,111,2.48972972972973
84931A,PINK SCOTTIE DOG W FLOWER PATTERN,204,513.69,82,2.7070731707317073
46118,FUNKY MONKEY CUSHION COVER,373,513.58,72,3.027945205479452
16168M,FUNKY MONKEY GIFT BAG MEDIUM,1686,512.38,101,0.5918811881188119
82605,OLD DOC RUSSEL METAL SIGN,227,512.13,101,2.4473529411764705
23136,IVORY WIRE SWEETHEART LETTER TRAY,135,511.89,49,4.034081632653061
84875B,GREEN SQUARE COMPACT MIRROR,373,511.01,40,1.9637499999999999
85129C,BEADED CRYSTAL HEART BLUE SMALL,390,510.23,65,1.606969696969697
84782C,GREEN 3 TIER GLASS PLATE STAND,74,509.9,18,9.616666666666667
21540,DAIRY MAID CERAMIC BUTTER DISH,114,509.62,48,4.9504166666666665
90058B,CRYSTAL STUD EARRINGS ASSORTED COL,1082,509.08,29,0.47379310344827585
20753,RETRO PINK SPOT WASHING UP GLOVES,218,509.0,56,2.6607142857142856
22135,LADLE LOVE HEART PINK,1096,508.75,151,0.682251655629139
20615,BLUE POLKADOT PASSPORT COVER,321,506.96,107,2.647663551401869
23043,PAPER LANTERN 9 POINT HOLLY STAR L,75,506.01,20,7.492
20654,FIRST CLASS LUGGAGE TAG,398,505.41,120,1.3760330578512396
23527,WALL ART ANIMALS AND NATURE,153,504.59,31,4.163870967741936
37352,BIRD IN TREE MUG,4643,504.55,8,1.10625
22286,DECORATION WOBBLY RABBIT METAL,830,504.46,67,1.225820895522388
84877B,GREEN ROUND COMPACT MIRROR,291,504.43,43,2.682093023255814
22541,MINI JIGSAW LEAP FROG,1245,503.92,66,0.5591044776119403
84218,BOX/12 CHICK & EGG IN BASKET,261,503.51,96,2.0510204081632653
85169B,BLACK LOVE BIRD CANDLE,428,502.90999999999997,93,1.510851063829787
85142,JARDIN ETCHED GLASS GINGER JAR,57,502.58,34,9.403823529411765
20845,ZINC HEART LATTICE 2 WALL PLANTER,76,502.27,24,7.169583333333333
21117,BLOND DOLL DOORSTOP,328,502.08000000000004,26,1.912692307692308
79337,BLUE FLOCK GLASS CANDLEHOLDER,1194,502.03,21,1.0266666666666666
84804B,BLUE DELPHINIUM ARTIFICIAL FLOWER,355,501.96999999999997,19,2.5040000000000004
90010E,AMBER GLASS/SILVER BRACELET,56,501.65,35,8.912285714285714
23117,POPPY FIELDS CHOPPING BOARD,93,501.23,45,5.598888888888888
47591B,SCOTTIES DES CHILD'S APRON,300,500.83,98,1.706734693877551
23021,GLASS BONNE JAM JAR,120,500.82000000000005,27,4.441851851851852
20865,PATCHWORK PENCIL CASE BUTTERFLY,251,500.49,33,2.196060606060606
71143,SILVER BOOK MARK WITH BEADS,332,500.34,96,2.0165624999999996
84706D,CHERRY BLOSSOM TABLE CLOCK,219,500.19,16,4.771249999999999
16219,HOUSE SHAPE PENCIL SHARPENER,3357,499.55,128,0.555703125
21882,SKULLS TAPE,1052,499.44,119,0.7752892561983471
35471A,SET OF 3 BIRD L.BLUE FEATHER,421,499.31,83,1.6135294117647059
23560,SET OF 6 RIBBONS COUNTRY STYLE,172,499.18,26,3.543846153846154
84247L,FAWN AND MUSHROOM GREETING CARD,1137,498.21,110,0.5278181818181817
20864,DENIM PATCH PENCIL CASE BUTTERFLY,252,498.14,29,2.2
47592A,CAROUSEL DES CHILD'S OVERALL,257,497.81,74,1.8847297297297296
35600D,PINK AND WHITE CHRISTMAS TREE 180CM,141,497.7,13,7.084615384615384
85230A,OPIUM SCENTED VOTIVE CANDLE,1992,497.03999999999996,48,0.2683333333333333
21399,BLUE  SPOTTY  COFFEE MUG,241,495.98,35,2.5700000000000003
72800C,S/4 PINK DINNER CANDLE SILVER FLOCK,394,494.39,28,2.642333333333333
22031,BOTANICAL LAVENDER BIRTHDAY CARD,1125,493.99,142,0.5171830985915493
84798B,PURPLE FOXGLOVE ARTIIFCIAL FLOWER,326,492.9,10,2.125
16239,BALLERINA HEART DECORATION.,347,492.17,21,2.6557142857142857
90160B,RED BOUDICCA LARGE BRACELET,71,490.92,29,6.8420689655172415
84827,ASS DES PHONE SPONGE CRAFT STICKER,1027,489.79,29,0.5545161290322581
37482P,CUBIC MUG PINK POLKADOT,549,489.6,56,2.7157894736842105
21004,ROSE DU SUD CHILDS APRON,106,489.14,52,4.899811320754717
35967,FOLK ART METAL STAR T-LIGHT HOLDER,936,488.51,112,0.765625
84876B,GREEN HEART COMPACT MIRROR,344,488.31,40,2.4007317073170733
21663,VINTAGE GLASS SUGAR CADDY,76,488.16,32,7.245625
51020B,STRIPY DESIGN SHOWER CAP,1084,488.12,60,0.962
22892,SALT AND PEPPER SHAKERS TOADSTOOLS,397,486.35,30,1.3696666666666666
72800D,4 BLUE DINNER CANDLES SILVER FLOCK,213,485.63,50,2.8042
22897,OVEN MITT APPLE DESIGN,343,485.0,34,1.5732352941176468
22407,MONEY BOX FIRST ADE DESIGN,394,484.34000000000003,64,1.4015625
84875D,BLUE SQUARE COMPACT MIRROR,371,483.75,37,1.722972972972973
23218,LAUREL STAR ANTIQUE GOLD,379,483.03,40,1.57225
22259,FELT FARM ANIMAL HEN,590,482.95,72,1.297162162162162
22038,BOTANICAL LAVENDER GIFT WRAP,1150,481.0,45,0.4182222222222222
72801G,S/4 BURGUNDY WINE DINNER CANDLES,788,480.94,28,1.5057142857142856
84984B,RED PEONY CUSHION COVER,309,480.85,10,3.9300000000000006
85227,SET/6 3D KIT CARDS FOR KIDS,592,480.69,50,1.1601960784313725
22346,PARTY PIZZA DISH GREEN POLKADOT,1159,479.59999999999997,68,0.6523188405797101
23169,CLASSIC GLASS SWEET JAR,119,479.45,14,4.092857142857143
16244A,MAXWELL 2 TONE PINK 60 PAGE PHOTO A,186,479.40999999999997,28,4.073571428571428
23422,PANTRY HOOK BALLOON WHISK,213,477.89,47,2.777872340425532
37492C,GREEN BLUE FLOWER PIGGY BANK,242,477.3,24,3.81
21620,S/4 ROSE    BOTANICAL  CANDLE,127,477.12,38,3.83425
21132,SILVER STANDING GNOME,93,476.61,47,5.723191489361702
72750C,"F.FAIRY S/3 CANDLE/GLASS, ROSE",232,476.4,15,2.75
23561,SET OF 6 RIBBONS PARTY,170,476.0,16,3.40875
85170B,SET/6 BLACK BIRD T-LIGHT CANDLES,283,475.91,58,2.615689655172414
85109,PINK BOUDOIR T-LIGHT HOLDER,4211,475.43,20,0.787
72801D,4 SKY BLUE DINNER CANDLES,469,475.26,80,2.098875
84809A,WHITE CHRYSANTHEMUMS ART FLOWER,276,474.84,21,2.020952380952381
21507,ELEPHANT BIRTHDAY CARD,1110,474.78000000000003,95,0.5482105263157895
21536,DAIRY MAID  SMALL  MILK JUG,221,474.74,61,2.2688888888888887
85136B,BLUE SHARK HELICOPTER,59,473.77000000000004,47,8.020638297872342
22697,TEACUP AND SAUCER REGENCY GREEN,174,472.5,13,2.8576923076923078
40046A,RED DAISY PAPER LAMPSHADE,355,472.07,62,1.7974193548387096
22951,72 CAKE CASES DOLLY GIRL DESIGN,943,471.84999999999997,25,0.5448000000000001
84926E,FLOWERS TILE COASTER,1081,471.57,52,0.7690384615384616
85144,JARDIN ETCHED GLASS BUTTER DISH,68,471.4,30,7.191935483870967
20662,FIRST CLASS HOLIDAY PURSE,728,471.33,49,2.718571428571429
84901,BLACK FACE LAMB WITH PANTS,123,471.13,74,3.8594594594594596
GIFT_0001_20,Dotcomgiftshop Gift Voucher £20.00,28,471.06,26,16.807692307692307
84509A,ENGLISH ROSE PLACEMATS,119,470.74,33,4.570909090909091
23521,WALL ART CAT AND BIRD,143,469.73,40,4.424
21518,BANK ACCOUNT  GREETING  CARD,1107,469.28000000000003,109,0.504862385321101
90192,JADE DROP EARRINGS W FILIGREE,94,469.18,53,5.0220754716981135
22686,"FRENCH BLUE METAL DOOR SIGN, No",356,468.94,48,1.5912499999999998
72799B,PURPLE PILLAR CANDLE BLACK FLOCK,322,467.71000000000004,16,3.664375
85211,S/4 GROOVY CAT MAGNETS,306,467.4,75,2.055128205128205
35911A,MULTICOLOUR RABBIT EGG WARMER,388,466.69,96,1.5051546391752577
72225C,LAVENDER SCENT CAKE CANDLE,1926,466.38,38,0.2689473684210526
23379,PACK OF 12 RED APPLE TISSUES,1220,465.36,76,0.5376623376623376
51020A,SUMMER FUN DESIGN SHOWER CAP,1303,463.31,50,0.8276
23455,SMALL PARLOUR PICTURE FRAME,165,462.45,33,2.8782352941176472
90120C,GREEN MURANO TWIST BRACELET,109,462.32,58,4.241379310344827
84972L,GIANT PINK HEART MEMO HOLDER,117,462.15000000000003,46,3.95
72132,COLUMBIAN CUBE CANDLE,549,462.15,28,1.6935714285714287
72789,BASKET/8 SCENTED LOVE TOKEN CANDLES,122,461.53,45,3.837608695652174
85204,HANGING WOOD AND FELT FLOWER,2353,460.9,154,0.3968789808917197
90195B,BLACK GEMSTONE BRACELET,52,460.69,26,8.768846153846154
23691,WRAP KEEP CALM BIRTHDAY,1125,460.5,36,0.4183333333333333
84915,HAND TOWEL PINK FLOWER AND DAISY,234,459.56,37,4.340810810810811
84948,SILVER HANGING T-LIGHT HOLDER DOME,273,459.21000000000004,36,1.7905405405405406
22191,IVORY WALL CLOCK,60,459.0,1,7.65
22193,RED WALL CLOCK,60,459.0,1,7.65
47422,ASSORTED MONKEY SUCTION CUP HOOK,1177,458.34000000000003,66,0.4140845070422535
72801C,4 ROSE PINK DINNER CANDLES,579,457.92,54,1.9048148148148147
16207B,PINK HEART RED HANDBAG,265,457.65,46,2.654782608695652
22345,PARTY PIZZA DISH BLUE POLKADOT,1183,457.58,81,0.657710843373494
23045,PAPER LANTERN 5 POINT STAR MOON,108,456.48,20,4.564
90145,SILVER HOOP EARRINGS WITH FLOWER,75,455.86,45,6.132666666666667
90201B,BLACK ENAMEL FLOWER RING,154,454.31,54,2.9568518518518516
21757,LIGHTHOUSE PRINTED METAL SIGN,80,454.3,42,6.3058139534883715
72586,"S/6 HALLOWEEN GHOST T LIGHTS, 5CM H",1059,453.99,58,0.5444827586206896
84508B,STRIPES DESIGN TEDDY,169,453.76,74,2.8228378378378376
22813,PACK 3 BOXES BIRD PANETTONE,204,451.84,31,3.4170967741935483
20621,ECONOMY PASSPORT COVER,207,451.67,33,2.3584848484848484
23548,WRAP MAGIC FOREST,1075,451.5,43,0.42
23509,MINI PLAYING CARDS FUN FAIR,1062,451.46000000000004,65,0.4865151515151515
90120B,BLUE MURANO TWIST BRACELET,107,451.44,42,4.192619047619048
37482P,CUBIC MUG PINK POLKA DOT,120,451.41,29,7.564137931034483
82081,PINK HEARTS PHOTO ALBUM,174,451.35,23,5.259130434782609
84597C,RETRO PINK BALL ASHTRAY,364,450.98,44,1.4622727272727274
16012,FOOD/DRINK SPONGE STICKERS,2142,449.82,63,0.21
21393,BLUE POLKADOT PUDDING BOWL,2565,449.26,15,1.788125
20616,CHERRY BLOSSOM PASSPORT COVER,283,449.26,121,2.0985123966942147
16218,CARTOON  PENCIL SHARPENERS,4629,448.13,98,0.4536734693877551
90014A,SILVER/MOP ORBIT NECKLACE,44,447.21,34,10.20705882352941
17164D,ASS COL SMALL SAND FROG P'WEIGHT,1150,447.0,28,0.41516129032258065
72127,COLUMBIAN CANDLE ROUND,366,445.94,65,1.3138805970149254
79030D,"TUMBLER, BAROQUE",484,445.45,21,4.163333333333334
84857C,PINK MONTE CARLO HANDBAG,197,445.03,17,4.375294117647059
21529,RED RETROSPOT TOASTRACK,120,444.36,49,4.132448979591837
90010A,MIDNIGHT BLUE GLASS/SILVER BRACELET,49,443.84999999999997,30,9.071666666666665
72128,COLUMBIAN CANDLE ROUND,714,442.23999999999995,88,0.8893406593406593
62096B,PURPLE/TURQ FLOWERS HANDBAG,257,441.99,82,2.315542168674699
90198B,VINTAGE ROSE BEAD BRACELET BLACK,104,441.9,49,4.244693877551021
16243B,BROWN COZY SQUARE PHOTO ALBUM,212,441.77,8,5.49625
90154,LAZER CUT NECKLACE W PASTEL BEADS,59,439.65,7,8.707142857142857
16161M,WRAP  PINK FLOCK,1050,439.0,39,0.41794871794871796
79030A,"TUMBLER, ENGLISH ROSE",171,438.25,33,5.692424242424242
23023,RIDGED BONNE JAM JAR T-LIGHT HOLDER,274,437.82,25,1.7651999999999999
90013A,MIDNIGHT BLUE VINTAGE EARRINGS,115,434.27,77,3.788961038961039
22343,PARTY PIZZA DISH RED WHITE SPOT,488,434.07,34,1.1191176470588236
79071B,ENGLISH ROSE METAL WASTE BIN,142,433.7,66,3.1742424242424243
21027,NINJA RABBIT PINK,355,433.61,77,1.2543037974683544
84859B,BLUE DISCO HANDBAG,282,433.46,18,2.8922222222222222
84510F,SET OF 4 NEW ENGLAND COASTERS,1099,432.75,38,1.4618421052631578
84798A,PINK FOXGLOVE ARTIIFCIAL FLOWER,195,432.45,10,2.505
37464,ROBOT MUG IN DISPLAY BOX,316,431.18,82,1.7680722891566265
84858B,BLUE RIVIERA HANDBAG,326,431.0,9,2.816666666666667
23058,CHRISTMAS HANGING SNOWFLAKE,490,430.86,48,1.2252083333333335
72800C,4 PINK DINNER CANDLE SILVER FLOCK,266,430.45,50,2.6636
20851,ZINC HEART LATTICE TRAY OVAL,335,429.57,28,5.966206896551724
16045,POPART WOODEN PENCILS ASST,9312,429.44,74,0.049600000000000005
90013B,BLACK VINTAGE EARRINGS,104,428.92,79,4.186835443037975
84966B,BLUE KASHMIRI BOXED MIRROR,33,428.0,4,16.0
84422,PINK/BLUE DISC/MIRROR STRING,782,427.95,38,1.0126315789473683
84801A,PINK HYDRANGEA ART FLOWER,272,427.44,15,1.976
23457,LARGE PARLOUR PICTURE FRAME,85,427.03,29,5.135862068965517
23522,DOG AND BALL WALL ART,252,425.88,4,2.26
85230G,ORANGE VOTIVE CANDLE,1680,425.76,46,0.2691304347826087
20715,LITTLE FLOWER SHOPPER BAG,400,424.0,1,1.06
21028,NINJA RABBIT BLACK,323,423.9,92,1.6121739130434782
45016,DECORATIVE NET CANOPY LEOPARD,101,423.73,25,5.946923076923077
16207A,PINK STRAWBERRY HANDBAG,143,423.53,76,3.001578947368421
21678,PAISLEY PATTERN  STICKERS,572,423.0,80,0.97425
16008,SMALL FOLDING SCISSOR(POINTED EDGE),3141,422.96,85,0.15623529411764706
21729,SMALL MARAKESH METAL  LANTERN,124,422.9,30,4.051290322580646
22446,PIN CUSHION RUSSIAN DOLL PINK,121,422.45000000000005,33,3.868181818181818
22840,"CAKE TIN, ROUND, VINTAGE RED,CREAM",59,421.05,10,7.55
47579,TEA TIME BREAKFAST BASKET,185,420.87,55,2.5601785714285716
46126A,ELVIS WALLHANGING / CURTAIN,317,419.99,48,1.5891666666666666
84967C,GREEN KASHMIRI OCCASIONAL TABLE,9,419.85,4,67.4625
84770,ROUND GEORGIAN SILVER MIRROR,135,419.25,16,3.825
72780,BLACK SILOUETTE CANDLE PLATE,514,418.18,44,0.8411363636363636
22032,BOTANICAL LILY GREETING CARD,980,418.12,111,0.46522522522522525
72750A,FLOWER FAIRY SET OF 3 LILY CANDLES,206,417.7,8,2.45
84532B,FAIRY CAKES RECTANGLUAR BOXES,54,417.58,31,7.502903225806452
85097B,BLUE ROCKING SINGING CANARY,106,417.17,40,4.135365853658537
72803B,OCEAN SCENT CANDLE JEWELLED DRAWER,93,416.35,37,4.5746153846153845
35240,ENAMEL BLUE RIM OVAL TRAY SET/2,49,416.01,39,8.49
84529C,YELLOW KNITTED KIDS RUCKSACK,78,414.74,37,5.033783783783784
22395,PAPERWEIGHT VINTAGE PAISLEY,234,413.76,53,3.0911320754716978
84007,MAGIC GARDEN MOUNT FUJI,157,413.12,39,2.6815384615384614
85112,S/3 TEAR DROP CUT GLASS DECORATION,465,412.77,34,1.6549999999999998
23459,DOLLY CABINET 2 DRAWERS,33,412.5,19,12.5
20666,ECONOMY HOLIDAY PURSE,911,412.45,46,2.408478260869565
23415,HOME SWEET HOME HOOK,328,412.18,47,1.4517021276595745
84509C,SET OF 4 DOTTY PLACEMATS,85,411.78,34,5.889117647058823
21520,BOOZE & WOMEN GREETING CARD,957,411.63,108,0.5285185185185185
20857,BLUE ROSE PATCH PURSE PINK BUTTERFL,249,410.85,73,1.65
21341,KASBAH LANTERN WITH GLASS,72,410.64,29,7.1865517241379315
90149,SILVER FLOWR PINK SHELL NECKLACE,62,410.26,9,7.371111111111111
84509B,FAIRY CAKE PLACEMATS,107,409.94,28,4.573571428571428
37444B,BLUE BREAKFAST CUP AND SAUCER,2010,409.6,28,3.8150000000000004
16169F,WRAP BLIZZARD,975,409.5,34,0.42
84595B,LARGE TRIFLE DESIGN L BLUE BOWL,230,408.90000000000003,16,3.09375
22786,PILLOWCUSHION COVER PINK UNION JACK,67,408.83000000000004,22,6.412727272727273
21252,SET OF MEADOW  FLOWER STICKERS,168,408.66,22,3.3613636363636363
22324,BAG FOR CHILDREN VINTAGE BLUE,96,408.0,1,4.25
22323,BAG FOR CHILDREN VINTAGE PINK,96,408.0,1,4.25
22776,"CAKESTAND, 3 TIER, LOVEHEART",46,405.5,7,9.328571428571427
84984A,GREEN PEONY CUSHION COVER,255,403.75,12,3.8000000000000003
82076,BEECH WOOD PHOTO FRAME,290,403.64,19,2.726842105263158
90206C,CRYSTAL DIAMANTE STAR BROOCH,80,402.61,57,5.043684210526316
84932B,SMALL PINK PEONY FOLDING STOOL,189,401.3,17,3.105882352941176
22134,MINI LADLE LOVE HEART RED,865,401.18,153,0.6414285714285715
23339,EGG FRYING PAN BLUE,173,400.84000000000003,76,2.511578947368421
23576,SNACK TRAY RED VINTAGE DOILY,198,400.04,37,2.4010526315789473
23429,RED RETRO KITCHEN WALL CLOCK,47,400.01,23,8.887391304347826
23039,T-LIGHT HOLDER SILVER HEART HANDLE,199,399.71,28,2.3906896551724137
85007,SET OF 3 VINTAGE TEA TIME BOXES,143,399.62,21,4.180454545454546
23466,TUSCAN VILLA DOVECOTE BIRD FEEDER,43,399.03,23,10.403478260869566
21698,MOCK LOBSTER FRIDGE MAGNET,530,399.01,112,1.2316964285714285
20889,JARDIN DE FEMME SCENTED CANDLE,657,398.03999999999996,13,2.3376923076923077
D,Discount,196,397.89,5,41.378
79191B,RETRO PLASTIC POLKA TRAY,479,397.37,70,1.0322857142857143
85167A,WHITE GRAND BAROQUE PHOTO FRAME,176,396.8,14,4.235714285714286
90180A,BLACK+WHITE NECKLACE W TASSEL,44,396.64,28,9.73
84804A,CREAM DELPHINIUM ARTIFICIAL FLOWER,218,396.38,18,2.7022222222222223
21025,SPACE FROG,300,396.12,81,1.520864197530864
90120A,PINK MURANO TWIST BRACELET,93,395.68,41,4.258536585365854
23484,HEART TRELLIS TRIPLE T-LIGHT HOLDER,129,395.11,30,3.8125806451612902
84726,LILLIES CANVAS PICTURE,233,394.85,5,2.17
21736,GOLD SCROLL GLASS T-LIGHT HOLDER,193,393.69,27,2.343571428571429
23661,MILK MAIDS MUG,219,393.59000000000003,33,2.2335294117647058
72801E,S/4 FESTIVE GREEN DINNER CANDLES,723,393.39,25,1.3852000000000002
84952A,CLEAR LOVE BIRD T-LIGHT HOLDER,148,392.53,39,3.135897435897436
90201D,GREEN ENAMEL FLOWER RING,133,391.37,57,2.9396491228070176
84673B,BLUE FLY SWAT,503,391.31,133,0.9244776119402984
90124B,BLUE MURANO TWIST NECKLACE,39,391.18,30,10.054333333333334
84711A,SILVER OVAL SHAPE TRINKET BOX,42,390.95,24,9.000416666666666
23150,IVORY SWEETHEART SOAP DISH,148,390.75,49,2.9436734693877553
20661,BLUE POLKADOT PURSE,415,390.15999999999997,53,3.068490566037736
47562,ENGLISH ROSE IRONING BOARD COVER,104,390.0,41,3.75
84802B,PURPLE ANEMONE ARTIFICIAL FLOWER,411,389.79,17,1.5405882352941176
84081,WHITE CERAMIC PARTY SET (5PCS),100,389.3,20,5.212000000000001
16044,POP-ART FLUORESCENT PENS,6193,389.22,3,0.3
23337,EGG FRYING PAN MINT,180,388.75,69,2.287971014492754
84497,BUTTONS AND STRIPES NOTEBOOK,97,387.13,37,4.15102564102564
23103,BELL HEART DECORATION,252,387.0,9,1.6277777777777775
90158,ST TROPEZ NECKLACE,77,386.32,63,5.028888888888889
84292,ROSE PINK METAL FOLDING CHAIR,44,385.98,14,10.534285714285714
90070,RUBY GLASS CLUSTER BRACELET,63,385.15000000000003,35,6.216571428571429
22698,TEACUP AND SAUCER REGENCY PINK,144,384.0,9,2.816666666666667
22838,"CAKE TIN, 3 TIER RED/IVORY",28,383.4,8,14.399999999999999
90201A,PURPLE ENAMEL FLOWER RING,130,382.84,54,2.9424074074074076
23116,VEGETABLE GARDEN CHOPPING BOARD,76,382.44,22,6.240909090909091
71053,WHITE MOROCCAN METAL LANTERN,69,381.55,26,6.704615384615384
90035B,"PEARL & SHELL 42""NECKL. PINK",43,380.89,4,10.185
90184A,AMBER CHUNKY BEAD BRACELET W STRAP,42,380.82,25,9.146799999999999
72750B,"F.FAIRY S/3 CANDLE/GLASS,LAVENDER",193,380.35,9,2.3944444444444444
20670,VIP HOLIDAY PURSE,694,378.84999999999997,48,2.8625000000000003
84533B,FAIRY CAKES ROUND NESTING BOXES,59,377.93,24,7.096666666666667
21243,PINK POLKADOT PLATE,220,377.56,25,2.1284
20976,12 PENCILS SMALL TUBE POSY,549,376.34,76,0.748421052631579
85033G,SET/6 GOLD REINDEER T-LIGHT CANDLES,236,376.05,32,2.742424242424242
16258A,SWIRLY CIRCULAR RUBBERS IN BAG,1063,375.93,101,0.5233009708737864
23396,LA JARDIN BOTANIQUE CUSHION COVER,87,375.53,28,5.007142857142857
23128,DOLLCRAFT BOY JEAN-PAUL,82,373.9,12,4.883333333333334
84680,CLASSICAL ROSE URN,94,372.3,17,7.06764705882353
84741C,CITRUS GARLAND FELT FLOWERS,185,372.14,51,2.125576923076923
84877D,BLUE ROUND COMPACT MIRROR,160,371.84999999999997,43,2.9727906976744185
84429A,MEDIUM PINK BUDDHA HEAD,109,371.78,42,4.005
16216,LETTER SHAPE PENCIL SHARPENER,4158,371.64,88,0.21955056179775279
22511,DOORSTOP RUSSIAN DOLL RETROSPOT,101,371.1,35,3.8375000000000004
90134,OLD ROSE COMBO BEAD NECKLACE,126,370.92,96,2.9409375
78033,FLAG OF ST GEORGE CHAIR,76,370.6,16,5.525
22559,SEASIDE FRISBEE,308,370.54,26,1.3807692307692307
79336,LIGHT PINK FLOCK GLASS CANDLEHOLDER,840,369.78000000000003,21,1.4557142857142857
20663,QUEEN OF THE SKIES HOLIDAY PURSE,1074,369.40999999999997,44,2.5777272727272726
20652,BLUE POLKADOT LUGGAGE TAG,280,369.39,92,1.553695652173913
90082B,DIAMANTE BOW BROOCH RED COLOUR,58,368.3,25,6.35
20906,VINTAGE NOTEBOOK BEAUTY GIRL,101,368.24,47,4.0925
85026B,EAU DE NILE JEWELLED T-LIGHT HOLDER,300,367.55,29,1.1020689655172413
47503G,ASS FLORAL PRINT TAPE MEASURE,284,367.36,35,1.5697222222222222
23575,SNACK TRAY PAISLEY PARK,179,367.35,32,2.5823529411764703
47504G,ENGLISH ROSE TAPE MEASURE,266,366.81,57,1.92859649122807
35915A,CREAM KNITTED HEN,288,365.76,1,1.27
90002D,FLOWER BURST SILVER RING CRYSTAL,104,365.74,34,3.7570588235294116
84926D,LA PALMIERA TILE COASTER,773,365.35,47,1.0852083333333333
79190A,RETRO PLASTIC 70'S TRAY,790,364.25,119,0.577983193277311
35968,FOLK ART METAL HEART T-LIGHT HOLDER,761,363.34,75,0.6993421052631579
90164B,WHITE  ROSEBUD PEARL BRACELET,67,362.94,35,6.648571428571429
90160A,PURPLE BOUDICCA LARGE BRACELET,52,362.51,25,6.98
85094,CANDY SPOT EGG WARMER RABBIT,760,360.99,108,0.8366666666666667
21880,RED AND WHITE SPOT TAPE,483,360.93,71,1.138732394366197
84760S,SMALL HANGING GLASS+ZINC LANTERN,222,360.21,36,1.9478378378378376
21946,PARTY TIME DESIGN FLANNEL,625,358.96999999999997,67,0.9995522388059701
84402D,PINK DRESS JEWELLERY STAND,373,358.93,13,2.2946153846153847
90036E,"FLOWER GLASS GARLD NECKL36""AMETHYST",45,358.87,28,7.991785714285714
23579,SNACK TRAY I LOVE LONDON,169,358.75,35,2.6265714285714283
84711B,PINK OVAL SHAPE TRINKET BOX,39,357.71,30,8.988
84800M,MEDIUM WHITE/PINK ROSE ART FLOWER,250,357.22,27,1.5892592592592591
22555,PLASTERS IN TIN MR STRONG,228,357.0,11,1.6318181818181818
35912B,WHITE/PINK CHICK DECORATION,288,355.58,30,1.8506666666666667
21038,SET/4 MODERN VINTAGE COTTON NAPKINS,166,355.48,52,2.2201923076923076
20799,PINK MILKSHAKE GLASS,200,355.33,26,3.1257692307692304
72487,ROSES WHITE ROUND CANDLE,827,355.05,14,1.1528571428571428
90019A,SILVER M.O.P ORBIT BRACELET,68,354.59000000000003,51,5.2829411764705885
47310M,SMALL POP BOX FUNKY MONKEY,258,353.97999999999996,87,1.5590909090909089
90082A,DIAMANTE BOW BROOCH GREEN COLOUR,55,353.71,32,6.4799999999999995
90013C,GREEN VINTAGE EARRINGS,88,353.55,56,4.1125
20950,SET/6  ANGEL T-LIGHTS WHITE/GOLD,687,353.39,83,0.7546428571428571
22039,BOTANICAL LILY GIFT WRAP,850,353.0,30,0.41466666666666663
84898F,YELLOW FLOWERS FELT HANDBAG KIT,165,352.75,52,2.1796153846153845
46000R,POLYESTER FILLER PAD 45x30cm,243,352.34999999999997,61,1.45
84809B,PINK CHRYSANTHEMUMS ART FLOWER,296,351.6,8,1.7875
23420,PANTRY HOOK TEA STRAINER,164,351.37,32,2.33625
84510C,SET OF 4 POLKADOT COASTERS,198,351.35,87,1.9667816091954022
90201C,RED ENAMEL FLOWER RING,119,350.94,46,2.9495652173913043
90161A,ANT COPPER RED BOUDICCA BRACELET,70,349.96,43,5.023953488372093
22268,DECORATION SITTING BUNNY,1480,349.53999999999996,83,0.422
23421,PANTRY HOOK SPATULA,160,349.2,33,2.5148484848484847
72750A,"F.FAIRY S/3 CANDLE/GLASS,LILY/VALLY",177,349.15000000000003,8,2.45
22029,SPACE BOY BIRTHDAY CARD,823,349.12,67,0.5092537313432836
82011B,BATHROOM SCALES RUBBER DUCKS,93,348.8,48,4.251041666666667
23044,PAPER LANTERN 9 POINT HOLLY STAR S,83,348.59000000000003,20,4.347142857142858
23057,GEMSTONE CHANDELIER T-LIGHT HOLDER,78,347.7,7,4.835714285714286
84249D,FAIRY CAKE GREETINGS CARD,823,347.3,64,0.4790625
84535A,ENGLISH ROSE NOTEBOOK A6 SIZE,607,346.93,64,0.8453846153846154
22257,FELT FARM ANIMAL SHEEP,419,345.48,57,1.2447457627118643
84801B,WHITE HYDRANGEA ART FLOWER,214,345.0,18,2.0194444444444444
90148,LONG SILVER NECKLACE PASTEL FLOWER,27,343.98,18,12.735
84881,BLUE WIRE SPIRAL CANDLE HOLDER,52,342.94,24,6.8808333333333325
21306,SET/4 DAISY MIRROR MAGNETS,681,342.8,68,1.3966176470588234
20940,SET/6 GARDEN GNOME T-LIGHT CANDLES,118,342.75,22,3.475454545454546
90191,SILVER LARIAT 40CM,40,342.6,21,11.324761904761905
35833P,4 PINK FLOCK CHRISTMAS BALLS,185,342.17,64,2.33578125
72814,SET/3 CHRISTMAS BRIAR CANDLES,90,341.53,23,3.925217391304348
72811,SMALL ZINC/GLASS CANDLEHOLDER,445,340.45,22,1.4468181818181818
23523,WALL ART TREASURE AHOY,90,340.35,25,4.158399999999999
72801G,4 BURGUNDY WINE DINNER CANDLES,545,340.28,39,1.334
75149N,STRING CRYSTALS NATURAL,272,340.0,25,1.25
18096C,WHITE ROUND PORCELAIN TLIGHT HOLDER,125,339.84,26,3.839230769230769
79303B,BLUE STAR BLOCK TABLE LAMP,109,339.57,10,4.752000000000001
84925A,WAKE UP COCKEREL WALL THERMOMETER,179,339.29,17,2.808235294117647
84576,BLUE CAT BISCUIT BARREL PINK HEART,96,337.04,32,4.8925
23127,DOLLCRAFT GIRL NICOLE,68,336.6,12,4.95
35914,PINK CHICK EGG WARMER + EGG CUP,243,336.58,56,1.637758620689655
17011F,ORIGAMI SANDLEWOOD INCENSE+FLOWER,385,336.2,20,2.12
20847,ZINC HEART LATTICE CHARGER LARGE,80,334.35,27,4.747407407407407
17109A,FLOWER FAIRY INCENSE LILY,709,333.61,13,1.1861538461538461
21402,RED  EGG  SPOON,1698,333.42,151,0.3663815789473684
90175C,BLUE GLASS CHUNKY CHARM BRACELET,37,332.95,20,9.04
20688,BEAUTY SPEED EXPRESSO CUPS,464,332.9,11,6.004545454545454
47583B,SET OF 3 WICKER BASKET TEA AND CAKE,27,332.6,6,21.958333333333332
21420,OYSTER TRINKET BOX,120,332.16,31,3.613125
35637C,PINK STRING CURTAIN WITH POLE,100,331.14,19,6.51
85024B,EAU DE NILE JEWELLED PHOTOFRAME,218,330.90000000000003,20,1.6404761904761902
84030C,KNITTED RAINBOW HOT WATER BOTTLE,53,330.78,19,6.677368421052631
84870C,GREEN GEISHA GIRL,93,330.36,41,3.4463414634146345
35921,EASTER BUNNY HANGING GARLAND,183,330.32,49,2.8282
90129B,TURQUOISE GLASS TASSLE BAG CHARM,146,329.95,62,2.0748387096774197
37467,PIG MUG IN TWO COLOUR DESIGNS,273,328.51,64,2.58890625
72739B,WHITE CHOCOLATE SCENT CANDLE,394,328.39,28,1.835357142857143
90014B,GOLD M PEARL  ORBIT NECKLACE,32,327.81,26,10.25153846153846
21722,SWEET PUDDING STICKER SHEET,347,327.75,79,1.1548101265822783
23236,DOILEY BISCUIT TIN,120,327.59999999999997,13,2.8592307692307695
84902,PINK KNITTED COW STUFFED TOY,84,326.33,53,3.930377358490566
84706A,ENGLISH ROSE TABLE CLOCK,137,325.88,7,7.339999999999999
21309,LOUVRE CHALKBOARD,49,325.6,5,9.16
90209A,PURPLE ENAMEL+GLASS HAIR COMB,173,325.5,10,1.9949999999999999
22045,SPACE BOY GIFT WRAP,775,325.5,27,0.42
23037,CANDLE HOLDER SILVER MADELINE,196,325.16,20,1.886
23478,WOODLAND LARGE PINK FELT HEART,285,324.40000000000003,13,1.5130769230769232
23521,CAT AND BIRD WALL ART,270,323.64,4,2.005
90175B,PINK GLASS CHUNKY CHARM BRACELET,36,322.85,27,8.966666666666667
84870B,BLUE GEISHA GIRL,90,322.61,40,3.658
90197B,BLACK GLASS BRACELET W HEART CHARMS,64,322.52,51,5.046666666666667
90178A,AMBER CHUNKY GLASS+BEAD NECKLACE,27,322.40999999999997,21,11.938571428571427
23205,CHARLOTTE BAG ALPHABET  DESIGN,400,320.5,22,0.838181818181818
85131C,BEADED CRYSTAL HEART BLUE ON STICK,439,320.15,72,0.9393150684931506
85070,ANT WHITE SWEETHEART TABLE W 3 DRAW,3,320.0,3,106.66666666666667
22287,DECORATION WOBBLY CHICKEN,560,319.14,45,1.181111111111111
84661A,WHITE SQUARE TABLE CLOCK,224,319.01,45,3.015111111111111
85089,CANDY SPOT BUNNY,99,317.54,29,3.9010000000000002
85033S,SET/6 SILVER REINDEER T-LIGHTS,258,317.34999999999997,49,1.567
84933C,LARGE BLUE ORIENTAL FOLDING STOOL,136,317.0,6,4.716666666666667
90018A,SILVER M.O.P ORBIT DROP EARRINGS,75,316.99,56,4.218928571428572
17091B,JASMINE TEA INCENSE IN TIN,276,316.98,51,1.4219230769230768
21401,BLUE PUDDING SPOON,1437,315.7,121,0.3197540983606557
84509G,FAIRY CAKE PLACEMATS,82,315.55,27,4.586296296296296
84509E,SET OF 4 CAROUSEL PLACEMATS,159,315.54,30,4.151666666666666
85129B,BEADED CRYSTAL HEART GREEN SMALL,233,315.11,56,1.7257142857142858
84673A,PINK FLY SWAT,500,314.84,99,0.740990099009901
84933A,LARGE GREEN PEONY FOLDING STOOL,131,314.34999999999997,6,4.716666666666666
90000D,COPPER/OLIVE GREEN FLOWER NECKLACE,51,313.75,34,6.20764705882353
46000U,POLYESTER FILLER PAD 30CMx30CM,251,313.75,51,1.25
35638B,PINK/BLUE STRING CURTAIN,118,313.28999999999996,11,6.6036363636363635
37343,POLKADOT MUG PINK,193,313.26,30,2.0513333333333335
23695,DOILY THANK YOU CARD,741,313.24,57,0.5042105263157894
23130,MISELTOE HEART WREATH,80,312.8,5,4.07
84802A,WHITE ANEMONE ARTIFICIAL FLOWER,185,312.65000000000003,24,1.6900000000000002
84838,ANT WHITE HIGH RISE BIRD BOX,50,312.5,4,7.875
90016B,GOLD/M.O.P PENDANT ORBIT NECKLACE,37,312.14,30,8.433333333333334
84522,PINK PARTY SUNGLASSES,186,311.86,26,1.8596153846153847
84984C,ORIENTAL BLUE CUSHION COVER,219,311.57,8,4.2775
35979,SIX STRING SCANDINAVIAN HEART DECS,94,311.03,27,3.823571428571429
62095B,TURQOISE ICE CREAM SUNHAT,292,310.83,21,1.558095238095238
84623,PINK GINGHAM ROSE FLOOR CUSHION,56,310.44,14,8.072142857142858
84933B,LARGE PINK PEONY FOLDING STOOL,136,309.15,6,3.408333333333333
20795,LARGE BLUE PROVENCAL CERAMIC BALL,135,308.7,29,2.956896551724138
22844,VINTAGE DOG FOOD CONTAINER,36,308.64,6,8.61
77081,FLOWER WINDMILL,242,308.38,33,1.7766666666666666
21196,ROUND WHITE CONFETTI IN TUBE,178,306.89,22,1.9382608695652173
22453,MEASURING TAPE RUSSIAN DOLL BLUE,103,306.81,28,3.0557142857142856
84671B,CROCHET BEAR WITH BLUE STRIPES,109,306.77,32,3.185151515151515
23495,SET OF 3 PANTRY WOODEN SPOONS,225,306.66,41,1.7221951219512195
90173,PAIR BUTTERFLY HAIR CLIPS,81,306.64,51,3.7961538461538464
72130,COLUMBIAN CANDLE ROUND,753,306.34999999999997,57,0.6849152542372882
16254,TRANSPARENT ACRYLIC TAPE DISPENSER,941,305.66,40,1.2665853658536586
23131,MISELTOE HEART WREATH WHITE,78,304.5,4,4.050000000000001
20800,LARGE GLASS SUNDAE DISH CLEAR,1005,303.96,5,3.618
84219,BOX/12 MOTHER & CHICK IN BASKET/BOW,137,303.86,28,2.5967857142857143
72753D,S/3 FLWR FAIRY SUMMER CANDLES,144,302.4,9,2.1
90036D,"FLOWER GLASS GARLAND NECKL.36""BLACK",38,302.29,16,7.961875
85147,JARDIN ETCHED GLASS CANDLEHLDR LONG,61,301.95,16,4.95
23430,BLUE RETRO KITCHEN WALL CLOCK,36,301.88,18,8.621111111111112
35645,VINTAGE BEAD PINK JEWEL BOX,61,301.81,34,5.501764705882353
21321,GLASS CHALICE BLUE  LARGE,122,301.8,18,3.076111111111111
79051A,SMOKEY GREY COLOUR D.O.F. GLASS,703,301.62,40,0.9543181818181818
23522,WALL ART DOG AND BALL,102,301.56,28,3.883571428571429
90098,NECKLACE+BRACELET PINK BUTTERFLY,137,301.28,55,2.3189090909090906
90035C,"PEARL & SHELL 42""NECKL. IVORY",28,301.0,5,10.75
22852,ENAMEL DOG BOWL CREAM,76,300.48,3,4.206666666666667
23440,PAINT YOUR OWN EGGS IN CRATE,164,299.36,5,2.022
17001,HEAVENS SCENT FRAGRANCE OILS ASSTD,1211,299.34999999999997,23,0.27956521739130435
90124A,PINK MURANO TWIST NECKLACE,30,299.28,20,9.989
35981C,WHITE SNOW SCANDINAVIAN STOCKING,589,297.62,67,0.6566666666666667
84627,CANDY STRIPE ROSE C/COVER,50,297.5,19,5.95
84247N,PACK/12 BLUE FOLKART CARDS,113,297.48,53,2.3926415094339624
22135,MINI LADLE LOVE HEART PINK,528,297.4,166,0.6704216867469879
21157,RED RETROSPOT WASHBAG,103,296.99,44,3.3674999999999997
17012E,ORIGAMI OPIUM INCENSE/CANDLE SET,263,296.78999999999996,29,2.488965517241379
79190D,RETRO PLASTIC DAISY TRAY,641,296.58,112,0.5636607142857143
35920,FOUR RABBIT EASTER DECORATIONS,1070,296.34,24,1.6679166666666667
47471,RAINBOW PEGS PHOTO CLIP STRING,428,295.72,63,0.9604761904761905
DCGSSGIRL,GIRLS PARTY BAG,92,295.63,23,3.2317391304347827
90129A,PINK GLASS TASSLE BAG CHARM,151,295.38,73,1.9371621621621622
20869,GOLD FABRIC MIRROR,529,295.12,53,0.9422222222222223
21697,SET 5 MINI DOUGHNUT FRIDGE MAGNET,372,295.08000000000004,7,1.4914285714285713
23126,DOLLCRAFT GIRL AMELIE KIT,66,294.7,8,4.8500000000000005
90185D,CRYSTAL DIAMANTE EXPANDABLE RING,69,293.33,35,4.252571428571429
84926A,WAKE UP COCKEREL TILE COASTER,664,293.08,51,0.9750980392156862
84482,BUTTONS DESIGN JEWELLERY BOX,75,293.02,32,4.106666666666667
72801F,S/4 FESTIVE RED DINNER CANDLES,234,292.5,25,1.25
90030B,RED KUKUI COCONUT SEED NECKLACE,139,292.08000000000004,36,4.014722222222222
37422,WHITE WITH BLACK CATS BOWL,434,292.08,73,1.3546575342465754
84800S,SMALL WHITE/PINK ROSE ART FLOWER,388,292.03999999999996,19,1.0989473684210527
22952,SET 72 CAKE CASES VINTAGE CHRISTMAS,672,291.6,4,0.5175000000000001
23567,EGG CUP HENRIETTA HEN PINK,211,291.58,37,1.823157894736842
21030,SPACE CADET RED,239,290.9,51,1.2030769230769232
84529A,PINK KNITTED KIDS RUCKSACK,50,290.78,19,6.563684210526316
20826,SILVER APERITIF GLASS,355,290.72,14,1.3478571428571429
16202A,PASTEL PINK PHOTO ALBUM,662,290.45,21,4.4852380952380955
21388,IVORY HANGING DECORATION  CHICKEN,311,290.16999999999996,29,0.9158620689655173
23410,CURIO CABINET LINEN AND LACE,36,290.1,18,8.027777777777779
84882,GREEN WIRE STANDING CANDLE HOLDER,66,289.43,36,4.704166666666667
23015,CORDIAL GLASS JUG,34,288.88,16,8.742941176470588
20987,GEISHA GIRL CHOPSTICKS SET/5,131,288.35,22,3.0181818181818185
23047,PAPER LANTERN 5 POINT SEQUIN STAR,50,287.5,21,5.75
21144,PINK POODLE HANGING DECORATION,543,287.46999999999997,60,1.03672131147541
16212,FUNKY GIRLZ ASST MAGNETIC MEMO PAD,366,287.01,37,1.6778048780487806
20821,GOLDIE LOOKING MIRROR,42,286.42,25,7.882000000000001
37413,ICON MUG REVOLUTIONARY,703,284.49,81,0.4107228915662651
90185B,AMETHYST DIAMANTE EXPANDABLE RING,67,284.43,34,4.2385294117647065
84247E,PACK OF 12 CHRISTMAS FUN CARDS,106,283.79,37,2.632162162162162
82093,HEART SHAPE BUTTON FRAME,139,283.49,28,3.1478571428571427
20980,36 PENCILS TUBE POSY,233,282.31,58,1.4045762711864407
22546,MINI JIGSAW FIDO,672,282.24,10,0.42000000000000004
84977,WIRE FLOWER T-LIGHT HOLDER,223,281.33,44,1.3086363636363636
16052,TEATIME PUSH DOWN RUBBER,848,281.32,35,0.5685714285714285
23481,PEARLISED IVORY HEART SMALL,228,281.17,29,1.28125
90163A,PINK ROSEBUD & PEARL NECKLACE,37,280.71,24,7.605416666666667
47578A,ENGLISH ROSE SMALL SCENTED FLOWER,307,279.88,69,1.0512162162162162
84508C,BLUE CIRCLES DESIGN TEDDY,103,279.82,43,2.949302325581395
72739C,DARK CHOCOLATE SCENTCANDLE,326,279.08,23,1.6782608695652175
21412,VINTAGE GOLD TINSEL REEL,275,279.0,67,1.7285135135135135
84625B,BLCK NEW BAROQUE CANDLESTICK CANDLE,180,279.0,17,2.3323529411764707
90115,SUMMER BUTTERFLIES BAG CHARM,108,278.96,60,2.632166666666666
22954,HEN PARTY CORDON BARRIER TAPE,226,278.89,49,1.3906122448979592
84457,SET/3 RABBITS FLOWER SKIPPPING ROPE,291,278.72999999999996,64,1.1467692307692305
21367,MIRRORED WALL ART GENTS,211,278.47999999999996,60,2.5669999999999997
84926F,PSYCHEDELIC TILE COASTER,484,277.9,42,1.4188095238095237
23413,DECORATIVE VINTAGE COFFEE  BOX,52,277.0,22,6.240909090909091
44235,ASS COL CIRCLE MOBILE,752,276.96000000000004,15,0.4125
90146,FINE SILVER NECKLACE W PASTEL FLOWE,41,276.49,19,7.4495000000000005
22889,NUMBER TILE VINTAGE FONT No,173,276.42,36,3.6169444444444445
84966C,GREEN KASHMIRI BOXED MIRROR,23,276.0,2,12.0
DCGS0076,SUNJAR LED NIGHT NIGHT LIGHT,17,275.96,14,16.255
23137,ZINC WIRE SWEETHEART LETTER TRAY,83,275.62,23,3.9765217391304346
90085,CRYSTAL STILETTO PHONE CHARM,311,275.53,29,1.1817241379310344
21095,SET/6 POSIES PAPER PLATES,295,274.57,40,1.0065853658536585
84924F,PSYCHEDELIC METAL SIGN CALENDAR,975,274.55,10,2.952
21193,WHITE HONEYCOMB PAPER FAN,111,274.37,22,2.8434782608695657
75178,ASSTD COL BUTTERFLY/CRYSTAL W/CHIME,497,273.93,25,1.4991999999999999
90122A,PINK CRYSTAL+GLASS BRACELET,55,273.89,31,5.000967741935484
84927F,PSYCHEDELIC TILE HOOK,335,273.32,62,1.60390625
23141,TRIPLE WIRE HOOK PINK HEART,79,272.91,25,4.2404
84924D,LA PALMIERA METAL SIGN CALENDAR,764,272.61,15,3.7993333333333337
23203,JUMBO BAG VINTAGE DOILEY,144,272.57,7,2.3314285714285714
35096A,BLUE VICTORIAN FABRIC HEART BOX,765,272.45,50,0.6742
79303D,LILAC FLOWER BLOCK TABLE LAMP,78,272.45,19,4.860526315789474
84499,BLACK FLOWER CANDLE PLATE,326,272.16999999999996,41,1.238780487804878
90185C,BLACK DIAMANTE EXPANDABLE RING,64,271.96,32,4.24875
90032,IVORY SHELL HEART NECKLACE,48,271.88,24,6.118333333333333
90014C,SILVER/BLACK ORBIT NECKLACE,27,271.33,18,10.098888888888887
84192,ASSORTED COLOUR METAL CAT,226,271.1,38,1.2402564102564102
23474,WOODLAND SMALL BLUE FELT HEART,312,270.96000000000004,37,1.0405263157894737
21629,SQUARE FLOOR CUSHION VINTAGE PINK,19,270.47,14,14.652142857142858
47586A,PINK FAIRY CAKE CUSHION COVER,200,270.43,29,2.32
47351B,BLUE  VOILE LAMPSHADE,98,269.9,14,2.9214285714285717
85195,HANGING HEART BASKET,146,269.44,17,2.205294117647059
90122C,TURQUOISE CRYSTAL+GLASS BRACELET,54,269.1,30,5.009
72793,BLACK BOX MIRROR LANTERN,55,268.75,10,5.5600000000000005
20818,GOLD TEDDY BEAR,87,268.5,30,4.491666666666666
21372,MIRRORED WALL ART TABLE LAMP,156,267.01,50,2.5941176470588236
79030D,TUMBLER BAROQUE,525,266.19,40,0.9255000000000001
23489,"GARLAND, VINTAGE BELLS",92,265.88,10,2.89
47481,50CM METAL STRING WITH  7 CLIPS,326,265.4,44,1.1075
23476,WOODLAND LARGE RED FELT HEART,205,264.72,22,1.4700000000000002
21950,SET OF 6 DOTS CHOPSTICKS,211,263.63,18,2.3994444444444443
90157,RIVIERA NECKLACE,53,263.28000000000003,24,4.982916666666667
90129E,PURPLE GLASS TASSLE BAG CHARM,129,263.14,59,1.9168333333333334
84906,PINK B'FLY C/COVER W BOBBLES,43,262.62,16,6.373125
84806A,PINK CANDYSTUFT ARTIFICIAL FLOWER,319,261.90999999999997,20,1.135
23194,GYMKHANNA TREASURE BOOK BOX,120,261.84000000000003,14,2.189285714285714
21268,VINTAGE BLUE TINSEL REEL,397,261.66,49,1.2884615384615385
79328,BLUE FLOCK GLASS CANDLEHOLDER,594,260.76,17,1.4888235294117647
72799D,BLUE PILLAR CANDLE SILVER FLOCK,78,260.67,18,3.742105263157895
84993B,75 BLACK PETIT FOUR CASES,571,260.65,99,0.5109090909090909
44234,ASSORTED CIRCULAR MOBILE,1213,260.39,56,0.3788524590163934
84597B,RETRO BROWN BALL ASHTRAY,205,259.37,27,1.612962962962963
85095,THREE CANVAS LUGGAGE TAGS,174,259.09,49,1.7959183673469388
23032,DOORKNOB CRACKED GLAZE IVORY,174,258.3,5,1.6099999999999999
84613C,BLUE NEW BAROQUE FLOCK CANDLESTICK,62,258.06,12,4.580000000000001
90035A,"PEARL & SHELL 42""NECKL. GREEN",24,257.55,16,10.721874999999999
85179C,PINK BITTY LIGHT CHAIN,116,257.15,40,3.185
84371,BIG PINK POODLE,30,257.1,6,17.375
90040B,MURANO STYLE GLASS BRACELET BLACK,71,255.97,36,3.6669444444444443
22870,NUMBER TILE COTTAGE GARDEN 2,98,254.56,43,3.2436363636363637
17038,PORCELAIN BUDAH INCENSE HOLDER,2559,254.51,55,0.4290909090909091
10123C,HEARTS WRAPPING TAPE,650,254.41,63,0.7906349206349207
22869,NUMBER TILE COTTAGE GARDEN 1,100,253.94,46,3.1365217391304347
84461,12 PINK HEN+CHICKS IN BASKET,99,253.79,40,2.60775
GIFT_0001_50,Dotcomgiftshop Gift Voucher £50.00,6,253.59,6,42.265
21493,VINTAGE DESIGN GIFT TAGS,272,252.45,29,1.0483333333333333
79338,DARK PINK FLOCK GLASS CANDLEHOLDER,553,252.29,13,1.4692307692307693
21032,SPACE CADET WHITE,203,252.16,50,1.4007999999999998
21370,MIRRORED WALL ART FOXY,54,251.97,22,7.356363636363636
90208,PAIR OF ENAMEL FLOWER CLUSTER SLIDE,105,251.59,30,2.5366666666666666
23149,ANTIQUE IVORY WIRE BOWL SMALL,99,251.45,21,2.7252380952380952
DCGSSBOY,BOYS PARTY BAG,77,251.35,21,3.2261904761904763
90081C,LILY BROOCH OLIVE COLOUR,50,250.47,36,5.032500000000001
90073,VINTAGE ENAMEL & CRYSTAL EARRINGS,50,250.34,34,5.029411764705882
20836,FRENCH PAISLEY CUSHION COVER,224,250.0,22,1.1209090909090909
21460,GREEN EASTER EGG HUNT START POST,113,249.64999999999998,27,2.3655555555555554
90170,DAISY HAIR BAND,150,249.58,73,1.6715068493150684
90087,CRYSTAL SEA HORSE PHONE CHARM,311,249.55999999999997,53,1.381320754716981
22984,"CARD, GINGHAM ROSE",596,249.44,47,0.46446808510638293
22812,PACK 3 BOXES CHRISTMAS PANETTONE,76,248.48,24,3.3125
22328,"ROUND SNACK BOXES ,SET 4, FRUITS",84,247.8,5,2.95
23168,CLASSIC SUGAR DISPENSER,216,247.32,12,1.1975
84621,BLUE GINGHAM ROSE FLOOR CUSHION,29,247.26,15,9.064
90036C,"FLOWER GLASS GARLAND NECKL.36""BLUE",31,246.83,15,7.975333333333334
82011A,"BATHROOM SCALES, TROPICAL BEACH",59,246.58,34,4.359705882352941
47503H,ASS FLORAL PRINT SPIRIT LEVEL,160,246.12,60,1.9179365079365078
46307,ROSES BLUE BASE CUSHION COVER,51,246.03,33,5.2645454545454555
22175,PINK OWL DECORATION,96,244.8,1,2.55
22176,BLUE OWL DECORATION,96,244.8,1,2.55
90028,NEW BAROQUE LARGE NECKLACE BLK/WHIT,29,244.79,24,8.43625
90096,NECKLACE+BRACELET SET BLUE BLOSSOM,104,243.60999999999999,49,2.4723529411764704
90129C,GREEN GLASS TASSLE BAG CHARM,107,243.38,51,2.1127450980392157
90119,METALIC LEAVES BAG CHARMS,97,243.07,42,2.5385714285714283
90081A,LILY BROOCH AMETHYST COLOUR,49,242.8,24,4.960416666666667
90196A,PURPLE GEMSTONE NECKLACE 45CM,19,242.25,11,12.75
23475,WOODLAND SMALL PINK FELT HEART,286,242.18,31,0.959032258064516
35818P,"ACRYLIC JEWEL ICICLE, PINK",559,242.15,25,0.9732
90196B,BLACK GEMSTONE NECKLACE 45CM,19,241.98,14,12.730714285714285
16156L,"WRAP, CAROUSEL",575,241.5,22,0.42
23143,ZINC WIRE KITCHEN ORGANISER,30,239.97,16,9.929375
84984D,ORIENTAL RED CUSHION COVER,132,239.8,10,3.97
23324,RUSTIC STRAWBERRY JAMPOT LARGE,120,238.56,6,2.0416666666666665
23028,DOORKNOB CRACKED GLAZE BLUE,162,238.5,3,1.5833333333333333
22447,PIN CUSHION RUSSIAN DOLL BLUE,68,238.06,23,3.7960869565217394
84629,WHITE 3 FRAME BIRDS AND TREE,24,237.8,13,12.796153846153846
82553,POP'S GREASY SPOON METAL SIGN,114,237.73000000000002,42,2.5773809523809526
22882,NUMBER TILE VINTAGE FONT 3,118,237.72,49,2.966326530612245
90133,TEAL/FUSCHIA COL BEAD NECKLACE,47,236.46,36,5.055833333333333
44217M,MULTICOLOUR FEATHERS CURTAIN,72,236.39999999999998,3,3.616666666666667
20891,LARGE GLASS ROSE SCENTED CANDLE,684,236.33,3,8.126666666666667
82585,SWEET VALENCIA CANDLE+CUP,164,235.9,47,1.8791836734693876
90210D,PURPLE ACRYLIC FACETED BANGLE,142,235.73,23,2.4991304347826087
23580,SNACK TRAY HAPPY FOREST,116,234.92,25,2.2116
20855,PINK PATCH PURSE BLUE HEART,142,234.3,47,1.65
20736,PINK MINI TAPE MEASURE,290,233.5,19,0.8431578947368421
84247K,"FOLK ART GREETING CARD,pack/12",75,233.48,28,3.2764285714285717
90185A,AMBER DIAMANTE EXPANDABLE RING,55,233.29,26,4.233076923076923
37483,ENGLISH ROSE MUG IN GIFT BOX,143,232.89,10,2.46
23036,T-LIGHT HOLDER SILVER PETIT FOUR,184,232.42000000000002,16,1.325625
16256B,FLOWER PENCIL/RUBBER+5 MINI PENCILS,524,232.35,35,0.5841666666666667
35991,SET/6 BLACK SNOWFLAKE T-LIGHTS,402,232.08,54,0.8748214285714286
90210B,CLEAR ACRYLIC FACETED BANGLE,102,232.04,24,2.705833333333333
23447,PINK BUNNY EASTER EGG BASKET,158,231.9,4,1.5999999999999999
22878,NUMBER TILE COTTAGE GARDEN No,83,231.54,40,3.4802500000000003
90181B,AMETHYST GLASS/SHELL/PEARL NECKLACE,25,231.27,24,9.255
16202C,BEIGE PHOTO ALBUM,97,230.59,12,3.9766666666666666
21226,POCKET MIRROR WOODLAND,213,230.55,37,1.073157894736842
22842,"BISCUIT TIN, RED,IVORY, VINTAGE",37,230.55,7,6.521428571428571
90164A,PINK ROSEBUD PEARL BRACELET,40,230.39,25,6.93
23446,BLUE BUNNY EASTER EGG BASKET,157,230.25,3,1.5833333333333333
37508,NEW ENGLAND CERAMIC CAKE SERVER,89,229.57,46,2.60695652173913
72781,BLACK SILOUETTE CANDLE PLATE,121,229.5,15,2.0453333333333332
90122B,JADE CRYSTAL+GLASS BRACELET,46,228.99,26,4.999615384615385
21639,ASSORTED TUTTI FRUTTI KEYRING,259,228.64999999999998,15,0.9633333333333333
90199B,5 STRAND GLASS NECKLACE AMETHYST,36,228.61,31,6.350322580645161
90090,PINK CRYSTAL HEART PHONE CHARM,263,227.72,22,1.0168
35809B,ENAMEL BLUE RIM TEA CONTAINER,104,227.54,33,2.5727272727272728
71028B,SILVER BLUE EGG T-LIGHT HOLDER,494,227.48,13,1.8407692307692307
21395,BLUE SPOTTY BEAKER,112,227.44,23,2.2447826086956524
84705C,PINK FLOCK PHOTO FRAME,162,227.33,8,3.92875
72801C,S/4 ROSE PINK DINNER CANDLES,191,227.11,38,1.6542105263157894
22899,CHILDRENS APRON DOLLY GIRL,107,226.81,17,2.2241176470588235
72750D,F.FAIRY S/3 CANDLE/GLASS,110,226.5,11,2.6772727272727272
23003,TRAVEL CARD WALLET VINTAGE ROSE,542,226.2,53,0.41888888888888887
90003D,CRYSTAL PAIR HEART HAIR SLIDES,60,226.17,32,3.7734375
90155,RESIN NECKLACE W PASTEL BEADS,30,226.16,21,7.555238095238095
84509C,DOTTY PLACEMATS,59,226.07,14,4.832857142857143
84966A,PINK KASHMIRI BOXED MIRROR,13,225.95,4,25.4875
72801D,S/4 SKY BLUE DINNER CANDLES,187,225.89,42,1.7057142857142857
90116,FRUIT SALAD BAG CHARM,106,225.51999999999998,63,2.3252380952380953
21369,MIRRORED WALL ART SPLODGES,133,225.36,22,2.914090909090909
84927E,FLOWERS TILE HOOK,494,224.31,29,2.0863333333333336
35597B,BLACKCHRISTMAS TREE 30CM,78,224.1,7,1.5514285714285714
90125D,PURPLE BERTIE GLASS BEAD BAG CHARM,136,223.73999999999998,36,2.7491666666666665
72812,LARGE ZINC GLASS CANDLEHOLDER,78,223.23,22,3.4099999999999997
17084P,DRAGONS BLOOD INCENSE,990,222.75,70,0.34428571428571425
47591A,CAROUSEL DES CHILD'S APRON,134,221.57,58,1.654310344827586
17011C,ORIGAMI LAVENDER INCENSE+FLOWER,335,221.4,2,2.475
21102,"CANDLE IN JAR COLLAGE , VANILLA",82,221.08,20,3.0614999999999997
16258B,DAISY ERASERS IN BAG,1016,221.06,15,0.36
17013B,ORIGAMI JASMINE INCENSE IN TUBE,256,221.03,3,1.7066666666666668
35833G,4 GOLD FLOCK CHRISTMAS BALLS,134,220.66,34,1.657058823529412
62086A,PINK RETRO BIG FLOWER BAG,113,220.35,24,1.95
90124C,GREEN MURANO TWIST NECKLACE,22,220.20999999999998,16,10.031875
72225D,VANILLA SCENT CAKE CANDLE,962,219.46,11,0.26818181818181813
85168A,WHITE BAROQUE CARRIAGE CLOCK,22,218.89999999999998,15,9.95
90058A,CRYSTAL STUD EARRINGS CLEAR DISPLAY,576,218.88,13,0.38
22845,VINTAGE CAT FOOD CONTAINER,34,218.14000000000001,5,6.462000000000001
84951B,S/4 BLACK LOVEBIRD COASTERS,97,217.81,32,2.53625
22588,CARDHOLDER GINGHAM HEART,102,216.9,2,2.325
90005A,JADE GREEN ENAMEL HAIR COMB,106,216.87,57,2.0808771929824563
84725,FREESTYLE CANVAS ART PICTURE,134,216.5,29,2.1155172413793104
35793,S/3 PUPPIES CHRISTMAS DECORATIONS,108,216.33,15,3.776875
23360,SET 8 CANDLES VINTAGE DOILEY,122,216.29999999999998,7,1.907142857142857
37492A,YELLOW RED FLOWER PIGGY BANK,108,216.07,11,4.274545454545454
84807,RED POPPY ARTIFICIAL FLOWER,233,215.93,7,1.5414285714285714
90036A,FLOWER GARLAND NECKLACE RED,27,215.76000000000002,20,8.005500000000001
21543,BUTTERFLY WATER TRANSFER TATTOOS,284,215.0,24,1.1958333333333333
22834,MINI HAND WARMER BABUSHKA DESIGN,108,214.8,5,2.05
84690,S/2 BEACH HUT STOOLS,27,214.65,14,7.95
48179,DOOR MAT SWEET HOME,34,214.47,11,9.736363636363636
90123A,PINK HEART OF GLASS BRACELET,36,214.07,19,5.943157894736842
51012C,"FEATHER DUSTER, COAL BLACK",171,213.75,27,1.25
90214A,"LETTER ""A"" BLING KEY RING",213,213.65,104,1.054423076923077
90019C,SILVER BLACK ORBIT BRACELET,40,213.38,34,5.3561764705882355
16201A,PASTEL PINK PHOTO ALBUM,101,213.37,9,3.7744444444444443
21400,RED PUDDING SPOON,1078,213.07,91,0.3
22880,NUMBER TILE VINTAGE FONT 1,103,212.91,36,3.212222222222222
84805A,CREAM CLIMBING HYDRANGA ART FLOWER,147,212.85,8,2.7625
84313A,PINK TV TRAY TABLE,38,212.42,19,6.26
84247C,PACK/12 BLUE REINDEER CARD,72,212.4,22,2.95
90024B,NEW BAROQUE B'FLY NECKLACE RED,25,212.24,22,8.488181818181818
35817P,"ACRYLIC JEWEL SNOWFLAKE,PINK",408,212.14,10,1.7159999999999997
47593B,SCOTTIES DESIGN BABY BIB,194,212.06,52,1.0496226415094339
21368,MIRRORED WALL ART LADIES,201,212.04,47,1.8668085106382977
84927D,LA PALMIERA TILE HOOK,953,211.29,28,1.762857142857143
20827,GOLD APERITIF GLASS,173,209.36,8,1.63375
20814,SILVER FINCH DECORATION,189,208.89,13,1.2061538461538461
84706F,RED PEONY TABLE CLOCK,34,208.29999999999998,17,5.616666666666666
47574B,ENGLISH ROSE SCENTED HANGING HEART,49,208.25,27,4.25
90211B,JET BLACK LAS VEGAS NECKLACE 45CM,35,208.21,26,5.948846153846154
90056,CHUNKY CRACKED GLAZE NECKLACE IVORY,19,207.94,14,11.013571428571428
90016A,SILVER/M.O.P PENDANT ORBIT NECKLACE,29,207.86,16,8.21
37485,ENGLISH ROSE TEA SET IN GIFT BOX,49,207.69,15,4.5975
90210A,GREY ACRYLIC FACETED BANGLE,88,207.34,21,2.6804761904761905
90040A,MURANO STYLE GLASS BRACELET RED,53,207.05,34,4.013823529411765
47343A,FUSCHIA FLOWER PURSE WITH BEADS,200,206.26,23,1.1875
17014D,ORIGAMI ROSE INCENSE CONES,479,204.36,8,1.7966666666666664
35962,SET/12 ZINC CHRISTMAS DECORATIONS,94,203.73,16,2.2241176470588235
90186A,AMETHYST HOOP EARRING FLORAL LEAF,69,203.73,33,2.952058823529412
35824B,"HANGING FLOWERS+MIRROR,BLUE",528,203.24,6,0.8133333333333334
20890,SMALL GLASS ROSE SCENTED CANDLE,605,202.62,4,2.9925
22872,NUMBER TILE COTTAGE GARDEN 4,80,202.1,37,3.195945945945946
22881,NUMBER TILE VINTAGE FONT 2,104,201.45999999999998,35,3.179142857142857
84723,CHERRY BLOSSOM CANVAS ART PICTURE,54,201.3,12,5.95
72754A,FLOWER FAIRY POTPOURRI CUSHION LILY,292,201.24,5,1.066
20672,PINK TEATIME PRINT BOWL,138,201.0,36,1.75
22884,NUMBER TILE VINTAGE FONT 5,102,199.9,38,3.026842105263158
90144,SILVER DROP EARRINGS WITH FLOWER,53,199.45,33,3.7712121212121215
79403,FROSTED WHITE BASE,216,199.01999999999998,36,1.1430555555555555
90000A,RASPBERRY ANT COPPER FLOWER NECKLAC,33,198.98000000000002,21,6.049047619047619
84985B,SET OF 72 BLACK PAPER DOILIES,129,197.94,25,1.8244
22330,72 ROUND PINK DOILIES,128,197.89999999999998,22,1.87
84855,BLOKEY SILVER TOOL SET,36,196.70000000000002,15,5.875
47504F,ENGLISH ROSE TORCH,527,196.46,14,1.6721428571428572
22849,"BREAD BIN, DINER STYLE, MINT",13,196.35,4,15.45
22883,NUMBER TILE VINTAGE FONT 4,101,195.69,33,3.322121212121212
90029,NEW BAROQUE SMALL NECKLACE BLACK,23,195.14,12,8.47
22326,"ROUND SNACK BOXES ,SET4, WOODLAND",66,194.70000000000002,3,2.9500000000000006
23697,A PRETTY THANK YOU CARD,456,194.58,35,0.5208333333333334
22289,HANGING METAL CHICKEN DECORATION,148,193.52,34,1.4934285714285713
21582,KINGS CHOICE SMALL TUBE MATCHES,117,193.05,16,1.65
22885,NUMBER TILE VINTAGE FONT 6,104,192.89999999999998,34,3.027647058823529
35819B,"ACRYLIC HANGING JEWEL,BLUE",385,192.3,32,0.712
90036F,"FLOWER GLASS GARLD NECKL36""TURQUOIS",24,192.17000000000002,15,8.041333333333334
84899F,YELLOW PURPLE DAISY FELT PURSE KIT,121,192.17,53,1.899811320754717
90003C,MIDNIGHT BLUE PAIR HEART HAIR SLIDE,51,191.54,35,3.758857142857143
90178B,PURPLE CHUNKY GLASS+BEAD NECKLACE,16,191.41,11,11.969090909090909
47518F,ICON PLACEMAT POP ART ELVIS,912,190.89000000000001,43,1.2048837209302325
72051S,BAG OF SILVER STONES,300,190.89,54,0.6721818181818182
22841,"CAKE TIN, ROUND, VINTAGE MINT,IVORY",27,190.65,4,7.45
37506,NEW ENGLAND MILK JUG W GIFT BOX,32,190.4,26,5.950000000000001
84255B,ORANGE COCKTAIL GLASS LAMP,65,190.16,18,4.4911111111111115
84661C,PINK SQUARE TABLE CLOCK,152,189.87,27,3.0051851851851854
84926C,FAIRY CAKES TILE COASTER,138,189.6,31,1.7590322580645161
23229,DONKEY TAIL GAME,54,189.54000000000002,4,3.66
84803A,PINK ALLIUM  ARTIFICIAL FLOWER,112,189.28,17,1.69
84510C,SET OF 4 POLKADOTS COASTERS,132,189.1,48,1.7210416666666666
85128,PLANTPOT SINGLE HOOK PISTACHIO,167,188.95000000000002,4,2.4125
84744,S/6 SEW ON CROCHET FLOWERS,149,188.77,31,1.3263636363636362
84706B,FAIRY CAKES TABLE CLOCK,20,188.73,9,10.03111111111111
90159,COTE D'AZURE NECKLACE,38,188.58,20,4.974
22510,DOORSTOP RUSSIAN DOLL GINGHAM,44,188.22,28,4.579285714285715
90130B,TURQ STONE/CRYSTAL EARRINGS,64,188.09,49,2.9373469387755105
20837,FRENCH FLORAL CUSHION COVER,165,188.07000000000002,18,1.1844444444444444
90094,NECKLACE+BRACELET SET FRUIT SALAD,74,187.62,38,2.5356410256410253
90210C,RED   ACRYLIC FACETED BANGLE,118,186.56,14,2.4185714285714286
84893,ANT WHITE IRON BASKET,33,186.35000000000002,15,5.883333333333334
84452,METAL RABBIT LADDER EASTER,198,186.16,44,1.1748888888888889
16053,POPART COL BALLPOINT PEN ASST,4313,185.73,10,0.174
84877A,PINK ROUND COMPACT MIRROR,74,185.66,17,3.401764705882353
20968,GREEN FLORAL FELTCRAFT SHOULDER BAG,43,185.11,19,4.749499999999999
23436,GIFT BAG LARGE VINTAGE CHRISTMAS,148,185.0,9,1.25
35911B,PINK/FLOWER RABBIT EGG WARMER,159,184.76,24,1.50125
23416,CHAMBRE HOOK,132,184.68,25,1.7564
20957,PORCELAIN HANGING BELL SMALL,126,184.61,15,1.5773333333333333
35838A,S/6 MULTICOLOUR ORNAMENETAL CANDLE,180,184.4,20,1.175
84029D,LEOPARD PRINT HOT WATER BOTTLE,51,183.98,15,4.223333333333334
90125A,PINK BERTIE GLASS BEAD BAG CHARM,149,183.97,18,2.0233333333333334
90129F,RED GLASS TASSLE BAG CHARM,81,183.26,41,2.1609756097560973
21530,DAIRY MAID CERAMIC TOASTRACK,59,183.06,19,3.4005
90086,CRYSTAL FROG PHONE CHARM,216,182.79,46,1.4219565217391303
21018,BIRD BOX CHRISTMAS TREE DECORATION,213,182.71,42,0.8877272727272728
17090A,LAVENDER INCENSE 40 CONES IN TIN,173,182.65,26,1.2038461538461538
20796,SMALL BLUE PROVENCAL CERAMIC BALL,99,182.16,22,2.3495454545454546
22344,PARTY PIZZA DISH PINK RETROSPOT,185,181.54999999999998,24,1.01875
37379B,BLUE CHERRY BLOSSOM CUP & SAUCER,1122,181.5,3,0.8833333333333333
22545,MINI JIGSAW BUNNIES AT HOME,432,181.44,9,0.42
90214S,"LETTER ""S"" BLING KEY RING",184,181.34,86,1.036279069767442
79144B,PAINTED LIGHTBULB STAR+ MOON,350,181.03,91,0.6481521739130435
90065A,WHITE VINTAGE CRYSTAL BRACELET,26,180.46,16,7.0600000000000005
16043,POP ART PUSH DOWN RUBBER,2145,180.3,13,0.31846153846153846
22871,NUMBER TILE COTTAGE GARDEN 3,71,180.19,28,3.36
79144C,PAINTED LIGHTBULB RAINBOW DESIGN,306,180.14,97,0.7314432989690722
35818B,"ACRYLIC JEWEL ICICLE, BLUE",408,180.05,11,1.1527272727272726
22384,LUNCHBAG PINK RETROSPOT,108,179.91,14,1.772142857142857
47347B,BLUE FLOWER T-LIGHT HOLDER,240,179.88,11,1.64
90180B,PURPLE AMETHYST NECKLACE W TASSEL,18,179.88,14,10.005714285714285
84962,SET/3 COLOUR PAINTED KASHMIRI STOOL,3,179.85000000000002,2,59.95
21310,CAPIZ CHANDELIER,6,179.7,4,29.95
17011A,ORIGAMI VANILLA INCENSE+FLOWER,261,179.56,12,2.7708333333333335
84464,S/60 PINK FLUFFY CHICKS IN BOX,82,179.1,11,2.4954545454545456
85123A,CREAM HANGING HEART T-LIGHT HOLDER,61,178.51,9,3.536666666666667
90063A,WHITE VINT ART DECO CRYSTAL NECKLAC,21,178.48,13,8.49846153846154
22345,PARTY PIZZA DISH BLUE RETROSPOT,206,178.34,28,0.9657142857142856
23126,DOLLCRAFT GIRL AMELIE,36,178.2,8,4.95
90013D,PURPLE VINTAGE EARRINGS,46,178.11,17,3.998823529411765
90000B,MIDNIGHT BLUE COPPER FLOWER NECKLAC,29,177.29000000000002,21,6.135714285714285
22839,"CAKE TIN, 3 TIER MINT/IVORY",13,176.75,4,14.399999999999999
21031,SPACE CADET BLACK,144,176.7,39,1.294102564102564
90072,RUBY DROP CHANDELIER EARRINGS,44,176.31,30,4.110666666666667
82607C,GLASS BONBON JAR. SUPERFINES,115,175.60999999999999,43,1.901627906976744
84564,6 SEGMENT COLOURED SNACK BOWL,21,175.48000000000002,11,8.725454545454546
84967A,PINK KASHMIRI OCCASIONAL TABLE,3,174.9,3,58.300000000000004
75011,BLUE DAISY MOBILE,181,172.51,15,1.3900000000000001
90123D,WHITE HEART OF GLASS BRACELET,29,172.39,14,5.938571428571429
47593A,CAROUSEL DESIGN BABY BIB,165,171.91,54,0.9844444444444443
85185C,COW  SOCK PUPPET,58,171.1,27,2.95
21461,BLUE EASTER EGG HUNT START POST,82,171.04,23,2.336086956521739
84706C,PINK FLOCK TABLE CLOCK,84,170.8,4,3.6999999999999997
90063B,BLACK VINT ART DEC CRYSTAL NECKLACE,20,170.17000000000002,14,8.512142857142857
17014A,ORIGAMI VANILLA INCENSE CONES,276,170.13,16,1.66
84531A,PINK KNITTED EGG COSY,191,169.35999999999999,45,1.294468085106383
90166,PINK & WHITE ROSEBUD RING,40,168.94,31,4.216451612903226
90019B,GOLD M.O.P ORBIT BRACELET,32,168.62,28,5.3149999999999995
90204,PAIR OF ENAMEL BUTTERFLY HAIRCLIP,50,168.46,37,3.373513513513514
85205A,IVORY FELT EASTER RABBIT GARLAND,66,168.3,21,2.55
90186B,CRYSTAL HOOP EARRING FLORAL LEAF,57,168.26,31,2.95
21087,SET/6 POSIES PAPER CUPS,260,168.08,32,0.7493939393939394
35916C,PINK FELT HANGING HEART W FLOWER,157,167.55,42,1.220952380952381
37491C,GREEN/BLUE CERAMIC CANDLE HOLDER,58,167.52,10,2.163
82587,TEXRIO TOMATOES CANDLE+CUP,128,166.78,40,1.4558536585365853
90211A,DIAMOND LAS VEGAS NECKLACE 45CM,28,166.57000000000002,21,5.955714285714286
84231,EASTER BUNNY WITH BASKET ON BACK,230,166.21,50,0.8629411764705882
90060F,FIRE POLISHED GLASS NECKL GREEN,28,166.14000000000001,18,5.924444444444444
84951A,S/4 PISTACHIO LOVEBIRD COASTERS,106,166.1,24,1.9474999999999998
GIFT_0001_40,Dotcomgiftshop Gift Voucher £40.00,5,166.09,5,33.218
90214L,"LETTER ""L"" BLING KEY RING",176,166.06,68,1.0161764705882352
90003B,ROSE COLOUR PAIR HEART HAIR SLIDES,44,165.81,25,3.7780769230769233
21394,RED SPOTTY BEAKER,85,165.75,16,1.95
10123G,ARMY CAMO WRAPPING TAPE,2251,165.55999999999997,16,0.8205882352941177
90093,CLEAR CRYSTAL STAR PHONE CHARM,209,165.34,25,1.0844
84984D,ORIENTAL RED C/COVER,27,165.11,11,7.966363636363636
23694,PAISLEY PARK CARD,376,165.08,41,0.5885365853658536
90018B,GOLD M.O.P ORBIT DROP EARRINGS,39,164.62,31,4.22
84531B,BLUE KNITTED EGG COSY,194,164.01,42,1.1726190476190477
85024C,PINK SMALL JEWELLED PHOTOFRAME,99,163.35,42,1.65
22874,NUMBER TILE COTTAGE GARDEN 6,70,162.82,26,2.844074074074074
16202E,BLACK PHOTO ALBUM,82,162.73,14,3.395
90039D,FIRE POLISHED GLASS BRACELET GREEN,43,162.66,24,3.79625
90214C,"LETTER ""C"" BLING KEY RING",165,162.53,69,1.0227536231884058
90162B,ANT SILVER LIME GREEN BOUDICCA RING,55,162.25,20,2.95
20693,FLORAL DINOSAUR GREEN,33,161.89000000000001,18,5.207777777777778
90190C,SILVER/AMETHYST DROP EARRINGS LEAF,55,161.82,36,2.9380555555555556
90129D,AMBER GLASS TASSLE BAG CHARM,67,161.57,34,2.151764705882353
90214J,"LETTER ""J"" BLING KEY RING",157,161.47,88,1.054318181818182
90042A,FRESHWATER PEARL BRACELET GOLD,63,160.79,33,2.554242424242424
90123C,GREEN HEART OF GLASS BRACELET,27,160.75,12,5.958333333333333
21353,SILVER SLEIGHBELL  WREATH,19,160.45,9,8.994444444444445
84599,CANDY STRIPE ROSE FLOOR CUSHION,15,160.15,6,12.04
37479P,CUBIC MUG FLOCK PINK ON BROWN,170,160.08,34,2.251714285714286
23305,SET 4 PICNIC CUTLERY BLUEBERRY,82,159.9,9,1.9500000000000002
23545,WRAP RED DOILEY,380,159.6,16,0.42
22645,CERAMIC HEART CAKE MONEY BANK,120,159.6,5,1.41
37379A,PINK CHERRY BLOSSOM CUP & SAUCER,41,159.2,16,7.996874999999999
16054,POPART RECT PENCIL SHARPENER ASST,1210,159.0,39,0.17384615384615382
85166A,WHITE METAL BAROQUE PHOTO FRAME,77,158.9,12,4.676666666666667
90048,GREEN WITH METAL BAG CHARM,31,158.89000000000001,8,5.63
22864,MUG AND COASTER SET RED CIRCLES,378,158.76,2,0.42
90214K,"LETTER ""K"" BLING KEY RING",154,158.4,83,1.1232530120481927
16012,FOOD/DRINK SPUNGE STICKERS,759,158.19,20,0.20749999999999996
48175,DOOR MAT CAMOUFLAGE,39,158.04,2,5.02
22853,ENAMEL CAT BOWL CREAM,52,157.8,3,3.15
84927A,WAKE UP COCKEREL TILE HOOK,226,157.61,33,2.222727272727273
21489,BLUE WHITE SCARF HOT WATER BOTTLE,28,157.6,14,5.964285714285714
16156L,WRAP CAROUSEL,375,157.5,14,0.42
23417,BATHROOM HOOK,146,157.5,27,1.5964285714285713
90059A,DIAMANTE HAIR GRIP PACK/2 CRYSTAL,94,156.98,48,1.6727083333333332
22868,NUMBER TILE COTTAGE GARDEN 0,67,156.97,24,3.046666666666667
22886,NUMBER TILE VINTAGE FONT 7,90,156.8,28,2.9442857142857144
23468,TUSCAN VILLA BIRD TABLE,19,156.75,11,8.25
72140E,BEST DAD CANDLE LETTERS,218,156.72,29,0.8927586206896552
17178,FLAT PALM T-LIGHT HOLDER,133,156.65,24,1.234
46138B,BLUE CHENILLE SHAGGY CUSHION COVER,71,156.29,25,2.678
84914A,PINK ROSE PICNIC RUG,6,155.7,5,25.95
90183A,AMBER DROP EARRINGS W LONG BEADS,53,155.65,31,2.9306451612903226
20664,TROPICAL HOLIDAY PURSE,57,155.41,31,2.712903225806452
22875,NUMBER TILE COTTAGE GARDEN 7,66,154.94,27,2.8411111111111107
90065B,BLACK VINT ART DEC CRYSTAL BRACELET,22,154.87,16,7.0025
90123B,TURQUOISE HEART OF GLASS BRACELET,26,154.69,13,5.94923076923077
22587,"FELTCRAFT HAIRBAND, S/2, RED/BLUE",204,154.68,6,0.8283333333333333
23496,PANTRY KITCHEN THERMOMETER,112,154.52,31,1.562258064516129
22877,NUMBER TILE COTTAGE GARDEN 9,69,154.32999999999998,23,2.61695652173913
23196,RETRO LEAVES MAGNETIC NOTEPAD,105,154.08999999999997,19,1.5376190476190477
37342,SPOTTY COFFEE CUP & SAUCER,40,153.78,14,4.660000000000001
47369B,BLUE GREEN EMBROIDERY COSMETIC BAG,54,153.18,29,3.187241379310345
84510E,SET OF 4 GREEN CAROUSEL COASTERS,162,152.85999999999999,34,1.9344117647058823
79192A,RETRO PLASTIC 70'S TRAY,114,152.64,35,1.4317142857142857
84622,PINK GINGHAM ROSE CUSHION COVER,23,152.6,9,7.699999999999999
23484,HEART TRELLISTRIPLE T-LIGHT HOLDER,56,152.24,5,2.81
22873,NUMBER TILE COTTAGE GARDEN 5,63,151.35,28,2.9678571428571425
90030C,BROWN KUKUI COCONUT SEED NECKLACE,87,151.3,16,3.4718750000000003
22536,MAGIC DRAWING SLATE FIDO,360,151.2,8,0.42
20952,PORCELAIN CHERUB BELL SMALL,329,150.72,24,0.6812499999999999
17107D,FLOWER FAIRY 5 DRAWER LINERS,59,150.45,20,2.55
79161A,ST GEORGE SET OF 10 PARTY LIGHTS,51,150.45,16,2.95
90042C,FRESHWATER PEARL BRACELET IVORY,59,150.21,26,2.5430769230769235
84228,HEN HOUSE W CHICK STANDING,340,150.19,43,0.6430232558139535
23256,KIDS CUTLERY SPACEBOY,36,149.4,8,4.15
23254,KIDS CUTLERY DOLLY GIRL,36,149.4,8,4.15
17108D,FLOWER FAIRY SUMMER BOUQUET SACHET,355,149.1,23,0.42
90040D,MURANO STYLE GLASS BRACELET PINK,41,148.87,25,3.7148000000000003
23465,TUSCAN VILLA BIRD FEEDER,17,148.63,9,9.181111111111111
71496A,A4 WALL TIDY BLUE OFFICE,244,148.01000000000002,17,1.0505882352941176
35980C,REDWHITE STRIPE SCANDINAVIAN HEART,377,147.64,29,0.4555172413793103
84720,DOT MATRIX CANVAS ART PICTURE,35,147.05,3,6.883333333333333
90040C,MURANO STYLE GLASS BRACELET GOLD,41,146.75,21,3.643809523809524
84527,FLAMES SUNGLASSES PINK LENSES,77,146.10999999999999,22,2.1160869565217393
23292,SPACE BOY CHILDRENS CUP,131,145.76,6,1.4183333333333332
35610B,BLACK CHRISTMAS FLOCK DROPLET,179,144.07,13,1.1314285714285715
90016C,SILVER/BLACK PENDANT ORBIT NECKLACE,17,144.07,14,8.47
79191D,RETRO PLASTIC DAISY TRAY,138,143.87,56,1.2092857142857143
90036B,"FLOWER GLASS GARLAND NECKL.36""GREEN",18,143.1,10,7.95
22876,NUMBER TILE COTTAGE GARDEN 8,62,143.02,21,3.0033333333333334
22887,NUMBER TILE VINTAGE FONT 8,84,143.0,27,2.9840740740740737
10120,DOGGY RUBBER,664,142.74,73,0.24013698630136987
84874B,BLUE TRAVEL FIRST AID KIT,86,141.76,36,1.6462162162162162
90202D,PINK ENAMEL FLOWER HAIR TIE,48,141.49,24,2.94375
72740A,LARGE STRAWBERRY CHOCOLATE CANDLE,65,141.23,12,3.8616666666666664
47369A,PINK GREEN EMBROIDERY COSMETIC BAG,48,140.4,25,3.0524
84617,NEW BAROQUE BLACK BOXES,11,140.25,7,12.75
84765,SILVER ROCOCO CANDELABRA,9,140.23,6,16.996666666666666
90212B,JET BLACK LAS VEGAS BRACELET ROUND,37,140.07,28,3.7971428571428567
78026,SEAGRASS S/3 SQU LAUNDRY BOX,12,139.95,2,19.975
90214M,"LETTER ""M"" BLING KEY RING",138,139.82,64,1.09015625
23306,SET OF 36 PANTRY PAPER DOILIES,67,139.78,33,2.3147058823529414
22869,"NUMBER TILE COTTAGE GARDEN, 1",67,139.69,11,2.7718181818181815
23091,METAL HERB GERDEN CONTAINER,24,139.68,5,6.078
90022,EDWARDIAN DROP EARRINGS JET BLACK,37,139.67,32,3.77875
47592A,CAROUSEL CHILDRENS OVERALL,74,139.56,27,1.7251851851851852
90199A,5 STRAND GLASS NECKLACE BLACK,22,139.5,16,6.3374999999999995
23463,VINTAGE ZINC WATERING CAN,13,139.39999999999998,8,11.206249999999999
90214E,"LETTER ""E"" BLING KEY RING",142,139.28,67,1.0738805970149254
90199D,5 STRAND GLASS NECKLACE AMBER,22,139.28,16,6.3237499999999995
22195,HEART MEASURING SPOONS LARGE,84,138.6,5,1.65
23304,SET 4 PICNIC CUTLERY CHERRY,71,138.45,9,1.9500000000000002
72754B,F FAIRY POTPOURRI CUSHIONS LAVENDER,170,137.54,8,1.17
35816P,"ACRYLIC JEWEL ANGEL,PINK",297,137.43,9,1.1433333333333333
90156,RESIN BRACELET W PASTEL BEADS,25,137.37,14,5.922857142857143
84549,CROCHET WHITE RABBIT KEYRING,75,137.27,16,2.368125
47593A,CAROUSEL PONIES BABY BIB,139,137.27,44,0.9230434782608696
S,SAMPLES,3,136.85,3,45.61666666666667
84709A,SILVER OVAL JEWELLED MIRROR,23,136.85,13,5.95
37330,BIG POLKADOT MUG,80,136.76,7,2.3299999999999996
35824P,"HANGING FLOWERS+MIRROR,PINK",324,136.44,3,0.75
90151,SILVER/NATURAL SHELL NECKLACE,16,136.17000000000002,9,8.518888888888888
90024E,NEW BAROQUE B'FLY NECKLACE MONTANA,16,135.98,11,8.498181818181818
21004,ROSE DU SUD CHILDRENS APRON,31,135.93,18,4.482222222222223
90194,SILVER LARIAT BLACK STONE EARRINGS,32,135.84,21,4.242380952380953
90038A,GLASS AND PAINTED BEADS BRACELET TO,36,135.8,22,3.786363636363636
90177D,DROP DIAMANTE EARRINGS PURPLE,46,135.76,25,2.9524
17011D,ORIGAMI ROSE INCENSE+FLOWER,209,135.7,4,1.8375
77079,DOLPHIN WINDMILL,64,135.68,12,2.12
90208,PAIR OF PINK FLOWER CLUSTER SLIDE,54,135.24,38,2.498684210526316
90002A,FLOWER BURST SILVER RING OPAL,36,135.0,14,3.75
72134,COLUMBIAN  CUBE CANDLE,339,134.85,29,0.8983333333333333
16020C,CLEAR STATIONERY BOX SET,160,134.5,39,0.843
35015,JACOBS LADDER SMALL,2072,134.08,39,0.09128205128205129
22241,"GARLAND , WOODEN  "" HAPPY EASTER""",105,133.89,11,1.49
84555A,YELLOW VW BEETLE CERAMIC MONEY BOX,47,133.85,16,2.926470588235294
35609A,PINK FEATHER CHRISTMAS DECORATION,447,133.23,24,0.8216666666666667
46137D,GREEN CHENILLE SHAGGY RUG,45,132.75,4,2.95
90190B,GOLD/AMBER DROP EARRINGS W LEAF,45,132.57999999999998,15,2.938
90137,PINK COMBO MINI CRYSTALS NECKLACE,26,132.52,15,5.204666666666667
45013,FOLDING SHOE TIDY,48,132.0,8,2.9000000000000004
23066,SMALL JEWELLERY STAND,16,132.0,6,8.25
23081,GREEN METAL BOX TOP SECRET,16,132.0,4,8.25
90023,FILIGREE DIAMANTE EARRINGS,31,131.74,21,4.24952380952381
90165B,WHITE ROSEBUD  PEARL EARRINGS,52,131.65,35,2.5237142857142856
35933,PINK STOCKING CHRISTMAS DECORATION,319,131.38,28,0.6982142857142858
90101,WHITE FRANGIPANI NECKLACE,52,131.16,29,2.5248275862068965
84656,WHITE ROSE C/COVER,22,130.9,13,5.950000000000001
22888,NUMBER TILE VINTAGE FONT 9,79,130.82999999999998,23,3.058695652173913
16119,FUNKY GIRL ADDRESS BOOK,273,130.71,8,1.0325
84559D,3D SHEET OF SEA WORLD STICKERS,149,130.09,32,0.93125
84925E,FLOWERS WALL THERMOMETER,75,130.05,3,2.2666666666666666
20899,VINTAGE NOTEBOOK RED ROSE,44,129.8,12,2.95
90099,NECKLACE+BRACELET SET BLUE HIBISCUS,42,129.69,25,3.2527999999999997
90190A,SILVER/CRYSTAL DROP EARRINGS W LEAF,44,129.59,31,2.944516129032258
10080,GROOVY CACTUS INFLATABLE,315,129.29,27,0.505
84858A,NATURAL RIVIERA HANDBAG,53,128.83,8,6.135
90181A,AMBER GLASS/SHELL/PEARL NECKLACE,14,128.64,14,9.188571428571427
22848,"BREAD BIN, DINER STYLE, PINK",8,127.6,3,16.28333333333333
84251G,"GREETING CARD, OVERCROWDED POOL.",472,127.55999999999999,91,0.45175824175824175
90024D,NEW BAROQUE B'FLY NECKLACE PINK,15,127.5,13,8.5
84782B,BLACK 3 TIER GLASS PLATE STAND,10,127.5,6,12.75
85018C,S/6 PAPER BOXES CURIOUS IMAGES,36,127.2,4,4.035
16168S,FUNKY MONKEY GIFT BAG SMALL,1283,126.83,11,0.31363636363636366
23303,SET 4 PICNIC CUTLERY FONDANT,65,126.75,6,1.95
23020,GLASS SONGBIRD STORAGE JAR,11,126.7,3,12.049999999999999
84367,LA STREGA CANVAS PICTURE,74,126.30000000000001,8,2.175
82607E,GLASS BONBON JAR. D'AMANDES,101,126.25,25,1.25
GIFT_0001_10,Dotcomgiftshop Gift Voucher £10.00,15,126.21,14,8.42
90174,BUTTERFLY HAIR BAND,50,126.12,32,2.5178125
90108,BLUE BLOSSOM HAIR CLIP,109,125.83,21,1.591904761904762
23578,SNACK TRAY RED GINGHAM,60,125.72,14,2.417142857142857
90138,WHITE/PINK MINI CRYSTALS NECKLACE,24,125.64,17,5.319411764705883
47592B,SCOTTIES DESIGN CHILD'S OVERALL,64,125.6,28,1.9271428571428573
23065,LARGE JEWELLERY STAND,10,125.0,4,12.5
84614A,PINK BAROQUE FLOCK CANDLE HOLDER,17,124.83,10,7.726000000000001
90002C,FLOWER BURST SILVER RING MIDN'T BLU,33,124.38,19,3.783157894736842
22359,"GLASS JAR, KINGS CHOICE SOAP",42,123.9,8,2.95
90162C,ANT SILVER FUSCHIA BOUDICCA RING,42,123.9,16,2.95
85185B,PINK HORSE SOCK PUPPET KIT,42,123.9,14,2.95
90168,2 DAISIES HAIR COMB,42,123.75999999999999,24,2.9425000000000003
17191A,ROSE FLOWER CANDLE+INCENSE 16X16CM,33,123.75,12,3.75
22850,BREAD BIN DINER STYLE BLACK,8,123.6,1,15.95
20816,GOLD FLOWER CUSHION COVER,24,123.6,7,5.378571428571428
23477,WOODLAND LARGE BLUE FELT HEART,92,123.47,13,1.7153846153846155
23454,SET OF 3 MINI HANGING PORTRAITS,32,123.2,2,3.95
23457,LARGE PARLOUR FRAME,27,122.85,2,4.725
72133,COLUMBIAN CANDLE RECTANGLE,109,122.63,31,1.3336363636363635
22832,SWEETHEART WIRE WALL TIDY,12,122.6,3,10.483333333333333
21228,"POCKET MIRROR ""GLAMOROUS""",97,122.57,31,1.29125
85190,PINK FLOWER HANGING HEART,138,122.46,17,1.153529411764706
79308B,MOSAIC CANDLE DISH BLUE PURPLE,144,122.4,2,0.85
90205C,LARGE CRYSTAL DIAMANTE HAIRSLIDE,78,122.31,24,1.6591666666666667
44242B,PINK FEATHERS CURTAIN,109,121.53,9,1.1477777777777778
79532,MOSAIC GLASS BALL CANDLEHOLDER,97,121.25,18,1.25
84199,GLOW IN DARK DOLPHINS,554,121.08,69,0.22138888888888889
22535,MAGIC SLATE BUNNIES AT HOME,288,120.96000000000001,6,0.42
22534,MAGIC SLATE SPACEBOY,288,120.96000000000001,6,0.42
22536,MAGIC SLATE FIDO,288,120.96000000000001,6,0.42
90003E,GREEN PAIR HEART HAIR SLIDES,32,120.31,22,3.766818181818182
84705B,FAIRY CAKES PHOTO FRAME,86,120.13,5,3.776
23467,VINTAGE ZINC PLANTER,32,120.08,11,4.366363636363636
84509F,NEW ENGLAND PLACEMATS,32,120.0,10,3.75
23438,GIFT BAG LARGE SPOT,96,120.0,6,1.25
23209,LUNCH BAG VINTAGE DOILEY,71,119.63,5,2.146
84886,BLUE METAL WALL SHELF,12,119.39999999999999,9,9.95
84867A,PINK BABY GIRLS PHOTO ALBUM,17,119.39000000000001,5,9.398
84288B,SET/2 BLUE  NOODLE BASKETS,61,118.95,24,1.95
23359,SET OF 12 T-LIGHTS VINTAGE DOILEY,61,118.94999999999999,6,1.95
23280,FOLDING MIRROR HOT PINK,156,118.92000000000002,5,0.808
22972,CHILDRENS SPACEBOY MUG,72,118.80000000000001,5,1.65
90018C,SILVER BLACK ORBIT DROP EARRINGS,28,118.51,20,4.226000000000001
35607A,PINK FLUFFY CHRISTMAS DECORATION,554,118.42999999999999,31,0.33129032258064517
20887,BOX OF 6 PEBBLE CANDLES,18,118.39,8,5.615
90139,FLOWER BROOCH 4 ASSORTED COLOURS,23,118.24000000000001,18,5.152222222222223
22877,"NUMBER TILE COTTAGE GARDEN, 9",59,117.30999999999999,5,2.402
35824C,"HANGING FLOWERS+MIRROR,CLEAR",235,117.05,8,0.935
22879,NUMBER TILE VINTAGE FONT 0,74,117.04,20,3.023
23244,STORAGE TIN VINTAGE LEAF,60,117.0,7,1.95
72038P,PRICE'S CANDLE PEACH,1050,116.5,9,0.15222222222222223
16206B,RED PURSE WITH PINK HEART,96,116.4,16,1.23125
84751B,BLACK MEDIUM GLASS CAKE STAND,38,115.86,19,3.0100000000000002
20896,VINTAGE NOTEBOOK PINK FLOWER,39,115.05,14,2.95
20848,ZINC HEART LATTICE CHARGER SMALL,39,115.05,12,2.9500000000000006
84462,3 PINK HEN+CHICKS IN BASKET,100,114.86,14,1.3264285714285715
23185,FRENCH STYLE STORAGE JAR JAM,317,114.85,30,0.3516129032258064
20698,LITTLE PINK MONSTER SOFT TOY,47,114.44999999999999,21,2.509090909090909
23151,ZINC SWEETHEART SOAP DISH,61,114.33000000000001,21,2.2395238095238095
90049,IVORY GOLD METAL BAG CHARM,20,114.24,6,7.489999999999999
23535,WALL ART BICYCLE SAFTEY,21,114.15,3,5.75
90030A,SPOTTED WHITE NATURAL SEED NECKLACE,79,113.76,10,2.496
22875,"NUMBER TILE COTTAGE GARDEN, 7",57,113.41,3,2.703333333333333
22870,"NUMBER TILE COTTAGE GARDEN, 2",57,113.40999999999998,3,2.703333333333333
22868,"NUMBER TILE COTTAGE GARDEN, 0",57,113.40999999999998,3,2.703333333333333
84249A,"GREETING CARD,SQUARE, DOUGHNUTS",252,113.22,34,0.6129411764705882
90179C,BLACK FINE BEAD NECKLACE W TASSEL,19,112.78,16,5.933125
21089,SET/6 GREEN SPRING PAPER CUPS,323,112.53999999999999,40,0.49725
44236,PINK/PURPLE CIRCLE CURTAIN,64,112.32000000000001,12,2.868461538461539
71510,SQUARE METAL CANDLEHOLDER BASE,177,112.05,17,0.7935294117647059
35916A,YELLOW FELT HANGING HEART W FLOWER,129,112.03999999999999,44,1.0156818181818181
71495B,CD WALL TIDY RED FLOWERS,294,111.57000000000001,18,0.5449999999999999
35966,FOLKART CHRISTMAS TREE T-LIGHT HOLD,255,111.33999999999999,26,0.6815384615384615
10138,ASSORTED COLOUR JUMBO PEN,261,111.22,21,0.4776190476190476
22873,"NUMBER TILE COTTAGE GARDEN, 5",57,111.14999999999999,3,1.95
84493,BLUE/PINK NEST STRIPE BOX,1142,111.12,5,1.5619999999999998
90103,PURPLE FRANGIPANI NECKLACE,44,110.85,30,2.521333333333333
82069,BEECH WOOD P/FRAME,17,109.85,11,6.275454545454545
22872,"NUMBER TILE COTTAGE GARDEN, 4",56,109.19999999999999,2,1.95
22874,"NUMBER TILE COTTAGE GARDEN, 6",56,109.19999999999999,2,1.95
22871,"NUMBER TILE COTTAGE GARDEN, 3",56,109.19999999999999,2,1.95
22876,"NUMBER TILE COTTAGE GARDEN, 8",56,109.19999999999999,2,1.95
85185F,LION SOCK PUPPET,37,109.15,19,2.95
84247H,PACK/12 DECOUPAGE CARD,42,109.13,20,2.317
90177C,DROP DIAMANTE EARRINGS CRYSTAL,37,109.03,24,2.9458333333333333
90071,RUBY GLASS CLUSTER EARRINGS,87,108.99,73,1.253013698630137
20667,CHERRY BLOSSOM PURSE,40,108.69,24,2.6437500000000003
90104,PURPLE FRANGIPANI HAIRCLIP,129,108.11,49,0.8342
23041,PAPER LANTERN 6 POINT SNOW STAR,26,107.9,6,4.15
72753C,S/3 FLWR FAIRY ROSE CANDLES,43,107.68,6,4.021666666666667
90118,PINK DAISY BAG CHARM,42,107.39,29,2.576206896551724
35840,FLAT GLASS  BAUBLE WHITE FLOCK,45,107.13,11,3.7590909090909093
23626,SET 10 CARDS DINKY TREE 17076,43,107.07,16,2.49
23455,SMALL PARLOUR FRAME,42,106.98,2,2.6900000000000004
90059D,DIAMANTE HAIR GRIP PACK/2 PERIDOT,64,106.74,40,1.67575
84562B,BLUE/WHITE RIBBED MELAMINE JUG,10,106.59,7,10.530000000000001
48103,DOORMAT KISS MY.......,22,106.58,2,6.035
35096B,RED VICTORIAN FABRIC HEART BOX,293,106.49000000000001,25,0.46759999999999996
90165A,PINK ROSEBUD PEARL EARRINGS,42,106.49,27,2.524074074074074
22445,PENCIL CASE GINGHAM FOREST,36,106.2,4,2.95
90051,CRACKED GLAZE NECKLACE RED,15,105.72,11,7.0590909090909095
35610A,PINK CHRISTMAS FLOCK DROPLET,143,105.43,12,1.5366666666666664
84458,S/3 RABBIT FLOWER/EGG/CARROT ROPE,124,105.39999999999999,20,0.85
22433,WATERING CAN PINK BUNNY,54,105.3,5,1.95
17090D,VANILLA INCENSE 40 CONES IN TIN,88,105.2,28,1.2366666666666668
23574,PACKING CHARGE,14,105.0,14,7.5
16169D,WRAP WINTER FOREST,250,105.0,9,0.42
90141A,GREEN PENDANT TRIPLE SHELL NECKLACE,20,104.95,17,5.300000000000001
90079,VINTAGE ENAMEL & CRYSTAL NECKLACE,21,104.77,13,5.006153846153846
21118,SHOPPING BAG DOORSTOP,69,104.25,7,2.5357142857142856
21337,SILVER WASHBAG,33,103.53,12,3.465
35910A,MULTICOLOUR EASTER RABBIT,53,103.35,13,1.9499999999999997
84679,CLASSICAL ROSE TABLE LAMP,14,103.3,4,8.95
35594,WOODEN CHRISTMAS TREE 3 HANGING,165,103.06,39,0.9984615384615384
84613A,PINK NEW BAROQUE FLOCK CANDLESTICK,22,102.3,10,4.65
90125C,TURQUOISE BERTIE GLASS BEAD CHARM,92,101.35,10,1.6649999999999998
72369A,PINK CLEAR GLASS CANDLE PLATE,67,101.28999999999999,14,1.7473333333333334
84921,CREAM AND PINK FLOWERS PONY,27,101.25,14,3.75
16248B,BLUE HOLE PUNCH,81,101.25,12,1.25
85050,FRENCH ENAMEL SOAP DISH WITH LID,48,100.8,1,2.1
72821,CUPID SCENTED CANDLE IN GLASS,61,100.65,14,1.65
75172,PAINTED SEA SHELL METAL WINDCHIME,97,100.31,11,2.1354545454545457
78027,SEAGRASS S/2 CORNER LAUNDRY,6,100.15,5,18.03
23611,SET 10 CARDS RED RIDING HOOD 17214,40,99.60000000000001,16,2.49
23464,VINTAGE ZINC WATERING CAN SMALL,18,99.2,8,6.2125
37471,MULTICOLOUR DOTS PLATE,692,99.02,6,4.694999999999999
23465,TUSCAN VILLA FEEDING STATION,12,99.0,7,8.25
23466,TUSCAN VILLA DOVECOTE,12,99.0,4,8.25
23191,BUNDLE OF 3 RETRO EXERCISE BOOKS,60,99.0,5,1.65
22736,"RIBBON REEL, MAKING SNOWMEN",60,99.0,5,1.65
21266,VINTAGE SILVER TINSEL REEL,23,98.9,9,4.3
90169,DAISY HAIR COMB,39,98.87,23,2.527391304347826
37471,MULTICOLOUR POLKADOT PLATE,713,98.83,4,2.1075
84575A,PINK DOG CANNISTER,24,98.8,13,5.334615384615385
22878,"NUMBER TILE COTTAGE GARDEN, No",45,98.71999999999998,5,2.944
90163B,WHITE ROSEBUD & PEARL NECKLACE,13,98.45,9,7.5744444444444445
84705D,CHERRY BLOSSOM PHOTO FRAME,22,97.9,14,4.386
90150,BLUE SHELL+SILVER NECKLACE,13,97.5,8,7.5
16161G,WRAP BAD HAIR DAY,975,97.5,33,0.1
90067A,PINK VINTAGE VICTORIAN EARRINGS,33,97.24,16,2.943125
20697,LITTLE GREEN MONSTER SOFT TOY,40,96.6,21,2.507142857142857
20861,GOLD COSMETIC BAG PINK STAR,46,96.6,16,2.1
84465,15 PINK FLUFFY CHICKS IN BOX,32,96.51,23,3.041739130434783
17084J,LOVE POTION MASALA INCENSE,456,95.76,20,0.21000000000000002
48103,DOOR MAT KISS MY.......,13,95.15,8,7.305
72606A,BROWN ANTIQUE CUBE CANDLE,226,94.92,18,0.42
21241,GREEN POLKADOT CUP,111,94.35,10,0.85
20622,VIP PASSPORT COVER,43,94.04,17,2.375294117647059
23402,HOME SWEEET HOME 3 PEG HANGER,25,93.75,4,3.75
90214R,"LETTER ""R"" BLING KEY RING",91,93.73,50,1.0916
22432,WATERING CAN GREEN DINOSAUR,48,93.6,6,1.95
90024C,NEW BAROQUE B'FLY NECKLACE GREEN,11,93.48,10,8.498000000000001
90026A,GLASS BEAD HOOP NECKLACE BLACK,11,93.47,9,8.496666666666666
90214G,"LETTER ""G"" BLING KEY RING",100,93.17999999999999,48,1.0266666666666666
81950B,FLOWER BLUE CLOCK W/SUCKER,100,93.1,26,1.1615384615384614
17084A,TRANQUILITY MASALA INCENSE,442,92.82,18,0.21
35913B,WHITE/PINK CHICK EASTER DECORATION,100,92.39,21,1.065217391304348
90075,MONTANA DIAMOND CLUSTER NECKLACE,10,92.17999999999999,8,9.2075
84753A,PINK EAU DE COLOGNE BOTTLE,97,92.16999999999999,24,1.1537499999999998
21343,GOLD JEWELERY BOX,20,92.0,3,8.283333333333333
90089,PINK CRYSTAL SKULL PHONE CHARM,104,91.89999999999999,26,1.2326923076923075
90202C,GREEN ENAMEL FLOWER HAIR TIE,31,91.46,25,2.9524
90177B,DROP DIAMANTE EARRINGS BLACK DIAMON,31,91.38,19,2.951578947368421
23075,DOUBLE CERAMIC PARLOUR HOOK,22,91.30000000000001,5,4.15
90112,PINK DOLLY HAIR CLIPS,84,91.25,20,1.108095238095238
84437A,S/6 PINK EASTER DECS IN BOX,106,90.94999999999999,18,0.8924999999999998
90202A,PURPLE ENAMEL FLOWER HAIR TIE,31,90.9,23,2.93
90214D,"LETTER ""D"" BLING KEY RING",100,90.82,50,1.0224
84539,KNITTED RABBIT DOLL,55,90.75,11,1.6499999999999997
81952V,ROUND PURPLE CLOCK W/SUCKER,99,90.52,22,1.2840909090909092
72783,BLACK SIL'T SQU CANDLE PLATE,43,90.3,9,2.1
71406C,BLACK ORANGE SQUEEZER,210,89.92,35,0.4691428571428571
84984C,ORIENTAL BLUE C/COVER,13,89.59,8,7.390000000000001
17013C,ORIGAMI LAVENDER INCENSE IN TUBE,213,89.46000000000001,2,0.42
79026B,"S/4 ICON COASTER,ELVIS LIVES",69,89.25,37,1.595945945945946
84968B,SET OF 16 VINTAGE IVORY CUTLERY,6,89.24,6,14.873333333333333
47598,NEW ENGLAND EGG WARMER,138,89.12,32,0.7571875
84388,WISE MAN STAR SHAPE EGG PAN,70,89.03999999999999,22,1.4856521739130435
20660,VIP LUGGAGE TAG,71,88.75,26,1.25
90162A,ANT SILVER TURQUOISE BOUDICCA RING,30,88.5,11,2.95
90059E,DIAMANTE HAIR GRIP PACK/2 RUBY,53,88.31,33,1.6712121212121211
35638A,PINK AND BLACK STRING CURTAIN,39,88.04999999999998,6,3.9499999999999997
71495A,CD WALL TIDY BLUE OFFICE,225,87.96000000000001,20,0.6395
84721,MANHATTAN CANVAS ART PICTURE,20,87.8,2,8.35
90092,BLUE CRYSTAL BOOT PHONE CHARM,102,87.50999999999999,10,0.9175
84891B,GREEN WIRE GOBLET CANDLEHOLDER,11,87.45,6,7.95
37462B,"PET MUG, BUDGIE",170,87.28,32,0.754375
20835,FRENCH LATTICE CUSHION COVER,80,87.02000000000001,10,2.87
35822B,"ACRYLIC BEAD CHAIN, BLUE",229,87.02,1,0.38
90088,CRYSTAL KEY+LOCK PHONE CHARM,101,86.69999999999999,14,0.9107142857142857
90039C,FIRE POLISHED GLASS BRACELET BLACK,23,86.65,12,3.783333333333333
23614,SET 10 CARDS 12 DAYS WRAP  17058,26,86.58,11,3.33
84424A,FOUR PICTURE WHITE GLASS FRAME,23,86.25,10,3.75
35271S,GOLD PRINT PAPER BAG,420,85.97,20,0.23399999999999999
90012B,BLACK DROP CRYSTAL NECKLACE,17,85.89999999999999,6,7.699999999999999
90162D,ANT SILVER PURPLE BOUDICCA RING,29,85.55,14,2.95
84454,WOBBLING METAL CHICKEN EASTER,93,85.53,18,1.075
90026D,GLASS BEAD HOOP NECKLACE AMETHYST,10,85.0,8,8.5
22844,"DOG FOOD CONTAINER , VINTAGE",10,85.0,3,8.5
35838B,S/6 SILVER ORNAMENETAL CANDLE,100,85.0,23,0.85
90001D,ANTIQUE OLIVE GREEN FLOWER EARRINGS,20,84.96000000000001,11,4.246363636363636
17027A,INCENSE BAZAAR CANNABIS,228,84.84,2,0.355
84251B,"GREETING CARD, STICKY GORDON",319,84.83999999999999,61,0.3998360655737705
79051A,SMOKEY GREY COLOUR GLASS,236,84.76,15,0.426
46775B,BERRIES CHUNKY KNITTED THROW,5,84.75,4,16.95
16051,TEATIME PENCIL W STAMP ASST,941,84.69,4,0.4325
23456,MEDIUM PARLOUR FRAME,22,84.1,2,3.95
84251F,"GREETING CARD, RITA",341,83.97,50,0.4414
90141C,TURQ PENDANT TRIPLE SHELL NECKLACE,16,83.69,13,5.295384615384616
22016,Dotcomgiftshop Gift Voucher £100.00,1,83.33,1,83.33
23442,12 HANGING EGGS HAND PAINTED,40,83.2,7,2.08
82605,OLD DOC.RUSSEL METAL SIGN,41,82.94,24,2.185
90176D,DIAMANTE NECKLACE PURPLE,11,82.81,7,7.5442857142857145
90002B,FLOWER BURST SILVER RING ROSE,22,82.74,11,3.771818181818182
90177E,DROP DIAMANTE EARRINGS GREEN,28,82.71,22,2.9545454545454546
90189A,SILVER 2 STRAND NECKLACE-LEAF CHARM,11,82.64,8,7.5175
90130A,WHITE STONE/CRYSTAL EARRINGS,28,82.50999999999999,16,2.944375
90069,RUBY GLASS CLUSTER NECKLACE,11,82.5,5,7.5
21699,SET 5 MINI CHOCOLATE FRIDGE MAGNETS,108,82.44,3,1.2266666666666666
84907,PINK/YELLOW PATCH CUSHION COVER,8,82.34,5,11.878
90183B,AMETHYST DROP EARRINGS W LONG BEADS,28,81.92999999999999,24,2.9304166666666664
22579,WOODEN TREE CHRISTMAS SCANDISPOT,96,81.6,3,0.85
22566,"FELTCRAFT HAIRBAND S/2, PINK/PURPLE",96,81.6,8,0.85
35610C,WHITE CHRISTMAS FLOCK DROPLET,94,81.56,8,1.46875
72779,SET/6 BLACK ROSE T-LIGHT CANDLES,48,81.12,15,1.69
16201B,PASTEL BLUE PHOTO ALBUM,34,81.1,5,2.838
90121B,VINTAGE ROSE BEAD BRACELET BLUE,19,80.75,9,4.25
22530,MAGIC SLATE DOLLY GIRL,192,80.64,4,0.42
22531,MAGIC SLATE CIRCUS PARADE,192,80.64,4,0.42
84596I,WRAP SWEETS LIGHT PINK SMALL BOWL,72,80.62,10,1.3472727272727274
17011E,ORIGAMI OPIUM SCENT INCENSE+FLOWER,124,80.6,1,0.65
22346,PARTY PIZZA DISH GREEN RETROSPOT,89,80.50999999999999,19,1.063157894736842
DCGS0069,OOH LA LA DOGS COLLAR,5,80.31,5,16.062
35265,COLOURFUL FLOWER FRUIT BOWL,21,80.0,16,3.453125
84415B,BLUE FLOCK CUSHION COVER,24,80.0,7,3.392857142857143
23370,SET 36 COLOUR PENCILS DOILEY,64,80.0,3,1.25
90059F,DIAMANTE HAIR GRIP PACK/2 LT ROSE,48,79.87,27,1.6688888888888886
90206A,GOLD DIAMANTE STAR BROOCH,16,79.6,12,4.983333333333333
90125B,AQUA BERTIE GLASS BEAD BAG CHARM,44,79.57,17,2.2058823529411766
84795E,RIO PINK STRIPE HAMMOCK,10,79.5,5,7.95
84548,CROCHET BEAR RED/BLUE  KEYRING,48,79.2,13,1.65
22649,STRAWBERRY CAKE TEAPOT,16,79.2,4,4.95
90038B,GLASS AND PAINTED BEADS BRACELET OL,21,79.19,13,3.7838461538461536
90064A,WHITE VINTAGE CRYSTAL EARRINGS,20,79.14,12,4.054166666666667
90039B,FIRE POLISHED GLASS BRACELET MONTAN,21,78.99,11,3.771818181818182
90064B,BLACK VINTAGE  CRYSTAL EARRINGS,21,78.75,12,3.75
22344,PARTY PIZZA DISH PINK WHITE SPOT,75,78.72999999999999,19,1.1973684210526316
35931,PINK STAR CHRISTMAS DECORATION,156,78.11999999999999,15,0.48466666666666663
84455,SET OF 3 RABBIT CARROTS EASTER,85,77.96,20,1.014
90214H,"LETTER ""H"" BLING KEY RING",83,77.71,53,0.9809433962264151
23497,CLASSIC CROME BICYCLE BELL,60,77.4,2,1.35
21450,DISTRESSED CANDLE STICK WHITE,13,77.35,3,5.95
90176C,DIAMANTE NECKLACE,10,77.0,6,7.833333333333333
21595,Dad's Cab Electronic Meter,9,76.95,9,8.55
84251C,"GREETING CARD, TWO SISTERS.",247,76.67999999999999,53,0.43830188679245285
84425A,WHITE GLASS TV TRIPLE FRAME,18,76.6,9,4.2555555555555555
90100,NECKLACE+BRACELET SET PINK DAISY,30,76.5,12,2.55
90214N,"LETTER ""N"" BLING KEY RING",78,76.4,43,1.048181818181818
90020,FILIGREE DIAMANTE CHAIN,6,76.23,4,12.682500000000001
35815P,"ACRYLIC JEWEL SNOWFLAKE, PINK",168,75.88,7,1.1171428571428572
90176A,CLASSIC DIAMANTE NECKLACE JET,10,75.88,7,7.581428571428572
22416,SET OF 36 SPACEBOY PAPER DOILIES,51,75.42,8,1.63375
62043B,BLUE CHECK BAG W HANDLE 34X20CM,54,75.16000000000001,10,1.2399999999999998
16161E,WRAP BOUDOIR,750,75.0,9,0.1
37399,"ASS RETROSPOOF MUGS,SPORTS",143,75.0,6,0.9733333333333333
23061,VINTAGE ENGRAVED HEART,60,75.0,4,1.25
84757,ENCHANTED GARDEN WROUGHT IRON TABLE,5,74.75,4,14.95
23044,PAPER LANTERN 9 POINT HOLLY STAR 23,18,74.7,5,4.15
23068,ALUMINIUM HEART,30,74.7,6,2.49
21267,VINTAGE PINK TINSEL REEL,24,74.6,10,3.4200000000000004
90012A,MIDNIGHT BLUE DROP CRYSTAL NECKLACE,13,74.38,7,8.097142857142858
84919,L BLUE C/COVER W PINK/YELLOW FLOWER,8,74.31,4,11.6275
84593,CROCHET ROSE DES CLOTHES HANGER,25,73.75,7,2.95
15030,FAN BLACK FRAME,254,73.66,26,0.29
90130C,GREEN STONE/CRYSTAL EARRINGS,25,73.62,24,2.9441666666666664
79331,PINK FLOCK GLASS CANDLEHOLDER,60,73.60000000000001,9,1.3677777777777775
84447,6 RABBIT CHAIN EASTER,69,72.42,19,1.361578947368421
90214B,"LETTER ""B"" BLING KEY RING",75,72.33,40,1.0195
84427B,BLACK GLASS TV DOUBLE P/FRAME 15X10,17,72.25,5,4.25
90027D,GLASS BEAD HOOP EARRINGS AMETHYST,23,72.18,16,3.18875
84746,PINK EASTER HENS+FLOWER,23,72.06,16,3.105
90031,BILI NUT AND WOOD NECKLACE,52,71.9,9,3.2111111111111112
90038C,GLASS AND BEADS BRACELET IVORY,19,71.46000000000001,9,3.7733333333333334
35937,CERISE+GOLD CHRISTMAS STOCKING DEC,188,71.44,17,0.38
17007B,S/3 POT POURI CUSHIONS BLUE COLOURS,34,71.4,6,2.1
90060D,FIRE POLISHED GLASS NECKL BRONZE,12,71.4,8,5.95
84925C,FAIRY CAKES  WALL THERMOMETER,28,71.39999999999999,10,2.55
37509,NEW ENGLAND MUG W GIFT BOX,28,71.39999999999999,14,2.55
22950,SET OF 36 VINTAGE CHRISTMAS DOILIES,38,71.27,8,1.8175
84415A,PINK FLOCK SUEDE CUSHION COVER,27,71.25,6,2.9166666666666665
90037B,TINY CRYSTAL BRACELET GREEN,28,71.17,10,2.527
23413,DECROTIVEVINTAGE COFFEE GRINDER BOX,12,71.08,6,6.896666666666666
90179A,AMBER FINE BEAD NECKLACE W TASSEL,12,71.0,9,5.905555555555556
84803B,WHITE ALLIUM  ARTIFICIAL FLOWER,42,70.98,11,1.69
16256C,HEARTS PENCIL/RUBBER+5 MINI PENCILS,169,70.98,10,0.42000000000000004
84905,PINK BUTTERFLY C/COVER,10,70.82,6,7.596666666666667
84086B,YELLOW/BLUE RETRO RADIO,24,70.8,12,2.95
90187B,GREEN DROP EARRINGS W BEAD CLUSTER,21,70.6,15,3.366
20958,PORCELAIN HANGING BELL LARGE,38,70.5,10,1.92
90202B,WHITE ENAMEL FLOWER HAIR TIE,24,70.49,16,2.936875
90050,CRACKED GLAZE NECKLACE IVORY,10,70.16,6,7.06
22949,SET OF 36 DOLLY GIRL PAPER DOILIES,45,69.66,15,1.744
90131,PINK/AMETHYST/GOLD NECKLACE,10,69.62,5,6.974000000000001
GIFT_0001_80,Dotcomgiftshop Gift Voucher £80.00,1,69.56,1,69.56
84918,CREAM C/COVER W YELLOW/GREEN FLOWER,10,69.5,3,6.95
81952V,ROUND PURPLE CLOCK WITH SUCKER,365,69.35,24,0.19
72140F,HAPPY ANNIVERSARY CANDLE LETTERS,175,69.18,14,0.41600000000000004
35916B,BLUE FELT HANGING HEART W FLOWER,57,69.1,16,1.458125
90059C,DIAMANTE HAIR GRIP PACK/2 MONTANA,41,68.17999999999999,23,1.671304347826087
71215,METAL BASE FOR CANDLES,177,68.1,12,0.4091666666666667
47420,ASSORTED COLOUR SUCTION CUP HOOK,358,68.02,31,0.19
84857A,SILVER MONTE CARLO HANDBAG,8,68.0,3,8.5
DCGS0004,HAYNES CAMPER SHOULDER BAG,4,67.94,4,16.985
90140,PINK SWEETIE NECKLACE,9,67.9,7,7.557142857142857
90026C,GLASS BEAD HOOP NECKLACE GREEN,8,67.82,6,8.47
90026B,GLASS BEAD HOOP NECKLACE MONTANA,8,67.82,7,8.474285714285715
20879,TREE OF NOAH FESTIVE SCENTED CANDLE,57,67.8,11,1.8027272727272725
90002E,FLOWER BURST SILVER RING GREEN,18,67.77,11,3.774545454545455
84864A,PINK PAISLEY PHOTO ALBUM,7,67.71000000000001,4,8.455
90078,PINK/WHITE GLASS DEMI CHOKER,9,67.64,5,7.5280000000000005
90024F,NEW BAROQUE B'FLY NECKLACE CRYSTAL,8,67.61,6,8.436666666666667
47341B,BLUE TABLE RUN FLOWER,48,67.5,14,1.7857142857142858
84926B,SCOTTS ROSES TILE COASTER,54,67.5,10,1.25
47504J,ENGLISH ROSE SET/3 GARDEN TOOLS,5,67.25,4,14.825
90214P,"LETTER ""P"" BLING KEY RING",77,66.59,33,1.0396969696969698
35819P,"ACRYLIC HANGING JEWEL,PINK",95,66.55,7,0.5042857142857143
90037A,TINY CRYSTAL BRACELET RED,26,66.31,12,2.5508333333333333
40002,WHITE BAMBOO RIBS LAMPSHADE,78,66.3,1,0.85
90037C,TINY CRYSTAL BRACELET BLUE,26,66.08,13,2.5330769230769232
85072,OCCASIONS GIFT CARD ASSORTMENT,120,66.0,1,0.55
79329,PINK FLOCK GLASS CANDLEHOLDER,100,65.94,7,1.2871428571428571
84340,LARGE FIBRE OPTIC CHRISTMAS TREE,21,65.76,11,4.346363636363637
79406,FROSTED WHITE BASE,259,65.62,21,0.3961904761904762
90179B,PURPLE FINE BEAD NECKLACE W TASSEL,11,65.31,9,5.934444444444445
72812,LARGE ZINC/GLASS CANDLEHOLDER,27,65.23,9,2.8133333333333335
84705A,ENGLISH ROSE PHOTO FRAME,14,65.10000000000001,7,4.65
47016,LIGHT DECORATION BATTERY OPERATED,31,65.1,5,2.1
90141B,IVORY PENDANT TRIPLE SHELL NECKLACE,13,64.94,9,5.015555555555555
23235,BISCUIT TIN VINTAGE LEAF,24,64.56,3,2.7566666666666664
84551,CROCHET DOG KEYRING,39,64.35,8,1.65
90046,WHITE WITH METAL BAG CHARM,13,64.35,7,4.95
90074,BLACK DIAMOND CLUSTER NECKLACE,7,64.09,6,9.19
23253,16 PC CUTLERY SET PANTRY DESIGN,4,63.8,1,15.95
79534,MULTICOLOUR GLASS PLATE,116,63.8,16,0.55
85018B,S/6 PAPER BOXES BLOSSOM IMAGES,15,63.75,10,4.25
20791,BLUE TILED SET OF 3 DRAWERS,5,63.75,1,12.75
85018A,S/6 PAPER BOXES ROMANTIC IMAGES,15,63.75,10,4.25
20905,VINTAGE KEEPSAKE BOX BEAUTY GIRL,10,63.5,4,6.35
22845,"CAT FOOD CONTAINER , VINTAGE",10,63.5,3,6.349999999999999
90205A,LARGE MINT DIAMANTE HAIRSLIDE,38,63.46,22,1.674090909090909
37491D,PURPLE/BLUE CERAMIC CANDLE HOLDER,26,63.28,13,2.696923076923077
22987,"WRAP , SUMMER ROSE DESIGN",150,63.0,6,0.42
72709,IVORY SCULPTED RND CANDLE,74,62.9,13,0.8499999999999999
84529B,BLUE KNITTED KID'S RUCKSACK,13,62.35,5,5.226
35607B,BLACK FEATHER CHRISTMAS DECORATION,312,62.3,17,0.2788235294117647
47348A,FUSCHIA VOILE POINTY SHOE DEC,103,62.01,16,0.78
84450B,PINK/YELLOW RABBIT SAT EASTER,88,61.92,29,0.7427586206896551
17136A,BLUE STONES ON WIRE FOR CANDLE,743,61.78,34,0.10676470588235294
20620,RED SPOTTY PASSPORT COVER,15,61.76,14,4.104285714285714
35817B,"ACRYLIC JEWEL SNOWFLAKE,BLUE",143,61.3,3,2.6999999999999997
35973,GERANIUM FOLKART HEART DECORATION,49,61.25,13,1.25
16151A,FLOWERS HANDBAG blue and orange,49,61.25,3,1.25
23541,"WALL ART ,PUDDINGS",8,61.2,2,7.85
22578,WOODEN STAR CHRISTMAS SCANDISPOT,72,61.2,2,0.85
22565,FELTCRAFT HAIRBANDS PINK + WHITE,72,61.199999999999996,6,0.85
35910B,PINK FLOWERS RABBIT EASTER,29,61.07,8,2.515
90214I,"LETTER ""I"" BLING KEY RING",62,61.0,27,1.0766666666666667
22537,MAGIC SLATE DINOSAUR,144,60.480000000000004,3,0.42
84984B,RED PEONY DES C/COVER,13,60.45,6,4.65
22619,SET Of 6 SOLDIER SKITTLES,16,60.0,3,3.75
84875A,PINK SQUARE COMPACT MIRROR,16,60.0,12,3.75
22409,TIN CAN BISCUITS DESIGN,48,60.0,4,1.25
22953,BIRTHDAY BANNER TAPE,48,60.0,3,1.25
23629,SET 10 CARDS DRESSING UP 17077,24,59.760000000000005,10,2.49
90021,LASER CUT MULTI STRAND NECKLACE,5,59.75,4,11.95
90171,DAISY RING,47,59.65,27,1.2725925925925925
GIFT_0001_70,Dotcomgiftshop Gift Voucher £70.00,1,59.57,1,59.57
84582,PINK CROCHET CAT WITH SCARF,14,59.5,11,4.25
44241C,BLUE BUTTERFLY ON SPRING,70,59.5,8,0.85
23325,RUSTIC STRAWBERRY JAMPOT SMALL,36,59.400000000000006,3,1.6499999999999997
35654,VINTAGE BEAD FILLED PINK CUSHION,12,59.400000000000006,5,4.95
22329,ROUND FOOD CONTAINER S/5 RETROSPOT,36,59.400000000000006,3,1.6499999999999997
22973,CHILDRENS CIRCUS PARADE MUG,36,59.400000000000006,3,1.6499999999999997
23537,I LOVE LONDON WALL ART,12,59.4,2,4.95
35001B,HAND OPEN SHAPE BLACK,17,59.330000000000005,6,3.49
90011B,BLACK CRYSTAL DROP EARRINGS,20,59.06,15,2.954
35909A,RABBIT EASTER DECORATION,20,59.0,5,2.95
22903,CALENDAR FAMILY FAVORITES,20,59.0,4,2.95
81985A,"ICON ALARM CLOCK,FUSCHIA  PIN UP",23,58.65,7,2.55
85023C,PINK LARGE JEWELED PHOTOFRAME,23,58.65,11,2.55
90188,DROP EARRINGS W FLOWER & LEAF,23,58.5,20,2.5475
84984A,GREEN PEONY DES C/COVER,11,58.370000000000005,5,6.093999999999999
84226,HEN HOUSE W FAMILY IN BARN & NEST,77,58.31,18,0.8383333333333334
35816B,"ACRYLIC JEWEL ANGEL,BLUE",139,58.07,3,1.4000000000000001
18094C,WHITE/BLUE RECT CERAMIC OIL BURNER,33,58.05,13,2.15
17129C,SKY BLUE COLOUR GLASS GEMS IN BAG,86,57.98,11,0.8309090909090909
35821B,"JEWELLED DECORATION,BLUE",150,57.0,3,0.38000000000000006
72771B,BURG FLOCK GOLD CUP/CANDLE,117,56.9,8,1.2822222222222222
90212C,PURPLE LAS VEGAS BRACELET ROUND,15,56.25,7,3.75
47344B,BLUE FLOWER DES PURSE,54,56.160000000000004,10,1.082
85023A,CRYSTAL LARGE JEWELLED PHOTO FRAME,22,56.1,10,2.55
90033,IVORY SHELL HEART EARRINGS,22,55.88,18,2.535555555555556
85080,PADDED RED HEART DECORATION,113,55.76,22,0.5331818181818182
90182C,BLACK 3 BEAD DROP EARRINGS,19,55.74,13,2.926153846153846
90177A,CLASSIC DIAMANTE EARRINGS JET,19,55.69,14,2.924285714285714
90214T,"LETTER ""T"" BLING KEY RING",57,55.57,24,1.0716666666666665
90001B,ANTIQUE MID BLUE FLOWER EARRINGS,13,55.120000000000005,10,4.237
85151,WELCOME METAL SIGN,44,55.0,8,1.25
90014A,SILVER M.O.P. ORBIT NECKLACE,11,54.8,6,6.675
90135A,ORANGE/FUSCHIA STONES NECKLACE,11,54.62,4,4.9925
90142D,MOP PENDANT SHELL NECKLACE,11,54.59,5,4.978
90043,COPPER AND BRASS BAG CHARM,10,54.510000000000005,6,5.785
20820,SILVER LOOKING MIRROR,11,54.45,8,4.95
20953,PORCELAIN CHERUB BELL LARGE,33,54.449999999999996,9,1.65
90084,PINK CRYSTAL GUITAR PHONE CHARM,64,54.4,9,0.85
46115B,GREEN POP ART MAO CUSHION COVER,286,54.339999999999996,22,0.18999999999999997
22345,PARTY PIZZA DISH BLUE WHITE SPOT,53,54.28,17,1.2429411764705882
23389,SPACEBOY MINI RUCKSACK,13,53.95,4,4.15
22252,BIRDCAGE DECORATION MAGIC GARDEN,21,53.55,3,2.55
72798C,SET/4 GARDEN ROSE DINNER CANDLE,28,53.11,15,2.1106666666666665
84899E,YELLOW + BROWN BEAR FELT PURSE KIT,39,52.65,15,1.51
84845C,CARNATION SQUARE HANDY TIN,42,52.5,14,1.25
20870,OPULENT VELVET CANDLE IN BOX,29,52.2,7,2.9214285714285713
23035,DOORKNOB CERAMIC IVORY,36,52.2,1,1.45
23196,RETO LEAVES MAGNETIC SHOPPING LIST,36,52.199999999999996,3,1.45
84292B,BLUE COL METAL FOLDING CHAIR,8,51.8,5,7.359999999999999
84845D,GERANIUM SQUARE HANDY TIN,41,51.25,11,1.25
84402B,PURPLE DRESS JEWELLERY STAND,62,51.14,4,1.33
35071,ASSORTED SANTA CHRISTMAS DECORATION,50,51.13999999999999,7,2.084285714285714
20964,POLYESTER FILLER PAD 60x40cm,20,51.0,6,2.55
84612B,SET/4 BLACK  BAROQUE FLOCK COASTER,20,51.0,4,2.55
85069,CREAM SWEETHEART DOUBLE SHELF,3,50.85,1,16.95
22846,"BREAD BIN, DINER STYLE, RED",3,50.849999999999994,2,16.95
22889,"NUMBER TILE VINTAGE FONT, No",23,50.699999999999996,3,2.175
35916B,BLUE FELT HANGING HEART WITH FLOWER,75,50.57,30,0.7040000000000001
90034,WHITE SILVER NECKLACE SHELL GLASS,5,50.48,5,10.096
72083A,STRAWBERY SWIRL FLARE CANDLE,24,50.4,7,2.1
22657,HEN & 2 CHICKS IN BASKET,59,50.15,7,0.85
90141E,ORANGE PENDANT TRIPLE SHELL NECKLAC,10,50.06,5,5.062
72817,SET/2 CHRISTMAS DECOUPAGE CANDLES,40,50.0,6,1.25
23603,SET 10 CARD KRAFT REINDEER 17084,20,49.800000000000004,14,2.4899999999999998
23197,VEGETABLE MAGNETIC  SHOPPING LIST,36,49.8,3,1.3833333333333335
90052,CRACKED GLAZE NECKLACE BROWN,7,49.58,5,7.136
23015,CORDIAL JUG,6,49.5,2,8.25
84537B,FAIRY CAKES GIFT BAG,117,49.14,11,0.42
72129,COLUMBIAN CANDLE ROUND,74,49.11,18,0.7061111111111111
37491A,YELLOW/PINK CERAMIC CANDLE HOLDER,18,48.3,13,2.6915384615384617
35603C,SET/16 WHITE SHINY & MATT BAUBLES,83,48.3,24,0.6888
90083,CRYSTAL CZECH CROSS PHONE CHARM,52,48.08,15,1.3326666666666667
47591A,CAROUSEL CHILDRENS APRON,29,47.97,12,1.6566666666666665
84608,ORNATE EDWARDIAN CANDLE HOLDER,6,47.7,4,7.95
23539,"WALL ART , LOVES' SECRET",8,47.6,2,5.95
21347,GOTHIC CARRIAGE LANTERN,8,47.6,4,5.95
20895,VINTAGE NOTEBOOK FRENCH LETTER,16,47.2,4,2.95
35909B,PINK FLOWERS RABBIT EASTER,16,47.2,6,2.95
37462E,"PET MUG, GOLDFISH",107,47.12,28,0.6485714285714286
90067B,BROWN VINTAGE VICTORIAN EARRINGS,16,47.12,6,2.936666666666667
84227,HEN HOUSE W CHICK IN NEST,112,47.04,13,0.42
90181C,BLACK GLASS/SHELL/PEARL NECKLACE,5,46.93,5,9.386
84857B,BLUE MONTE CARLO HANDBAG,24,46.8,1,1.95
20988,TRELLIS FLOWER CHOPSTICKS SET/5,24,46.8,9,1.9500000000000002
90001C,ANTIQUE OPAL WHITE FLOWER EARRINGS,11,46.7,10,4.245
90001A,ANTIQUE RASPBERRY FLOWER EARRINGS,11,46.6,10,4.235
81952B,ROUND BLUE CLOCK W/SUCKER,54,46.56,11,1.1254545454545453
37489A,YELLOW/PINK FLOWER DESIGN BIG MUG,46,46.56,23,1.2283333333333333
16050,TEATIME PENCIL WITH RUBBER,151,46.45,8,0.4
47341A,FUSCHIA TABLE RUN FLOWER,29,46.25,7,2.3214285714285716
23107,WHITE WIRE PLANT POT HOLDER,16,46.24,2,2.89
90128A,PINK LEAVES AND BEADS PHONE CHARM,31,46.21,10,1.7489999999999999
72024U,LILAC VOTIVE CANDLE,220,46.2,11,0.21
85081,PADDED HOLLY CHRISTMAS DECORATION,104,46.17,21,0.45772727272727276
23047,PAPER LANTERN 5 POINT STUDDED STAR,8,46.0,4,5.75
84626,CANDY STRIPE ROSE QUILT,1,45.95,1,45.95
22604,SET OF 4 NAPKIN CHARM CUTLERY,18,45.900000000000006,3,2.55
35611B,BLACK ASSORTED DROPLET DECORATION,62,45.76,3,2.23
22406,TIN CAN KINGS CHOICE DESIGN,36,45.0,3,1.25
22347,PIZZA DISH SLICE,36,45.0,2,1.25
16161C,WRAP SPEED DEMONS,450,45.0,2,0.1
72724,SET/6 CHRISTMAS ICICLE T-LIGHTS,36,45.0,10,1.25
23625,SET 6 CARDS SPARKLY REINDEER 17262,9,44.91,4,4.99
90059B,DIAMANTE HAIR GRIP PACK/2 BLACK DIA,27,44.87,16,1.67
84906,PINK BUTTERFLY CUSHION COVER,23,44.849999999999994,5,1.95
21685,MEDINA STAMPED METAL TRAY,3,44.849999999999994,2,14.95
90135,ORANGE/WHT/FUSCHIA STONES NECKLACE,9,44.75,3,5.006666666666667
90197D,AMBER GLASS BRACELET HEART CHARMS,9,44.550000000000004,4,4.95
72796B,S/3 FRENCH VANILLA SQU CANDLE,27,44.55,12,1.65
90011A,MIDNIGHT BLUE CRYSTAL DROP EARRINGS,15,44.28,15,2.952
84586L,"PINK ROSES/GINGHAM PATCH RABBIT 8""",15,44.25,9,2.95
35085E,IVORY ROSE LAMPSHADE,39,44.25,9,1.1666666666666667
90125E,AMBER BERTIE GLASS BEAD BAG CHARM,18,44.19,17,2.5035294117647062
35815B,"ACRYLIC JEWEL SNOWFLAKE,BLUE",95,43.94,3,1.6866666666666665
17014C,ORIGAMI LAVENDER INCENSE CONES,97,43.75,2,1.925
79063C,"RETRO PILL BOX KEY CHAIN,THE KING",235,43.65,14,0.18928571428571428
18097A,PINK TALL PORCELAIN T-LIGHT HOLDER,17,43.349999999999994,12,2.55
90042B,FRESHWATER PEARL BRACELET PINK,17,43.349999999999994,6,2.55
35822P,"ACRYLIC BEAD CHAIN, PINK",114,43.32,1,0.38
90054,CRACKED GLAZE EARRINGS RED,17,43.019999999999996,17,2.5305882352941174
23038,T-LIGHT HOLDER SILVER SAUCER,44,42.92,8,1.3299999999999998
22987,WRAP SUMMER ROSE DESIGN,102,42.84,5,0.42000000000000004
21596,Hypochondriac Pill Stress Ball,10,42.64,9,4.26
90024A,NEW BAROQUE B'FLY NECKLACE BLACK,5,42.5,4,8.5
22346,PARTY PIZZA DISH GREEN WHITE SPOT,40,42.3,15,1.2386666666666666
90126C,AMBER BERTIE MOBILE PHONE CHARM,21,42.1,5,2.692
72771C,BLACK FLOCK GOLD CANDLE,54,42.08,6,1.7133333333333332
23231,WRAP  VINTAGE DOILEY,100,42.0,2,0.42
20860,GOLD COSMETICS BAG WITH BUTTERFLY,20,42.0,11,2.1
90152C,BLUE/NAT SHELL NECKLACE W PENDANT,7,41.650000000000006,4,5.95
90060C,FIRE POLISHED GLASS NECKL SILVER,7,41.65,3,5.95
84611B,BLACK NEW BAROQUE FLOCK BOX,7,41.65,4,5.95
23045,PAPER LANTERN 5 POINT STAR MOON 30,10,41.5,5,4.15
85184B,SET 4 EASTER DECOUPAGE OVAL BOXES,14,41.3,7,2.95
37477B,"FLOWER FAIRY MUG+COASTER,LAVENDER",11,41.25,8,3.75
23448,CREAM BUNNY EASTER EGG BASKET,25,41.25,3,1.6499999999999997
90027C,GLASS BEAD HOOP EARRINGS GREEN,14,41.17,12,2.9391666666666665
90183C,BLACK DROP EARRINGS W LONG BEADS,14,41.019999999999996,14,2.9299999999999997
21119,Glow In The Dark Shot Glasses,3,41.01,3,13.67
35644,PAIR PINK/BLACK COATHANGERS,21,40.95,7,1.95
84798C,WHITE FOXGLOVE ARTIIFCIAL FLOWER,16,40.8,3,2.55
23148,MINITURE ANTIQUE ROSE HOOK IVORY,48,40.8,4,0.85
22740,POLKADOT PENS,48,40.8,1,0.85
44228,CANNABIS LEAF BEAD CURTAIN,48,40.8,3,0.85
47013C,WINE BOTTLE DRESSING DARK BLUE,147,40.52,27,0.35
90136,PALE PINK/AMETHYST STONE NECKLACE,4,40.47,3,10.173333333333332
90152A,SILVER/NAT SHELL NECKLACE W PENDANT,7,40.34,7,5.762857142857143
22532,MAGIC SLATE LEAP FROG,96,40.32,2,0.42
22529,MAGIC SLATE GO TO THE FAIR,96,40.32,2,0.42
20994,JAZZ HEARTS SPIRAL NOTEPAD,47,39.95,12,0.85
23462,ROCOCO WALL MIROR,2,39.9,1,19.95
47013A,WINE BOTTLE DRESSING LT.BLUE,141,39.87,25,0.2764
37468,HARDMAN MUG 3 ASSORTED,65,39.81,14,1.422857142857143
79065A,TEATIME ROUND CAKE TINS,4,39.8,1,9.95
22853,"CAT BOWL, ENAMEL , CREAM COLOUR",12,39.0,2,3.25
82545A,COGNAC AUX OEUFS METAL 1 HOOK,31,38.75,11,1.25
35963,FOLKART ZINC CLIP ON ANGEL WINGS,101,38.379999999999995,11,0.38
90130D,RED STONE/CRYSTAL EARRINGS,13,38.31,8,2.945
90027B,GLASS BEAD HOOP EARRINGS MONTANA,13,38.28,10,2.943
81952B,ROUND BLUE CLOCK WITH SUCKER,200,38.0,9,0.19
90176B,DIAMANTE NECKLACE BLACK,5,37.620000000000005,4,7.53
85115B,S/4 BLACK DISCO PARTITION PANEL,6,37.620000000000005,2,6.27
90039A,FIRE POLISHED GLASS BRACELET RED,10,37.61,5,3.772
37112,YELLOW BIRDS FELT DES FOODCOVER,10,37.5,5,3.75
35233,PASTA ENAMEL/BRASS CONTAINER,10,37.5,8,3.75
79413,GLASS WINE GLASS DECORATIONS,30,37.5,9,1.25
23043,PAPER LANTERN 9 POINT HOLLY STAR 40,6,37.5,3,6.25
84705F,RED PEONY PHOTO FRAME,8,37.2,5,4.65
90126A,PINK BERTIE MOBILE PHONE CHARM,20,37.14,5,2.2466666666666666
84251J,"GREETING CARD, THE BLACK CAT",74,37.04,17,0.7458823529411764
72715,SPHERICAL IVORY CANDLE,88,36.96,13,0.42
16162M,THE KING GIFT BAG 25x24x12cm,88,36.96,13,0.42
22407,MONEY BOX FIRST AID DESIGN,44,36.78,11,1.3136363636363635
17014E,ORIGAMI OPIUM INCENSE CONES,95,36.599999999999994,6,1.4249999999999998
90141D,ROSE PENDANT TRIPLE SHELL NECKLACE,7,36.33,5,5.286
90214F,"LETTER ""F"" BLING KEY RING",44,36.28,27,0.9633333333333333
90037D,TINY CRYSTALS BRACELET BLACK,14,35.870000000000005,8,2.56625
90060B,FIRE POLISHED GLASS NECKL GOLD,6,35.7,4,5.95
37348,SET OF 4 PASTEL STACKING MUGS,14,35.7,7,2.55
90132,LIGHT TOPAZ TEAL/AQUA COL NECKLACE,7,35.63,7,5.090000000000001
90011C,GREEN CRYSTAL DROP EARRINGS,12,35.33,7,2.94
90152B,BLUE/GREEN SHELL NECKLACE W PENDANT,6,35.26,5,5.862
79063D,"RETRO PILL BOX , REVOLUTIONARY",189,35.14,11,0.21
84745B,BLUE HANGING GINGHAM EASTER HEN,83,34.86,17,0.42
DCGS0058,MISO PRETTY  GUM,42,34.82,30,0.8286666666666667
23196,LEAVES MAGNETIC  SHOPPING LIST,24,34.8,2,1.45
84868B,BLUE BABY BOY'S MEMORY BOX,5,34.75,4,6.95
84546,CROCHET POODLE KEYRING,21,34.65,3,1.6499999999999997
90081B,LILY BROOCH WHITE/SILVER COLOUR,7,34.65,3,4.95
35955,SMALL FOLKART CHRISTMAS TREE DEC,135,34.62,4,0.374
44265,M/COLOUR POM-POM CURTAIN,8,34.0,4,4.25
22852,"DOG BOWL, ENAMEL , CREAM COLOUR",8,34.0,2,4.25
22200,FRYING PAN PINK RETROSPOT,7,33.97,3,5.656666666666666
90066A,PINK VINTAGE VICTORIAN CHOKER,5,33.75,2,6.75
81950B,FLOWER BLUE CLOCK WITH SUCKER,116,33.64,8,0.29
23390,DOLLY GIRL MINI RUCKSACK,8,33.2,2,4.15
84456,SET OF 3 RABBIT EGG EASTER,37,33.15,16,0.9562499999999999
90076,MONTANA DIAMOND CLUSTER EARRINGS,12,33.0,7,2.892857142857143
DCGS0003,BOXED GLASS ASHTRAY,13,32.589999999999996,13,2.506923076923077
85079,EMBROIDERED REINDEER DECORATION,23,32.25,8,1.4144444444444444
90214O,"LETTER ""O"" BLING KEY RING",36,31.419999999999998,18,1.0822222222222222
85131D,BEADED CRYSTAL HEART PINK\ON STICK,20,31.3,11,1.5936363636363637
23632,SET 10 CARDS CHEERFUL ROBIN 17065,15,31.200000000000003,10,2.08
23366,SET 12 COLOUR PENCILS DOILEY,48,31.200000000000003,3,0.65
44091C,MULTICOLOUR CRUSOE CHECK LAMPSHADE,61,30.66,17,0.5682352941176471
22937,BAKING MOULD CHOCOLATE CUP CAKES,12,30.6,2,2.55
22641,SET OF 4 NAPKIN CHARMS INSTUMENT,12,30.6,2,2.55
22577,WOODEN HEART CHRISTMAS SCANDISPOT,36,30.6,1,0.85
22937,BAKING MOULD CUPCAKE CHOCOLATE,12,30.6,1,2.55
21919,Electronic Talking Breath-A-Loser,6,30.47,5,5.081999999999999
37489B,BLUE/YELLOW FLOWER DESIGN BIG MUG,38,30.419999999999998,17,1.0323529411764707
84745A,PINK HANGING GINGHAM EASTER HEN,72,30.240000000000002,15,0.42
90025F,BAROQUE BUTTERFLY EARRINGS CRYSTAL,8,30.23,8,3.77875
18010,ASSORTED FRAGRANCE BATH CONFETTI,64,30.16,9,0.5566666666666666
37491B,BLUE/YELLOW CERAMIC CANDLE HOLDER,14,30.08,8,2.3
22410,TIN CAN HOUSEKEEPING DESIGN,24,30.0,2,1.25
22405,TIN CAN POCKET MONEY DESIGN,24,30.0,2,1.25
22771,DRAWER KNOB ACRYLIC EDWARDIAN CLEAR,24,30.0,1,1.25
22772,DRAWER KNOB ACRYLIC EDWARDIAN PINK,24,30.0,1,1.25
23252,ENAMEL JUG PANTRY,8,30.0,2,3.75
23396,BUTTERFLY CUSHION COVER,8,30.0,2,3.75
23437,GIFT BAG LARGE 50'S CHRISTMAS,24,30.0,2,1.25
47563B,WAVELINE SURF IRONING BOARD COVER,8,30.0,6,3.75
22775,DRAWERKNOB ACRYLIC EDWARDIAN PURPLE,24,30.0,1,1.25
22773,DRAWER KNOB ACRYLIC EDWARDIAN GREEN,24,30.0,1,1.25
23250,ENAMEL BOWL PANTRY,24,30.0,2,1.25
90176E,DIAMANTE NECKLACE GREEN,4,29.98,3,7.493333333333333
21767,FRENCH STYLE WIRE DOOR CABINET,1,29.95,1,29.95
78056,CAMOUFLAGE BACKPACK ON WHEELS,3,29.849999999999998,2,9.95
22351,DOTCOMGIFTSHOP TEA TOWEL,15,29.81,3,2.766666666666667
22474,"TRAY FOR TV DINNER ,SPACEBOY",6,29.7,1,4.95
22472,"TRAY FOR TV DINNER , DOLLY GIRL",6,29.7,1,4.95
23530,"WALL ART,ONLY ONE PERSON",6,29.7,1,4.95
35598A,DUSTY PINK CHRISTMAS TREE 60CM,10,29.5,3,2.9500000000000006
78034B,BLUE NETTING STORAGE HANGER,15,29.25,9,1.95
90214V,"LETTER ""V"" BLING KEY RING",38,28.98,24,0.9525
72801E,4 FESTIVE GREEN DINNER CANDLES,53,28.93,3,1.3933333333333333
37489D,PINK/GREEN FLOWER DESIGN BIG MUG,46,28.86,20,0.7614285714285715
44089C,LILAC GAUZE BUTTERFLY LAMPSHADE,68,28.56,18,0.42
23380,PACK OF 12 DOILEY TISSUES,72,28.08,2,0.39
40005B,BLUE ORGANDY ROUND LAMPSHADE W BEA,33,28.05,13,0.8499999999999999
17091F,SANDALWOOD INCENSE IN TIN,19,27.71,8,1.58
23613,SET 10 XMAS CARDS & BADGES 17070,11,27.39,6,2.49
23637,SET 10 CARDS OUT OF ORDER 17216,11,27.39,9,2.49
84030B,KNITTED POM POM HOT WATER BOTTLE,6,27.21,4,4.9275
21097,SET/6 GREEN SPRING  PAPER PLATE,32,27.2,7,0.85
84867B,BLUE BABY BOY'S PHOTO ALBUM,2,27.14,1,13.57
90187A,BLUE DROP EARRINGS W BEAD CLUSTER,8,27.04,7,3.3842857142857143
23702,High Resolution Image,4,27.0,3,8.5
44235,ASSORTED COLOURED CIRCLE MOBILE,64,26.88,7,0.42
17013F,ORIGAMI SANDLEWOOD INCENSE IN TUBE,62,26.700000000000003,5,1.38
90027A,GLASS BEAD HOOP EARRINGS BLACK,9,26.52,6,2.9450000000000003
90025E,BAROQUE BUTTERFLY EARRINGS MONTANA,7,26.5,7,3.7857142857142856
22232,3 PIECE JIGSAW TOADSTOOLS,16,26.4,2,1.65
84876C,SILVER HEART COMPACT MIRROR,7,26.25,4,3.75
23636,SET 10 CARDS WISHING TREE 17116,9,26.19,7,2.91
90182A,AMBER 3 BEAD DROP EARRINGS,9,26.16,9,2.9066666666666667
37489C,GREEN/BLUE FLOWER DESIGN BIG MUG,27,26.06,12,1.5541666666666665
90041,PEARL AND CHERRY QUARTZ BRACLET,7,25.67,6,3.6950000000000003
20954,*USB Office Mirror Ball,3,25.590000000000003,3,8.530000000000001
22168,"ORGANISER WOOD, ANTIQUE WHITE",3,25.5,2,8.5
90142A,GREEN PENDANT SHELL NECKLACE,5,25.45,4,5.09
DCGS0070,CAMOUFLAGE DOG COLLAR,2,25.44,2,12.72
90214Y,"LETTER ""Y"" BLING KEY RING",68,25.34,10,0.852
35597D,PINK/WHITE CHRISTMAS TREE 30CM,58,25.28,7,0.5825
90055,CRACKED GLAZE EARRINGS BROWN,10,25.28,10,2.528
90053,CRACKED GLAZE EARRINGS IVORY,10,25.23,10,2.523
90128C,GREEN LEAVES AND BEADS PHONE CHARM,17,25.04,6,1.8816666666666666
22719,"GUMBALL COATHOOK., BLACK & WHITE",20,25.0,4,1.25
23104,IVORY PANTRY HANGING LAMP,2,25.0,1,12.5
23214,BELL HEART ANTIQUE GOLD,12,24.96,1,2.08
23620,SET 10 CARDS PERFECT POST 17090,10,24.900000000000002,7,2.4899999999999998
23240,SET OF 4 KNICK KNACK TINS  DOILEY,6,24.9,1,4.15
84550,CROCHET LILAC/RED BEAR KEYRING,15,24.75,5,1.65
35633B,BLUE TINSEL GARLAND,130,24.7,12,0.19000000000000003
35596,WOOD XMAS TREE 9 FIG SHELVES,29,24.65,4,0.85
10124A,SPOTS ON RED BOOKCOVER TAPE,58,24.36,18,0.42
84450A,PINK RABBIT SITTING EASTER,52,24.18,5,0.49799999999999994
84575B,BROWN DOG CANNISTER W BONE,4,23.8,3,5.95
90128B,BLUE LEAVES AND BEADS PHONE CHARM,18,23.759999999999998,6,1.46
17014F,ORIGAMI SANDLEWOOD INCENSE CONES,61,23.700000000000003,4,1.3125
90011E,AMBER CRYSTAL DROP EARRINGS,8,23.61,8,2.95125
23244,CANNISTER VINTAGE LEAF DESIGN,12,23.4,2,1.95
47552A,DOTS IRONING BOARD COVER,12,23.4,11,1.95
23623,SET 10 CARD CHRISTMAS WELCOME 17112,8,23.28,6,2.91
23236,STORAGE TIN VINTAGE DOILEY,7,23.13,2,4.34
23106,ZINC PLANT POT HOLDER,8,23.12,1,2.89
84509E,CAROUSEL PLACEMATS,4,23.060000000000002,3,5.093333333333334
90095,NECKLACE+BRACELET SET PINK BLOSSOM,8,22.91,3,3.3866666666666667
23145,ZINC T-LIGHT HOLDER STARS LARGE,24,22.8,2,0.95
84450B,YELLOW RABBIT SAT EASTER,51,22.63,6,0.6216666666666667
90025C,BAROQUE BUTTERFLY EARRINGS GREEN,6,22.56,6,3.76
90189B,GOLD 2 STRAND NECKLACE-LEAF CHARMS,3,22.5,2,7.5
37477C,"FLOWER FAIRY MUG+COASTER,ROSE",6,22.5,1,3.75
85225,BLING KEY RING STAND,19,22.5,11,1.2045454545454546
23640,SET 10 CARDS SCOTTIE DOG 17211,9,22.410000000000004,8,2.49
23645,SET 10 CHRISTMAS CARDS HOHOHO 16956,9,22.410000000000004,4,2.49
35652,VINTAGE BEAD CHAISE LONG JEWEL BOX,18,21.5,2,3.625
90214Z,"LETTER ""Z"" BLING KEY RING",31,21.49,18,0.9011111111111111
84387A,BIRD ON BRANCH CANVAS SCREEN,11,21.45,1,1.95
84899E,YELLOW BROWN BEAR FELT PURSE KIT,14,21.28,6,1.88
35591T,TURQUOISE CHRISTMAS TREE,17,21.25,9,1.25
21387,IVORY HANGING DECORATION  RABBIT,25,21.25,4,0.85
90128D,PURPLE LEAVES AND BEADS PHONE CHAR,13,21.24,7,1.9628571428571426
22201,FRYING PAN BLUE RETROSPOT,4,21.22,3,5.656666666666666
21594,Dr. Jam's Arouzer Stress Ball,5,21.06,5,4.212
23691,KEEP CALM BIRTHDAY WRAP,50,21.0,2,0.42
35603B,S/16 BLACK SHINY/MAT BAUBLES,50,21.0,2,0.42
23692,WRAP A PRETTY THANK YOU,50,21.0,2,0.42
23388,WOODLAND MINI RUCKSACK,5,20.75,2,4.15
DCGS0072,CAT CAMOUFLAGUE COLLAR,4,20.68,3,5.17
10002R,ROBOT PENCIL SHARPNER,4,20.57,3,5.133333333333333
22418,"PEN, 10 COLOURS - SPACEBOY",24,20.4,1,0.85
22345,PARTY PIZZA DISH BLUE+WHITE SPOT,24,20.4,2,0.85
22344,PARTY PIZZA DISH PINK+WHITE SPOT,24,20.4,2,0.85
79172D,PURPLE TINT ACRYLIC FLOWER VASE,24,20.4,4,0.85
22533,MAGIC SLATE BAKE A CAKE,48,20.16,1,0.42
90082C,DIAMANTE BOW BROOCH WHITE COLOUR,3,19.93,3,6.6433333333333335
23646,SET 10 CARDS JINGLE BELLS 16957,8,19.92,5,2.49
90127A,PINK BEADS+HAND PHONE CHARM,14,19.92,2,1.855
23601,SET 10 CARDS SNOWY SNOWDROPS  17100,8,19.92,4,2.49
23616,SET 10 CARDS JINGLE BELLS 17217,8,19.92,7,2.4899999999999998
23249,ENAMEL DINNER PLATE PANTRY,12,19.8,1,1.65
23031,DOORKNOB CRACKED GLAZE PINK,12,19.8,2,1.65
23029,DOORKNOB CRACKED GLAZE GREEN,12,19.8,2,1.65
84570B,WHITE SATIN DRESS JEWEL STAND,4,19.8,2,4.95
37488A,YELLOW PINK FLOWER DESIGN BIG BOWL,31,19.770000000000003,5,1.4140000000000001
37487B,YELLOW/ORANGE FLOWER DESIGN PLATE,68,19.72,2,0.29
44092C,PURPLE/COPPER HANGING LAMPSHADE,23,19.55,10,0.85
20680,PINK FLOWERS CHILDS UMBRELLA,6,19.5,4,3.25
79062D,"RETRO TIN ASHTRAY,REVOLUTIONARY",52,19.4,4,0.38
22963,JAM JAR WITH BLUE LID,26,18.98,2,0.7849999999999999
23056,CRYSTAL CHANDELIER T-LIGHT HOLDER,3,18.75,1,6.25
90025D,BAROQUE BUTTERFLY EARRINGS PINK,5,18.69,5,3.7380000000000004
84732B,CUTE BIRD CEATURE SCREEN,28,18.48,6,1.23
72796A,S/3 ENGLISH LAVENDER SQU CANDLE,11,18.15,5,1.6499999999999997
84311,CAMOFLAGE CUSHION COVER,11,18.15,1,1.65
18097B,BLUE TALL PORCELAIN T-LIGHT HOLDER,7,17.85,3,2.55
71050,SMALL SINGLE FLAME CANDLE HOLDER,51,17.85,8,0.35
84614C,BLUE BAROQUE FLOCK CANDLE HOLDER,3,17.85,1,5.95
21249,WOOD ANIMALS HEIGHT CHART STICKERS,6,17.7,1,2.95
90182B,AMETHYST 3 BEAD DROP EARRINGS,6,17.53,6,2.921666666666667
23627,SET 10 CARDS XMAS GRAPHIC  17218,7,17.43,2,2.49
22882,"NUMBER TILE VINTAGE FONT, 3",8,17.36,1,2.17
22883,"NUMBER TILE VINTAGE FONT, 4",8,17.36,1,2.17
22881,"NUMBER TILE VINTAGE FONT, 2",8,17.36,1,2.17
22880,"NUMBER TILE VINTAGE FONT, 1",8,17.36,1,2.17
22887,"NUMBER TILE VINTAGE FONT, 8",8,17.36,1,2.17
22879,"NUMBER TILE VINTAGE FONT, 0",8,17.36,1,2.17
22884,"NUMBER TILE VINTAGE FONT, 5",8,17.36,1,2.17
22886,"NUMBER TILE VINTAGE FONT, 7",8,17.36,1,2.17
22885,"NUMBER TILE VINTAGE FONT, 6",8,17.36,1,2.17
DCGS0066N,NAVY CUDDLES DOG HOODIE,2,17.3,2,8.65
DCGS0068,DOGS NIGHT COLLAR,2,17.12,2,8.56
23342,MINT DINER CLOCK,2,17.0,1,8.5
22777,GLASS BELL JAR LARGE,2,17.0,1,8.5
21120,*Boombox Ipod Classic,1,16.98,1,16.98
72805,VANILLA CANDLE IN EMBOSSED ZINC POT,10,16.9,3,1.6900000000000002
21511,VINTAGE COLLAGE  GREETING  CARD,40,16.8,2,0.42
44089A,PINK GAUZE BUTTERFLY LAMPSHADE,40,16.8,13,0.42
72785A,S/4 CONTEMPORY PINK ROSEBUD CANDLES,8,16.8,4,2.1
23644,SET 10 CARDS CHRISTMAS TREE 16955,5,16.65,5,3.3299999999999996
22384,LUNCH BAG PINK POLKADOTS,10,16.5,1,1.65
23502,PLAYING CARDS VINTAGE DOILEY,13,16.25,2,1.25
90102,WHITE FRANGIPANI HAIR CLIP,19,16.11,4,0.845
62074B,ELEPHANT CLIP W SUCTION CUP,38,15.96,12,0.42
84630,FLOWERS AND BIRDS WALL PLAQUE,2,15.9,1,7.95
84250M,"GREETING CARD, BLACKPOOL ROCK",28,15.899999999999999,13,0.7992307692307693
22778,GLASS BELL JAR SMALL,4,15.8,1,3.95
35932,PINK CHRISTMAS TREE DECORATION,37,15.629999999999999,10,0.537
21560,TOADSTOOL  LUNCHBOX WITH CUTLERY,4,15.44,4,3.86
21853,GUMBALL CUSTOM CARS TOP TRUMPS GAME,3,15.399999999999999,3,5.133333333333333
17107D,FLOWER FAIRY 5 SUMMER DRAW LINERS,6,15.3,1,2.55
37481,CUBIC MUG TEATIME CAKES,6,15.3,1,2.55
22932,BAKING MOULD TOFFEE CUP  CHOCOLATE,6,15.3,1,2.55
17174,ASSTD RASTA KEY-CHAINS,36,15.120000000000001,7,0.42
84206A,3 BLACK CATS W HEARTS BLANK CARD,79,15.01,9,0.19
23449,SET OF 6 EASTER RAINBOW CHICKS,12,15.0,1,1.25
22954,HEN PARTY BANNER TAPE,12,15.0,1,1.25
22408,TIN CAN CONFECTIONERY DESIGN,12,15.0,1,1.25
90068,"RUBY GLASS NECKLACE 42""",2,15.0,2,7.5
23251,ENAMEL MUG PANTRY,12,15.0,1,1.25
23212,PAINTED HEART WREATH WITH BELL,12,15.0,1,1.25
21475,SWEETHEART CREAM STEEL FOLDIN CHAIR,1,14.95,1,14.95
23282,FOLDING MIRROR IVORY,18,14.940000000000001,2,0.83
23621,SET 10 CARDS DAVID'S MADONNA 17074,6,14.940000000000001,4,2.49
23281,FOLDING MIRROR RED,18,14.940000000000001,2,0.83
35650,VINTAGE BEAD PINK JEWEL STAND,3,14.850000000000001,3,4.95
22139,11 PC CERAMIC TEA SET POLKADOT,3,14.85,1,4.95
84567,FROSTED GLASS WITH SILVER SURROUND,9,14.85,1,1.65
90011D,PURPLE CRYSTAL DROP EARRINGS,5,14.75,5,2.95
SP1002,KID'S CHALKBOARD/EASEL,5,14.75,2,2.95
23634,SET 10 CARDS XMAS CHOIR 17068,5,14.55,5,2.91
81950V,FLOWER PURPLE CLOCK W/SUCKER,17,14.45,7,0.85
48195,DOORMAT GREEN PAISLEY,1,14.43,1,14.43
90077,BLACK DIAMOND CLUSTER EARRINGS,5,14.399999999999999,5,2.88
10124G,ARMY CAMO BOOKCOVER TAPE,33,14.28,10,0.462
71143,ANTIQUE SILVER BOOK MARK WITH BEADS,17,14.11,3,0.83
84868A,PINK BABY GIRL'S MEMORY BOX,2,13.9,2,6.95
21852,EMPIRE TEDDY,2,13.9,2,6.95
23540,"WALL ART , THE MAGIC FOREST",2,13.9,1,6.95
16245A,PINK MINI STATIONERY SET W CASE,11,13.75,7,1.25
35936,CERISE+GOLD CHRISTMAS TREE DEC,36,13.68,9,0.38
84814B,RHOMBUS CRYSTAL PERFUME BOTTLE,7,13.65,3,1.95
35443,RASTA IN BATH W SPLIFF ASHTRAY,16,13.6,10,0.85
21525,BEWARE OF THE CAT DOORMAT,2,13.5,2,6.75
62097B,BLUE STRIPES SHOULDER BAG,11,13.370000000000001,4,1.36
90014C,SILVER AND BLACK ORBIT NECKLACE,2,13.350000000000001,2,6.675000000000001
23639,SET 10 CARDS MAGICAL TREE 17086,4,13.32,4,3.33
23607,SET 10 CARDS HATS & STOCKINGS 17081,8,13.28,7,1.66
23271,CHRISTMAS TABLE CANDLE SILVER SPIKE,16,13.28,1,0.83
16192,PINK BALLET OPENING CUBE BOX,3,12.9,1,4.3
84247J,PACK/12 RUSSIAN DOLL CARDS,10,12.780000000000001,9,1.3244444444444445
72752B,"F.FAIRY,CANDLE IN GLASS,LAVENDER",3,12.75,2,4.25
44092B,BLUE WHITE PLASTIC RINGS LAMPSHADE,15,12.75,6,0.85
20812,EMBOSSED FLOWER TRELLIS PHOTO FRAME,5,12.75,3,2.55
84648,NEW BAROQUE WALL MIRROR,1,12.75,1,12.75
85083,KISS REINDEER SCANDINAVIAN STOCKING,5,12.75,2,2.55
21772,VINTAGE METAL CAKE STAND CREAM,1,12.75,1,12.75
DCGS0075,CAMOUFLAGUE DOG LEAD,1,12.72,1,12.72
DCGS0037,KEY-RING CORKSCREW,1,12.72,1,12.72
85157,SET OF 2 CHESTS CHOCOLAT AU LAIT,1,12.72,1,12.72
35751C,PURPLE CURRENT CANDLE RING,31,12.61,2,0.47
35597A,DUSTY PINK CHRISTMAS TREE 30CM,10,12.5,4,1.25
35918B,BLUE FLORIBUNDA EGG WARMER,10,12.5,5,1.25
51012L,"FEATHER DUSTER, LIGHT PINK",10,12.5,6,1.25
23071,MARIE ANTOIENETT TRINKET BOX GOLD,1,12.5,1,12.5
23635,SET 10 CARDS CHRISTMAS HOLLY  17259,3,12.48,3,4.16
23654,SET 10 CARD SNOWMAN 16965,5,12.450000000000001,4,2.49
90000C,OPAL WHITE/SILVER FLOWER NECKLACE,2,12.32,2,6.16
79149B,SILICON STAR BULB  BLUE,29,12.18,12,0.42
44242A,LILAC FEATHERS CURTAIN,14,11.98,2,1.02
22206,"MUG , DOTCOMGIFTSHOP.COM",14,11.82,10,0.842
85185E,DUCK SOCK PUPPET,4,11.8,2,2.95
23605,SET 10 CARDS 12 DAYS OF XMAS 17059,4,11.64,1,2.91
23608,SET 10 CARDS RUDOLPHS NOSE 17097,4,11.64,3,2.91
90025B,BAROQUE BUTTERFLY EARRINGS RED,3,11.29,3,3.763333333333333
79070B,ENGLISH ROSE SQUARE CAKE TINS,1,11.26,1,11.26
23299,"FOOD COVER WITH BEADS , SET 2 SIZES",3,11.25,1,3.75
84366,VENDETTA CANVAS PICTURE,3,11.25,3,3.75
16151A,FLOWER DES BLUE HANDBAG/ORANG HANDL,3,11.25,2,3.75
84743C,ORANGE FELT VASE + FLOWERS,9,11.25,5,1.25
17011B,ORIGAMI JASMINE INCENSE+FLOWER,19,11.1,2,1.2
72785B,S/4 CONTEMPORY RED ROSEBUD CANDLES,9,10.9,3,1.5666666666666667
84732D,CUTE RABBIT CEATURE SCREEN,15,10.89,6,1.23
21496,WOODLAND CREATURES  WRAP,25,10.5,1,0.42
16169G,WRAP ROMANTIC DECOUPAGE,25,10.5,1,0.42
17084G,MOON INCENSE,50,10.5,2,0.21
22959,"WRAPPING PAPER, XMAS VILLAGE",25,10.5,1,0.42
16169A,WRAP CHRISTMAS DECOUPAGE,25,10.5,1,0.42
21857,STAR WARS TOP TRUMPS GAME,2,10.23,2,5.115
21858,HIGH SCHOOL MUSICAL 3 TOP TRUMPS,2,10.23,2,5.115
22196,HEART MEASURING SPOONS SMALL,12,10.2,1,0.85
22346,PARTY PIZZA DISH GREEN+WHITE SPOT,12,10.2,1,0.85
22343,PARTY PIZZA DISH RED+WHITE SPOT,12,10.2,1,0.85
20939,ORANGE CANDLE,12,10.2,1,0.85
90214W,"LETTER ""W"" BLING KEY RING",19,10.17,8,0.8724999999999999
23086,ZINC STAR T-LIGHT HOLDER,8,10.0,1,1.25
23619,SET 10 CARDS POINSETTIA 17093,4,9.96,2,2.49
23650,SET 10 CARDS FILIGREE BAUBLE 16961,4,9.96,4,2.49
23624,SET 10 CARD PERFECT NATIVITY 17089,4,9.96,4,2.49
23615,SET 10 CARDS PRINTED GRAPHIC 17219,4,9.96,4,2.49
22829,BROCANTE SHELF WITH HOOKS,1,9.95,1,9.95
81953P,ROUND ARTICULATED PINK CLOCK W/SUCK,33,9.57,6,0.52
20822,SILVER WINE GOBLET,2,9.3,1,4.65
72708,SCULPTED ROUND IVORY CANDLE,44,9.24,5,0.21000000000000002
23441,HAND PAINTED HANGING EASTER EGG,22,9.24,3,0.42
62097A,PINK STRIPES SHOULDER BAG,3,8.850000000000001,3,2.9500000000000006
20882,MODERN CHRISTMAS TREE CANDLE,3,8.850000000000001,2,2.95
35598C,WHITE CHRISTMAS TREE 60CM,3,8.850000000000001,3,2.9500000000000006
18098B,BLUE PORCELAIN B'FLY OIL BURNER,3,8.850000000000001,3,2.9500000000000006
71496B,A4 WALL TIDY RED FLOWERS,15,8.67,6,0.59
21406,SPOTTY CAT DOORSTOP,1,8.65,1,8.65
20739,*USB Office Glitter Lamp,1,8.65,1,8.65
90013E,AMBER VINTAGE EARRINGS,2,8.57,2,4.285
84572,6 HOOK JEWEL STAND LILAC DRESS,1,8.49,1,8.49
90126B,BLUE BERTIE MOBILE PHONE CHARM,3,8.48,3,2.8266666666666667
23612,SET 10 MINICARDS CUTE SNOWMAN 17071,5,8.299999999999999,2,1.66
47591C,BLUE FAIRY CAKE CHILDRENS APRON,4,7.8,4,1.95
44091A,BLUE CRUSOE CHECK LAMPSHADE,18,7.56,6,0.42
90025A,BAROQUE BUTTERFLY EARRINGS BLACK,2,7.5,2,3.75
20942,SET/6 GINGERBREAD TREE T-LIGHTS,6,7.5,4,1.25
82011E,"BATHROOM SCALES, FAG BREAK",2,7.5,2,3.75
46037A,PINK CANVAS DES CUSHION COVER,6,7.5,2,1.25
23633,SET 10 CARDS WORLD CHILDREN 17067,3,7.470000000000001,3,2.49
84201B,HAPPY BIRTHDAY CARD STRIPEY TEDDY,39,7.409999999999999,8,0.19
90111,BLUE HIBISCUS  HAIR CLIP,7,7.35,6,1.05
35001P,HAND OPEN SHAPE PINK,2,6.98,2,3.49
85230C,ROSE SCENTED VOTIVE CANDLE,24,6.96,1,0.29
85230D,VANILLA SCENTED VOTIVE CANDLE,24,6.96,1,0.29
22843,"BISCUIT TIN, MINT,IVORY, VINTAGE",1,6.75,1,6.75
48173A,DOOR MAT BLUE FLOCK,1,6.75,1,6.75
37484,ENGLISH ROSE TEA FOR ONE GIFT BOX,1,6.75,1,6.75
23604,SET 10 MINI SANTA & SNOWMAN  17087,4,6.640000000000001,2,1.66
20678,LARGE BLACK DIAMANTE HAIRSLIDE,4,6.6,1,1.65
20858,SILVER PURSE GOLD PINK BUTTERFLY,4,6.6,1,1.65
20884,MODERN CHRISTMAS TREE CANDLE,3,6.300000000000001,3,2.1
79140,ASS WINDPROOF MARIJUANA LIGHTERS,15,6.3,2,0.42
47592B,SCOTTIE DOGS CHILDRENS OVERALL,3,6.3,1,2.1
82072,WHITE WOOD SINGLE P/FRAME,5,6.25,3,1.25
20673,STRAWBERRIES PRINT BOWL,5,6.25,2,1.25
37408,ASSORTED DESIGN GEISHA GIRL MUGS,5,6.25,1,1.25
23610,SET 10 CARDS CHRISTMAS ROBIN 17095,3,6.24,3,2.08
85123B,ZINC HANGING HEART T-LITE HLDR,1,6.04,1,6.04
72751C,"F.FAIRY S/3 SML CANDLE, ROSE",1,5.95,1,5.95
85077,KISSING REINDEER TABLE RUNNER,1,5.95,1,5.95
72751A,"F.FAIRY S/3 SML CANDLE,LILY/VALLEY",1,5.95,1,5.95
72751B,"F.FAIRY S/3 SML CANDLE, LAVENDER",1,5.95,1,5.95
37409,ASSORTED DESIGN FLOWER MUGS,7,5.949999999999999,3,0.85
35821P,"JEWELLED DECORATION,PINK",2,5.9,2,2.95
35823P,"ACRYLIC BEAD GARLAND,PINK",2,5.9,2,2.95
90014B,GOLD M.O.P. ORBIT NECKLACE,2,5.9,2,2.95
79303A,WHITE ROHMBIC BLOCK TABLE LAMP,2,5.9,1,2.95
22360,"GLASS JAR, ENGLISH CONFECTIONERY",2,5.9,1,2.95
18098A,PINK PORCELAIN B'FLY OIL BURNER,2,5.9,2,2.95
85186B,BUNNY BUNCH OF FLOWERS,14,5.88,2,0.42
35051B,PINK BEADED CONE CHRISTMAS,14,5.88,2,0.42
84228,HEN HOUSE WITH CHICK STANDING,14,5.88,3,0.42
23638,SET 10 CARDS ROBIN WATERPUMP  17096,2,5.82,2,2.91
23617,SET 10 CARDS SWIRLY XMAS TREE 17104,2,5.82,1,2.91
23652,SET 10 CARD CHRISTMAS STAMPS 16963,2,5.82,1,2.91
23630,SET 10 CARDS HANGING BAUBLES 17080,2,5.48,2,2.74
35537,CANDLE RING W/CLEAR BEADS,13,5.46,3,0.42
21838,DADDY MOUSE RED GINGHAM BOW TIE,1,5.45,1,5.45
35751D,PINK CURRENT CANDLE RING,28,5.32,1,0.19
16215,FUNKY GIRLZ MAGNETIC TO DO LIST,8,5.2,3,0.65
21860,DR WHO TOP TRUMPS GAME,1,5.17,1,5.17
21854,EURO FOOTBALL STARS TOP TRUMPS GAME,1,5.17,1,5.17
71101A,ANGEL ON KNEES METAL POLE 100CM H,6,5.1,1,0.85
71434B,"BLACK RND BULLET""KEEP CLEAN"" BIN",2,5.1,2,2.55
90142B,IVORY PENDANT SHELL NECKLACE,1,5.09,1,5.09
90142C,ROSE PINK PENDANT SHELL NECKLACE,1,5.09,1,5.09
84942,KASHMIR FOLKART HEART DISHES,3,5.07,3,1.6900000000000002
DCGS0041,HAYNES MINI-COOPER PLAYING CARDS,1,5.06,1,5.06
72740B,LARGE WHITE CHOCOLATE CANDLE,1,5.06,1,5.06
20877,MODERN CHRISTMAS BAUBLE CANDLE,12,5.04,5,0.42000000000000004
23649,SET 10 CARDS DECK THE HALLS 16960,2,4.98,2,2.49
85232C,RUSSIAN FOLKART STACKING TINS,1,4.95,1,4.95
37451,CERAMIC CAKE TEAPOT WITH CHERRY,1,4.95,1,4.95
85043,RED HEART CANDY POP LIGHTS,1,4.95,1,4.95
90214U,"LETTER ""U"" BLING KEY RING",13,4.73,2,0.77
45014,FOLDING SHIRT TIDY,1,4.65,1,4.65
79151B,"SILICON CUBE 25W, BLUE",11,4.62,2,0.42
37326,FAIRY DESIGN MUGS,2,4.609999999999999,2,2.3049999999999997
35817P,PINK ACRYLIC JEWEL SNOWFLAKE,12,4.56,1,0.38
81950V,FLOWER PURPLE CLOCK WITH SUCKER,15,4.35,3,0.29
21409,SPOTTY COCKEREL DOORSTOP,1,4.25,1,4.25
79157V,UBO-LIGHT TRIOBASE PURPLE,5,4.25,3,0.85
79157B,UBO-LIGHT TRIOBASE BLUE,5,4.25,3,0.85
72752A,"F.FAIRY,CANDLE IN GLASS,LILY/VALLEY",1,4.25,1,4.25
84255A,PINK GLASS COCKTAIL LAMP,2,4.2,2,2.1
23391,I LOVE LONDON MINI RUCKSACK,1,4.15,1,4.15
72084B,CHOCOLATE ICE CREAM CANDLE,2,3.9,1,1.95
37432,MUG PINK AND PURPLE ARABIC DESIGN,6,3.9,1,0.65
16010,FOLDING CAMPING SCISSOR W/KNIF & S,32,3.84,4,0.12
35995,SET/6 BLACK GLITTER REINDEER CANDLE,5,3.7800000000000002,5,0.756
35974,S/6 CHRISTMAS TREE PLACE SETTING,1,3.75,1,3.75
40046C,PINK BUTTERFLY PAPER LAMPSHADE,3,3.75,3,1.25
90004A,JADE GREEN PAIR ENAMEL HAIR SLIDES,1,3.75,1,3.75
37438,FUNKY FLOWER COFFEE POT,1,3.75,1,3.75
84731,3 BIRDS CANVAS SCREEN,3,3.69,3,1.23
35818C,"ACRYLIC JEWEL ICICLE, CLEAR",1,3.43,1,3.43
21081,SET/20 POSIES PAPER NAPKINS,4,3.4,4,0.85
23643,SET 10 CARDS CHRISTMAS BAUBLE 16954,1,3.33,1,3.33
20683,RAIN GIRL CHILDS UMBRELLA,1,3.25,1,3.25
20885,BOX OF 3 PEBBLE CANDLES,1,2.95,1,2.95
79301,FEATHER HEART LIGHTS,1,2.95,1,2.95
23609,SET 10 CARDS SNOWY ROBIN 17099,1,2.91,1,2.91
23602,SET 10 CARDS 3 WISE MEN 17107,1,2.91,1,2.91
23628,SET 10 CARDS TRIANGLE ICONS  17220,1,2.91,1,2.91
DCGS0044,HANDZ-OFF CAR FRESHENER,1,2.57,1,2.57
21036,SET/2 TEA TOWELS MODERN VINTAGE,1,2.55,1,2.55
85171,S/2 HYACINTH BULB CANDLES,1,2.55,1,2.55
35999,S/6 SCANDINAVIAN HEART T-LIGHT,1,2.55,1,2.55
47569,ENGLISH ROSE DESIGN SHOPPING BAG,1,2.55,1,2.55
47556,SET/2 SPOTTY + ROSE TEA TOWELS,1,2.55,1,2.55
81953B,ROUND ARTICULATED BLUE CLOCK W/SUCK,3,2.55,3,0.85
20881,MODERN CHRISTMAS TREE CANDLE,3,2.55,2,0.85
47554,S/3 COLOURS FLOCK TEA TOWELS,1,2.55,1,2.55
90091,CRYSTAL DRAGONFLY PHONE CHARM,3,2.55,2,0.85
17028J,INCENSE BAZAAR PEACH,6,2.52,1,0.42
DCGS0062,ROAD-RAGE CAR FRESHENER,1,2.51,1,2.51
21008,ETCHED GLASS HEART TREE DECORATION,1,2.51,1,2.51
90127B,BLUE BEADS+HAND PHONE CHARM,2,2.5,2,1.25
21225,POCKET MIRROR BUTTERFLY,2,2.5,2,1.25
21290,LARGE SPOTTY CHOCOLATE GIFT BAG,2,2.5,1,1.25
81953B,ROUND BLUE CLOCK WITH SUCKER,11,2.09,3,0.19
17061,ASSORTED SHAPED STENCIL FOR HENNA,52,2.08,1,0.04
85192S,HANGING SPRING FLOWER HEART SMALL,3,1.9500000000000002,2,0.65
46138D,GREEN CHENILLE SHAGGY C/COVER,1,1.95,1,1.95
35945,GOLD CHRISTMAS STOCKING DECORATION,1,1.95,1,1.95
22631,CIRCUS PARADE LUNCHBOX,1,1.95,1,1.95
84814A,HEXAGONAL CRYSTAL PERFUME BOTTLE,1,1.95,1,1.95
22659,LUNCHBOX I LOVE LONDON,1,1.95,1,1.95
84201C,HAPPY BIRTHDAY CARD TEDDY/CAKE,10,1.9,3,0.19000000000000003
84206C,CHAMPAGNE TRAY BLANK CARD,10,1.9,4,0.19
20737,RED MINI TAPE MEASURE,1,1.7,1,1.7
30086C,ASSORTED FRUIT STRAWS,1,1.7,1,1.7
35837,SET OF SIX SILVER+RED FLOCK BAUBLES,2,1.7,1,0.85
72754D,F FAIRY POTPOURRI CUSHIONS SUMMER,1,1.69,1,1.69
10109,BENDY COLOUR PENCILS,4,1.68,1,0.42
21585,SWALLOW SMALL TUBE MATCHES,1,1.65,1,1.65
72796C,S/3 ROSE GARDEN SCENT SQU CANDLE,1,1.65,1,1.65
85024A,CRYSTAL SMALL JEWELLED PHOTOFRAME,1,1.65,1,1.65
23664,FLOWER SHOP DESIGN MUG,1,1.65,1,1.65
35980B,RED TOP SCANDINAVIAN HEART,4,1.52,2,0.38
35976B,WHITE SCANDINAVIAN HEART CHRISTMAS,1,1.25,1,1.25
35950,FOLKART HEART CHRISTMAS DECORATIONS,1,1.25,1,1.25
84845A,HOLLYHOCK SQUARE HANDY TIN,1,1.25,1,1.25
23370,SET 36 COLOURING PENCILS DOILEY,1,1.25,1,1.25
84206B,CAT WITH SUNGLASSES BLANK CARD,5,0.95,1,0.19
20721,OWLS CHARLOTTE BAG,1,0.85,1,0.85
84206B,CAT W SUNGLASSES BLANK CARD,4,0.76,1,0.19
23366,SET 12 COLOURING PENCILS DOILEY,1,0.65,1,0.65
84205C,HAPPY BIRTHDAY GINGER CAT CARD,2,0.38,1,0.19
35930,PINK HEART CHRISTMAS DECORATION,1,0.38,1,0.38
PADS,PADS TO MATCH ALL CUSHIONS,17,0.0,17,0.001
